$MeshFormat
2.2 0 8
$EndMeshFormat
$PhysicalNames
3
2 1 "carpet"
2 2 "ceiling"
3 3 "air"
$EndPhysicalNames
$Nodes
1258
1 0 5.98 0
2 0 0 0
3 0 0 4.06
4 0 5.98 4.06
5 -3.706297 2.72 0
6 -3.926297 2.72 0
7 -3.926297 2.72 4.06
8 -3.706297 2.72 4.06
9 -6.68 5.98 0
10 -6.68 5.98 4.06
11 -3.706297 0 0
12 -6.68 0 0
13 -3.926297 0 0
14 -3.926297 0 4.06
15 -3.706297 0 4.06
16 -6.68 0 4.06
17 0 5.481666666667954 0
18 0 4.983333333335503 0
19 0 4.485000000003688 0
20 0 3.986666666671931 0
21 0 3.488333333340144 0
22 0 2.990000000008155 0
23 0 2.49166666667365 0
24 0 1.993333333338827 0
25 0 1.495000000003948 0
26 0 0.9966666666691255 0
27 0 0.4983333333348225 0
28 0 0 0.4511111111103151
29 0 0 0.9022222222202255
30 0 0 1.353333333330135
31 0 0 1.804444444440026
32 0 0 2.255555555551371
33 0 0 2.706666666663261
34 0 0 3.157777777775209
35 0 0 3.608888888888167
36 0 0.4983333333323828 4.06
37 0 0.9966666666645888 4.06
38 0 1.494999999996455 4.06
39 0 1.993333333328322 4.06
40 0 2.491666666660102 4.06
41 0 2.989999999992056 4.06
42 0 3.488333333326526 4.06
43 0 3.986666666661313 4.06
44 0 4.484999999996158 4.06
45 0 4.983333333330945 4.06
46 0 5.481666666665213 4.06
47 0 5.98 0.4511111111103151
48 0 5.98 0.9022222222202255
49 0 5.98 1.353333333330135
50 0 5.98 1.804444444440026
51 0 5.98 2.255555555551371
52 0 5.98 2.706666666663261
53 0 5.98 3.157777777775209
54 0 5.98 3.608888888888167
55 -3.926297 2.72 0.4511111111103151
56 -3.926297 2.72 0.9022222222202255
57 -3.926297 2.72 1.353333333330135
58 -3.926297 2.72 1.804444444440026
59 -3.926297 2.72 2.255555555551371
60 -3.926297 2.72 2.706666666663261
61 -3.926297 2.72 3.157777777775209
62 -3.926297 2.72 3.608888888888167
63 -3.706297 2.72 0.4511111111103151
64 -3.706297 2.72 0.9022222222202255
65 -3.706297 2.72 1.353333333330135
66 -3.706297 2.72 1.804444444440026
67 -3.706297 2.72 2.255555555551371
68 -3.706297 2.72 2.706666666663261
69 -3.706297 2.72 3.157777777775209
70 -3.706297 2.72 3.608888888888167
71 -0.4771428571417488 5.98 0
72 -0.9542857142837363 5.98 0
73 -1.431428571425097 5.98 0
74 -1.908571428566465 5.98 0
75 -2.385714285707932 5.98 0
76 -2.862857142849325 5.98 0
77 -3.339999999990916 5.98 0
78 -3.817142857135059 5.98 0
79 -4.294285714279114 5.98 0
80 -4.771428571423256 5.98 0
81 -5.248571428567574 5.98 0
82 -5.725714285711715 5.98 0
83 -6.202857142855857 5.98 0
84 -0.4771428571417488 5.98 4.06
85 -0.9542857142837363 5.98 4.06
86 -1.431428571425097 5.98 4.06
87 -1.908571428566465 5.98 4.06
88 -2.385714285707932 5.98 4.06
89 -2.862857142849325 5.98 4.06
90 -3.339999999990916 5.98 4.06
91 -3.817142857135059 5.98 4.06
92 -4.294285714279114 5.98 4.06
93 -4.771428571423256 5.98 4.06
94 -5.248571428567574 5.98 4.06
95 -5.725714285711715 5.98 4.06
96 -6.202857142855857 5.98 4.06
97 -6.68 5.98 0.4511111111103151
98 -6.68 5.98 0.9022222222202255
99 -6.68 5.98 1.353333333330135
100 -6.68 5.98 1.804444444440026
101 -6.68 5.98 2.255555555551371
102 -6.68 5.98 2.706666666663261
103 -6.68 5.98 3.157777777775209
104 -6.68 5.98 3.608888888888167
105 -0.4632871249991792 0 0
106 -0.9265742499977699 0 0
107 -1.389861374996393 0 0
108 -1.853148499995058 0 0
109 -2.316435624996283 0 0
110 -2.779722749997551 0 0
111 -3.243009874998819 0 0
112 -6.68 5.481666666667954 0
113 -6.68 4.983333333335503 0
114 -6.68 4.485000000003688 0
115 -6.68 3.986666666671931 0
116 -6.68 3.488333333340144 0
117 -6.68 2.990000000008155 0
118 -6.68 2.49166666667365 0
119 -6.68 1.993333333338827 0
120 -6.68 1.495000000003948 0
121 -6.68 0.9966666666691255 0
122 -6.68 0.4983333333348225 0
123 -6.221049500000839 0 0
124 -5.762099000002024 0 0
125 -5.303148500003383 0 0
126 -4.844198000002429 0 0
127 -4.385247500001185 0 0
128 -3.926297 2.266666666667389 0
129 -3.926297 1.813333333335472 0
130 -3.926297 1.360000000003426 0
131 -3.926297 0.9066666666689214 0
132 -3.926297 0.4533333333345761 0
133 -3.706297 2.266666666667389 0
134 -3.706297 1.813333333335472 0
135 -3.706297 1.360000000003426 0
136 -3.706297 0.9066666666689214 0
137 -3.706297 0.4533333333345761 0
138 -3.926297 0 0.4511111111103151
139 -3.926297 0 0.9022222222202255
140 -3.926297 0 1.353333333330135
141 -3.926297 0 1.804444444440026
142 -3.926297 0 2.255555555551371
143 -3.926297 0 2.706666666663261
144 -3.926297 0 3.157777777775209
145 -3.926297 0 3.608888888888167
146 -3.926297 2.266666666667389 4.06
147 -3.926297 1.813333333335472 4.06
148 -3.926297 1.360000000003426 4.06
149 -3.926297 0.9066666666689214 4.06
150 -3.926297 0.4533333333345761 4.06
151 -0.4632871249991792 0 4.06
152 -0.9265742499977699 0 4.06
153 -1.389861374996393 0 4.06
154 -1.853148499995058 0 4.06
155 -2.316435624996283 0 4.06
156 -2.779722749997551 0 4.06
157 -3.243009874998819 0 4.06
158 -3.706297 2.266666666667389 4.06
159 -3.706297 1.813333333335472 4.06
160 -3.706297 1.360000000003426 4.06
161 -3.706297 0.9066666666689214 4.06
162 -3.706297 0.4533333333345761 4.06
163 -4.385247499999045 0 4.06
164 -4.844197999997919 0 4.06
165 -5.303148499996617 0 4.06
166 -5.76209899999763 0 4.06
167 -6.22104949999893 0 4.06
168 -6.68 5.481666666667954 4.06
169 -6.68 4.983333333335503 4.06
170 -6.68 4.485000000003688 4.06
171 -6.68 3.986666666671931 4.06
172 -6.68 3.488333333340144 4.06
173 -6.68 2.990000000008155 4.06
174 -6.68 2.49166666667365 4.06
175 -6.68 1.993333333338827 4.06
176 -6.68 1.495000000003948 4.06
177 -6.68 0.9966666666691255 4.06
178 -6.68 0.4983333333348225 4.06
179 -3.706297 0 0.4511111111103151
180 -3.706297 0 0.9022222222202255
181 -3.706297 0 1.353333333330135
182 -3.706297 0 1.804444444440026
183 -3.706297 0 2.255555555551371
184 -3.706297 0 2.706666666663261
185 -3.706297 0 3.157777777775209
186 -3.706297 0 3.608888888888167
187 -6.68 0 0.4511111111103151
188 -6.68 0 0.9022222222202255
189 -6.68 0 1.353333333330135
190 -6.68 0 1.804444444440026
191 -6.68 0 2.255555555551371
192 -6.68 0 2.706666666663261
193 -6.68 0 3.157777777775209
194 -6.68 0 3.608888888888167
195 0 5.5943344884246 2.036857136715964
196 0 0.3906736821512196 2.029999999995698
197 0 2.743530040090673 3.62737669566665
198 0 3.733820574328427 0.4093533166203955
199 0 2.260030592779168 0.4004794104684518
200 0 4.237982321422497 3.631716446589957
201 0 1.736525664538745 3.627714740984269
202 0 4.716634561840801 0.3999430528626673
203 0 1.245985588913699 0.419498257293169
204 0 5.589326317847654 2.932222222219235
205 0 0.3906736821523464 2.932222222219235
206 0 5.59682959535186 1.111253933412607
207 0 0.3905771311817737 1.16755926466546
208 0 5.249955557546631 3.606621422098734
209 0 0.7282269146209762 3.606852758033788
210 0 4.736963069700075 3.628826526770679
211 0 4.487365230601292 3.206797787451058
212 0 3.996244590217057 3.205193907201127
213 0 4.243497312845509 2.782620705288068
214 0 3.756309470217942 2.779478971121788
215 0 4.003731440838518 2.357353024395031
216 0 3.515526209543105 2.354748720629052
217 0 3.763284602884768 1.934361684925626
218 0 3.273438825747862 1.929841421565297
219 0 3.025163045133715 2.352139873524358
220 0 2.781878761980968 1.925671262740567
221 0 2.532653152405339 2.349597314896257
222 0 2.289331210320914 1.922413580020305
223 0 2.039524858966735 2.344515761037428
224 0 1.799568164683283 1.919560694624891
225 0 4.250011779202796 1.936956573941348
226 0 3.031748841196299 1.511817366556139
227 0 1.551897003689485 2.337469187151672
228 0 4.010317967108886 1.516062715289989
229 0 4.494484491723702 1.520736504138074
230 0 2.047256301752697 1.497630051208244
231 0 1.559836841601008 1.494935991000062
232 0 2.271612092202203 2.769592527843083
233 0 4.725019591566157 2.782029428410961
234 0 4.725253854224984 1.937852336879456
235 0 4.257994109815463 1.100212957774552
236 0 3.505947343077254 3.201493178720591
237 0 1.784647819018138 1.099803086886591
238 0 4.993167271168844 1.553781118858754
239 0 3.753748527736426 1.15288583346212
240 0 2.29071237042398 1.138500942450494
241 0 1.294188419400215 1.101718669152096
242 0 1.096855332350985 1.484636687860981
243 0 4.488140551734757 2.359107130021655
244 0 4.932082187177267 2.336827869456564
245 0 4.950181680358618 3.192919434042282
246 0 1.320328894676236 1.911413158615465
247 0 1.091368989457587 2.316145079937404
248 0 1.305722950405839 2.750040586582599
249 0 1.239209518379589 3.629008649069549
250 0 1.039294980054437 3.184183128257433
251 0 1.50387204155397 3.196182213489908
252 0 2.009401994037427 3.192391909005544
253 0 0.7952346534533892 2.726196953920347
254 0 4.240663048800833 0.3918477383695258
255 0 2.250139925876291 3.626828466000151
256 0 4.791044724001147 1.124201471198774
257 0 1.745670310238692 0.4051997803577453
258 0 0.7424943133780433 0.3565442062633647
259 0 5.221463238764125 0.4342147197944286
260 0 3.229671304207791 0.4211416680597833
261 0 2.759854410811132 0.414923642812781
262 0 3.007958834470385 0.8241003204480147
263 0 2.775529859364469 2.774029628241871
264 0 3.249218154661876 3.629201754748076
265 0 0.815004149785711 1.856126601973112
266 0 3.743435827603019 3.631857725447436
267 0 2.537855321279416 1.531770050004342
268 0 5.604890956078071 2.492656593195885
269 0 0.3790916686556128 2.48436615898348
270 0 3.520898916752646 1.5258028690312
271 0 3.270639334338073 2.7750757188012
272 0 5.507591561676201 1.577262438808825
273 0 0.3855692394425551 1.604618414561769
274 0 1.78033849014261 2.765032030851705
275 0 0.8129823406940627 1.094950132531774
276 0 3.011874431355804 3.200110737753805
277 0 2.514929142711049 3.196988076825924
278 0 0.443629418773873 0.7051177466403719
279 0 5.628672086442688 3.368268071242132
280 0 0.3507595913735505 3.36830029002118
281 0 5.602452359448614 0.6852414358308417
282 0 5.210578369490368 0.8963056909585749
283 0 5.205761946913892 2.736624302846249
284 0 5.170712230666949 1.925761070696867
285 0 3.504761617808772 0.7955074815569219
286 0 4.502191978721274 0.7702434928261224
287 0 3.998863309535198 0.7700084701016063
288 0 0.6979679941767218 2.255555555550971
289 0 2.516348997304207 0.7841674915472187
290 0 3.267553529994361 1.167450161350783
291 0 5.240415381446576 1.263826761502456
292 0 2.78067308508487 1.176754082599214
293 0 0.9971492280395202 0.7228726638806524
294 0 2.004592694710924 0.7460690113554289
295 0 1.495000000004 0.7269188941625362
296 0 0.7085059659623363 1.429171015084774
297 0 5.311365596414049 2.255555555551019
298 0 5.658694428466767 3.740522368725189
299 0 0.3209647358161852 3.740560019398506
300 0 0.3348676036558359 0.3202276497410963
301 0 5.648137975746915 0.3178934635385993
302 0 5.327467298955432 3.1641590170478
303 0 0.6559901266707833 3.163830216595088
304 0 4.865851031609226 0.7568195366760455
305 -3.816297 2.72 1.12777777777518
306 -3.816297 2.72 0.2255555555551575
307 -3.816297 2.72 0.6766666666652703
308 -3.816297 2.72 2.481111111107317
309 -3.816297 2.72 2.029999999995698
310 -3.816297 2.72 1.578888888885081
311 -3.816297 2.72 3.383333333331688
312 -3.816297 2.72 2.932222222219235
313 -3.816297 2.72 3.834444444444082
314 -0.3816459778899027 5.98 2.01332266207974
315 -6.298769320549494 5.98 2.048278463540496
316 -2.624838302807444 5.98 0.4139229854204275
317 -4.048914080681204 5.98 0.4092077065276977
318 -3.096093608584059 5.98 3.643796386079206
319 -4.525771770436237 5.98 3.644520804986134
320 -1.667421827982408 5.98 3.648301935599997
321 -5.00203855214848 5.98 0.3999381664998062
322 -1.667451874261972 5.98 0.4129761576383791
323 -5.480600800030185 5.98 3.634431191561513
324 -0.3800598380078788 5.98 2.938445345073996
325 -6.289326317849402 5.98 1.12777777777518
326 -0.3595120670185994 5.98 1.125966922784443
327 -6.289326317847653 5.98 2.932222222219235
328 -0.7007684492779312 5.98 3.613842300618764
329 -0.7007675299097544 5.98 0.4462135685165037
330 -5.978167085108065 5.98 0.44433873851148
331 -1.189460189102172 5.98 3.643511646382922
332 -1.428582714619897 5.98 3.23865345233792
333 -1.901298619017323 5.98 3.236510463088844
334 -1.661356072965312 5.98 2.828789817795714
335 -2.133192349774616 5.98 2.824807635585018
336 -1.893372514869616 5.98 2.418153066206651
337 -2.365617553980118 5.98 2.41377689410126
338 -2.125443306463166 5.98 2.011045321290253
339 -2.598385504432444 5.98 2.002915454902681
340 -2.838856371441937 5.98 2.410048937974775
341 -3.072257909015056 5.98 1.99782730503522
342 -3.31298347740414 5.98 2.406441700362538
343 -3.546765595615695 5.98 1.993253755360777
344 -3.787809412359386 5.98 2.402285915350683
345 -4.021594766248691 5.98 1.989496499391716
346 -4.2625180743544 5.98 2.397630781900134
347 -4.496219525612621 5.98 1.985425957996645
348 -4.736450687543749 5.98 2.392587470766443
349 -4.968671871728093 5.98 1.98111708633584
350 -3.305544871807605 5.98 1.58799005563541
351 -1.653567658787434 5.98 2.017905684878094
352 -5.207561694702918 5.98 2.387692240303837
353 -2.357291512563932 5.98 1.601027856507867
354 -4.728966621338217 5.98 1.574921877293901
355 -5.20062234372773 5.98 1.570435127567944
356 -4.029049740461232 5.98 2.815355249725546
357 -4.976429754662702 5.98 2.797934809519966
358 -5.441138547508481 5.98 2.78993859750075
359 -1.200552806283803 5.98 2.825674007192806
360 -2.374602041668561 5.98 3.23164937191066
361 -3.078911799181019 5.98 2.81719583481336
362 -4.970639081233479 5.98 1.174890907659965
363 -5.435392545965486 5.98 1.168153184326503
364 -4.49769117623953 5.98 1.18763554193192
365 -5.677933915203387 5.98 1.572171233744242
366 -5.641326287721012 5.98 2.356085417565623
367 -5.217079913183491 5.98 3.201383628188387
368 -5.669858959260744 5.98 3.19366096174195
369 -5.970395612577261 5.98 3.606912556786787
370 -4.750702601252163 5.98 3.221206052570647
371 -5.002161319628797 5.98 3.635379354954452
372 -4.274673898086213 5.98 3.227263279118152
373 -5.439182763667755 5.98 1.974906368773778
374 -5.487025495012586 5.98 0.4080385980864001
375 -1.189470932152951 5.98 0.4169018786271839
376 -1.428086159750737 5.98 0.8226429842089225
377 -1.899919196373349 5.98 0.8230298285715842
378 -1.656454798092784 5.98 1.22730562713944
379 -1.206295283401486 5.98 1.234347342648195
380 -0.9867027313191429 5.98 0.8607993666011257
381 -0.9878640004649406 5.98 3.214763890941855
382 -1.422440895111035 5.98 2.422479978640369
383 -1.144330238548958 5.98 2.00293372067939
384 -0.9437379626034011 5.98 2.447657900646415
385 -2.145829754288187 5.98 0.4130387167169376
386 -2.372647790080378 5.98 0.8195401582616038
387 -2.849302627944841 5.98 0.8181468272699647
388 -4.515467905301673 5.98 0.4025013344718731
389 -2.142911225226862 5.98 3.645464396815824
390 -2.617509817975622 5.98 3.644173279241182
391 -3.553947491045898 5.98 2.815580713792792
392 -3.799941839716195 5.98 3.23117184468928
393 -3.577858201145111 5.98 0.4122967990276143
394 -3.802482083985602 5.98 0.8095165916265841
395 -3.78733132208885 5.98 1.592669080465026
396 -3.322624744818881 5.98 0.814077287068067
397 -3.572042644537885 5.98 3.646611940578253
398 -2.83113131856905 5.98 1.593888391034141
399 -3.096246836592753 5.98 0.4097406497976789
400 -4.504970792726743 5.98 2.808662940600148
401 -0.4585534188608265 5.98 2.47362810232477
402 -6.306702035510542 5.98 2.496899155011328
403 -4.264448672278229 5.98 1.586962462098671
404 -0.3823071755465398 5.98 1.57580752340072
405 -6.189872724801747 5.98 1.578092726534603
406 -2.605213434318039 5.98 2.820201707727606
407 -3.320729631402407 5.98 3.227546917756477
408 -0.742907604278968 5.98 1.778275707250023
409 -2.848843388854951 5.98 3.230760582921415
410 -5.672386780801141 5.98 0.8131240798088528
411 -4.047309787365116 5.98 3.644927978228636
412 -1.433779276656687 5.98 1.61278172166446
413 -1.889322145994242 5.98 1.615413828830042
414 -0.7660039920811059 5.98 1.290759918702238
415 -0.3399524598750832 5.98 3.370634372155303
416 -6.3376927776629 5.98 0.6900816658099257
417 -0.3365202124108047 5.98 0.6901106462074504
418 -2.122494492092477 5.98 1.219094002989409
419 -5.904977427147264 5.98 2.752457384082988
420 -5.867958145780812 5.98 1.945303276721769
421 -2.596943090968407 5.98 1.213964046054297
422 -3.071178579510246 5.98 1.209985352726279
423 -3.557341704058776 5.98 1.200977363839031
424 -4.02695097323579 5.98 1.196802728710432
425 -4.269205975326336 5.98 0.8014117841284804
426 -6.32619862877864 5.98 3.383333333331688
427 -4.750590728440749 5.98 0.7896673252541726
428 -5.219678863933654 5.98 0.7923020436059499
429 -0.7732320668190515 5.98 2.822004658362982
430 -5.871347153198531 5.98 1.192783752613292
431 -1.058162526864694 5.98 1.579518480407857
432 -0.7342350404364113 5.98 2.143163618596068
433 -0.3212901711728577 5.98 3.738563480138783
434 -0.3210399403533237 5.98 0.3214948935842868
435 -6.358460613953252 5.98 0.3213561318928757
436 -6.37189027684235 5.98 3.743826955801328
437 -6.008668348300462 5.98 2.268235817044933
438 -6.038103256070483 5.98 3.179818818793183
439 -6.039740830028935 5.98 0.8720502553127025
440 -0.627437230887069 5.98 3.168644880914916
441 -0.6273924364601795 5.98 0.8913570922758133
442 -3.812477623828666 2.924069070392961 -0
443 -2.153783689822238 5.616267438597768 -0
444 -3.411848362714061 2.493333333333695 -0
445 -6.254274928548567 4.275021610978819 -0
446 -4.523217903981458 5.572449668913032 -0
447 -0.3761949204447537 3.272742292251556 -0
448 -2.080759251168855 0.3032372644357132 -0
449 -4.239197675449847 2.505024291467822 -0
450 -0.3574885564756159 1.754227696127262 -0
451 -6.270242926073196 1.766738779607282 -0
452 -6.214367043802747 2.777908167306975 -0
453 -3.300712820037952 1.558781843644002 -0
454 -3.38387249368495 2.819872406459017 -0
455 -3.11096193919477 2.643866450845399 -0
456 -3.098608576955865 2.998095132301907 -0
457 -2.795250909345926 2.819153977922458 -0
458 -2.800206622345316 3.186174195839975 -0
459 -3.113794511803589 3.360865590336929 -0
460 -2.816025219363061 3.555216491247033 -0
461 -3.14479657759463 3.730745981734582 -0
462 -2.470444535622406 3.007777276594221 -0
463 -2.467993825701653 2.624182349527982 -0
464 -4.062223905962457 2.921538174992226 -0
465 -0.4179425228492785 4.234698385664915 -0
466 -3.599575993317001 5.564414435252417 -0
467 -2.830598437578003 3.937750426699635 -0
468 -3.931718350192395 3.157673782001138 -0
469 -4.21650537513356 3.151385747334278 -0
470 -4.0683756854382 3.414880186484414 -0
471 -4.385377917496198 3.412440200768377 -0
472 -4.233554373516149 3.693613091468818 -0
473 -4.565387259364937 3.69622028707437 -0
474 -4.307085906239618 1.533769092620715 -0
475 -4.724179492145937 3.390333860213274 -0
476 -2.129123353129788 2.819023998835168 -0
477 -2.127292645350622 2.416781757898717 -0
478 -2.137692106785958 3.21688557812012 -0
479 -4.404422824579773 3.99732549514077 -0
480 -4.757495329832885 3.999567023640415 -0
481 -3.167963126172596 4.119065268972889 -0
482 -1.770801006913519 2.621991560576697 -0
483 -1.768631771052259 2.20443389673226 -0
484 -5.477303566725744 5.473925625118913 -0
485 -5.484737247520493 0.3721904750327852 -0
486 -1.158217812497081 0.40121841949505 -0
487 -1.206239560024717 5.583192012967413 -0
488 -2.847459197552017 4.332786631917604 -0
489 -2.479501447978483 4.159704604387356 -0
490 -2.135835367446639 1.997029975710839 -0
491 -1.770540365001064 1.776372436285332 -0
492 -4.572445575821744 4.321572640048357 -0
493 -4.956410534843772 4.3211472319352 -0
494 -5.142065456497172 3.981128022380654 -0
495 -4.179270387756572 4.325673299648754 -0
496 -2.13967112144421 1.580641332708764 -0
497 -1.398230640146309 2.416083126023262 -0
498 -3.186240322772117 4.510670260897875 -0
499 -1.40452099633628 2.846840789851006 -0
500 -2.845401840037786 4.738738729835739 -0
501 -1.764778895850165 1.354704573611817 -0
502 -5.35834195788527 4.318649525149295 -0
503 -4.760981156894523 4.634025973302893 -0
504 -2.992106415425372 0.3883933019153494 -0
505 -4.589971898846729 0.3588717641734134 -0
506 -3.854199408210446 3.713932463346716 -0
507 -1.390086159167663 1.553491217530152 -0
508 -1.022187079799407 2.637775469431897 -0
509 -5.549641022568355 3.955586871056116 -0
510 -5.326573469005162 3.61007361540528 -0
511 -5.741607172947901 3.587930532056944 -0
512 -5.514436249167358 3.225932836910766 -0
513 -3.102912278747037 2.25564361486337 -0
514 -2.499189747867235 1.797227442057553 -0
515 -2.531616087209526 1.358975517208115 -0
516 -3.664739889662849 3.135660725514742 -0
517 -6.259964243442835 5.165302388854053 -0
518 -0.4315693262180305 5.232500000001729 -0
519 -0.431569326220085 0.747500000001974 -0
520 -6.286575391592732 0.7411387354212162 -0
521 -3.516882711910438 4.300811327431886 -0
522 -3.570527089359501 4.742864660707953 -0
523 -1.389132343831439 1.118707173392505 -0
524 -1.020890038099766 2.211024570095656 -0
525 -1.031939433598711 1.30905344071714 -0
526 -4.34837895945338 2.835566127128443 -0
527 -1.051430608709634 3.083038472589962 -0
528 -1.423010804904689 3.29379716202417 -0
529 -1.062613637153324 3.533293361023122 -0
530 -1.440197150614509 3.752485780600074 -0
531 -1.074432947606177 3.987526342359107 -0
532 -1.45468666159935 4.20573001561625 -0
533 -1.085970753525142 4.444076689307098 -0
534 -1.468453776754643 4.660645925831401 -0
535 -1.831631513066353 4.420649781087926 -0
536 -1.865106095852582 4.860855779161311 -0
537 -1.060185445509228 4.867211876947783 -0
538 -2.244011577916221 4.610325535371391 -0
539 -0.6624523685506067 2.44792605673255 -0
540 -1.723225978838025 0.9200060248065479 -0
541 -3.478833744504202 3.502267998122551 -0
542 -5.941039822294262 3.211333769926709 -0
543 -5.71879057681995 2.841644016205342 -0
544 -5.285899069267305 2.867670011506351 -0
545 -5.459787651465913 2.504325072784956 -0
546 -5.051641705484912 2.524842881998678 -0
547 -5.22517076682176 2.15666874000161 -0
548 -4.828007422010145 2.20285906851977 -0
549 -5.00580098533946 1.792729321442442 -0
550 -5.487219442211078 1.785701452603218 -0
551 -5.208554286242883 1.391062157863751 -0
552 -5.684603643592884 1.333350067584945 -0
553 -4.90868604822931 2.863113316900362 -0
554 -5.407171839906031 0.9947067203042466 -0
555 -4.951272946928233 1.031688699814 -0
556 -4.263705372789554 2.076549443871443 -0
557 -2.199218906204573 5.011456488799197 -0
558 -0.6632861605943149 3.764221834359727 -0
559 -5.064111325745935 3.254184583322434 -0
560 -0.724062234833459 4.588074659643878 -0
561 -5.774579676523124 4.310350974653232 -0
562 -5.594253436434102 4.674733475451298 -0
563 -6.010635052443285 4.706357036923563 -0
564 -4.06277683114339 5.577165118054486 -0
565 -4.292078756720117 5.209485543305613 -0
566 -4.739100449723968 5.186494509547229 -0
567 -4.990340984041822 5.557799693688015 -0
568 -5.182423983828935 5.15392835854891 -0
569 -3.831321661777404 5.174842372746315 -0
570 -4.091604283304627 4.789475123283736 -0
571 -3.362007874836111 5.173896485272087 -0
572 -3.117652995940924 5.554420340748796 -0
573 -2.629098438757302 5.610750893161169 -0
574 -6.265248483803978 2.24746591773361 -0
575 -4.633562335898344 2.591340293614798 -0
576 -6.161806505792715 3.555746937661667 -0
577 -0.9679936084848343 0.8107889406416953 -0
578 -6.193598380836155 1.274744875572257 -0
579 -1.812238992171077 3.971200641457362 -0
580 -1.800413876523387 3.499033478772271 -0
581 -2.197237970255367 3.737480410555408 -0
582 -1.6819905687948 5.589462599023154 -0
583 -2.472433182835357 0.4466027189859044 -0
584 -2.779736747771983 0.794617492385815 -0
585 -3.277232386301011 0.745424693328505 -0
586 -2.964128614880223 1.177554165439052 -0
587 -2.302093015780318 0.9213431518940131 -0
588 -5.793513717751026 5.099819350708747 -0
589 -0.3833983115309403 1.25568188358143 -0
590 -4.753746878295483 1.426775384984671 -0
591 -4.527562636545532 1.0922274176263 -0
592 -1.665276094849597 0.4368489083015028 -0
593 -1.450099313266176 5.154974414255034 -0
594 -5.013472301818039 0.3685525533114498 -0
595 -5.89824229575412 2.011662985515443 -0
596 -3.501446038613887 3.906526215071238 -0
597 -3.836163878525249 4.11447193894076 -0
598 -2.480310088042867 2.222278616196437 -0
599 -2.871935381644893 5.182846915095122 -0
600 -1.398317444902331 1.989547797249644 -0
601 -2.49362561222206 3.409163918616489 -0
602 -2.797173847021536 2.433763751369745 -0
603 -1.777593690765603 3.049595428029905 -0
604 -5.854702639646565 2.426712411639667 -0
605 -5.963990305064764 5.553001556545823 -0
606 -5.852803384606524 0.9596094275492383 -0
607 -5.939789308652575 0.4475613677876745 -0
608 -0.7079262885363657 0.3837316030987944 -0
609 -0.7301795575887527 5.610311679748784 -0
610 -5.184692273802366 4.716945117942257 -0
611 -2.875851629404241 1.60199892036587 -0
612 -2.803998183339918 2.025008245292046 -0
613 -4.51006441930876 3.133632714692155 -0
614 -4.92996872209867 3.655251232006071 -0
615 -5.962583806560031 3.937254379639371 -0
616 -0.695348983526991 2.916433992763949 -0
617 -1.039292632836857 1.776506815421159 -0
618 -4.294647735400934 0.7065785157563942 -0
619 -3.838889670171278 4.454659270002618 -0
620 -3.382769828409274 2.037815986457205 -0
621 -4.60225628001982 1.894110266585446 -0
622 -3.778260831754965 3.406303458947284 -0
623 -4.423301937884959 4.603175553833927 -0
624 -3.376359963144783 3.141587623397291 -0
625 -1.956465908690058 5.265764462466977 -0
626 -6.343622613490421 3.211185848319191 -0
627 -1.39554127174463 0.7148528271027683 -0
628 -3.390933564243837 1.149685473816781 -0
629 -2.563397737479395 3.759863170301184 -0
630 -2.1129243002775 4.179872194571888 -0
631 -3.167222501730082 4.869803410361755 -0
632 -3.594627322122833 2.923717421409471 -0
633 -2.600492611675923 4.561969992216845 -0
634 -4.14402438521642 2.745532148397123 -0
635 -0.6880480042765285 1.989184039563894 -0
636 -2.554891990329525 4.939139779202312 -0
637 -2.100730168169826 1.196555134087555 -0
638 -0.9564287617682887 5.26721609092843 -0
639 -4.728072289251029 0.7310961298934027 -0
640 -6.388568341322252 4.734166666669594 -0
641 -4.103384023856061 3.965356903003793 -0
642 -3.365511330895356 0.3382051948695515 -0
643 -6.324588873901412 5.618961974593229 -0
644 -0.3413127700213585 5.638315900456643 -0
645 -0.3276557703717712 2.724744417068329 -0
646 -0.3341270212591236 2.221390956824613 -0
647 -5.906781337693486 1.634439632176629 -0
648 -4.247873249705594 0.3218660211069614 -0
649 -0.3803935722183213 4.758314272206207 -0
650 -0.3205565479511259 0.3259129872871183 -0
651 -6.361482840049229 0.3374066873087427 -0
652 -0.2755963671361725 3.737500000006036 -0
653 -5.180653138715233 0.7175180905610532 -0
654 -5.576606598531225 2.177175679904398 -0
655 -4.52442752405139 4.924894518182189 -0
656 -0.7931389238816744 4.203719582266944 -0
657 -6.301985619463678 3.898443762687648 -0
658 -4.484861881663479 2.292182035389053 -0
659 -4.934913296978107 4.917983086772598 -0
660 -4.620530974523946 2.894337929965395 -0
661 -0.7693902087722756 3.316288332236828 -0
662 -0.6957985537870118 1.514098769144429 -0
663 -3.074980454976766 1.853899880758426 -0
664 -4.172192638324361 1.133333333336174 -0
665 -0.6886628853916315 1.06498254933408 -0
666 -5.466140403751944 5.007081024286798 -0
667 -5.586006462487543 0.7047514039561293 -0
668 -0.7105278681094656 4.942663379945606 -0
669 -2.392622240848636 5.296904060623749 -0
670 -2.057419615273663 0.704098867085206 -0
671 -4.777791038614604 3.128536622577874 -0
672 -2.591481906803615 1.048573313674287 -0
673 -3.926297 2.320873263538283 1.576755006152047
674 -3.926297 0.4248771382355205 2.421865260155586
675 -3.926297 0.3965221066602188 1.577378549788441
676 -3.926297 2.303207238561181 2.420187259452993
677 -3.926297 1.137127337243228 3.597770471932492
678 -3.926297 1.1372011119853 0.3902299441817412
679 -3.926297 2.021741134088252 0.382325165207545
680 -3.926297 2.026646381635518 3.638193987806318
681 -3.926297 0.4103804129957122 0.7190110105973561
682 -3.926297 0.3886246706809987 3.373512251116266
683 -3.926297 1.584077267938766 0.3902459949295167
684 -3.926297 1.360091944045338 0.7836549389533711
685 -3.926297 0.9043478360716299 0.770836285741447
686 -3.926297 1.133350265540365 1.173637301131128
687 -3.926297 1.585730327410793 1.175461425328159
688 -3.926297 1.359747353465478 1.56676088813532
689 -3.926297 1.825208535437966 1.568679319186276
690 -3.926297 1.585652058205617 1.95831842630407
691 -3.926297 1.128673838625935 1.959130418828416
692 -3.926297 1.359964803375624 2.349206302485407
693 -3.926297 2.037381313350227 1.176421285725461
694 -3.926297 1.817463529184472 2.363881405979346
695 -3.926297 1.581896419863488 2.745559960910341
696 -3.926297 1.140227850087441 2.737089103856248
697 -3.926297 1.360768581786519 3.144444192255637
698 -3.926297 1.807967370429622 3.154946965782683
699 -3.926297 0.8564781911310615 3.158100178227105
700 -3.926297 0.6779310957052445 1.161832386838929
701 -3.926297 1.584697556522032 3.584622796876216
702 -3.926297 2.29226308136578 3.2756594938683
703 -3.926297 2.050782215105608 1.978319373500557
704 -3.926297 0.9080318063865918 1.567395976548438
705 -3.926297 0.6754003752401673 1.984168167725517
706 -3.926297 0.9030698496919592 2.352342451598551
707 -3.926297 1.808843161439153 0.782273107128137
708 -3.926297 2.301228521330188 0.7369983300866247
709 -3.926297 0.3906736821522096 2.932222222219013
710 -3.926297 0.693903668671445 0.3715187782976197
711 -3.926297 0.7026690199611452 3.680489781725945
712 -3.926297 2.029635503965495 2.807457399081427
713 -3.926297 0.7372226399481645 2.717966756166989
714 -3.926297 2.39440608866907 2.878917681389461
715 -3.926297 0.2969667230722351 1.142755500555017
716 -3.926297 2.419896619643739 1.149146035502899
717 -3.926297 2.425685429981826 2.029999999995699
718 -3.926297 0.2936827834670916 2.029999999995698
719 -3.926297 2.387762252414245 0.3316466910604359
720 -3.926297 2.387762252414499 3.728353308939415
721 -3.926297 0.3304558078777032 3.73014402667586
722 -3.926297 0.3304558078762763 0.3298559733222954
723 -3.820149763839082 2.925087761625953 4.06
724 -2.153347262267122 5.617614863147789 4.06
725 -3.411848362714061 2.493333333333695 4.06
726 -6.228041239797117 4.255846631270098 4.06
727 -4.572112805668086 5.619355245246088 4.06
728 -0.4354103968104043 3.266047905780428 4.06
729 -2.090902233246947 0.3994242496652759 4.06
730 -4.22074563728594 2.493333333333695 4.06
731 -0.4171422340726511 1.742600481576633 4.06
732 -6.271376529274087 1.751830636497241 4.06
733 -6.248430673780829 2.740833333340903 4.06
734 -3.313382644739778 1.595988695848661 4.06
735 -3.568415980401613 2.922376800885738 4.06
736 -3.696069185901949 3.155809712441761 4.06
737 -3.412072451937664 3.150324486149544 4.06
738 -3.96783982117286 3.135851890458729 4.06
739 -3.56414565299989 3.412027537295456 4.06
740 -3.246230846892692 3.410710018035734 4.06
741 -3.414561874909274 3.692035197569196 4.06
742 -3.075235652000726 3.690503300473324 4.06
743 -2.916701885658695 3.39655055398315 4.06
744 -2.731684051225106 3.687042419849095 4.06
745 -2.566669071822296 3.370687380385097 4.06
746 -2.372821128643009 3.668430822134728 4.06
747 -3.2342012996768 3.987964048787433 4.06
748 -3.593796104601455 3.985501664071523 4.06
749 -2.197911715708239 3.353178178220374 4.06
750 -1.999323137256071 3.675202185895007 4.06
751 -2.406011381299113 3.03364514837945 4.06
752 -2.016418470090642 3.013594137114135 4.06
753 -2.237634168505255 2.678321675376508 4.06
754 -0.402518201456407 4.735361687162681 4.06
755 -4.366630628089332 1.55578595344053 4.06
756 -3.404171055735595 4.298985036480883 4.06
757 -3.773658665707615 4.293752071980859 4.06
758 -2.513917026260821 3.962695107717086 4.06
759 -1.826339775415423 2.655135086076458 4.06
760 -2.055199443668014 2.312138383908122 4.06
761 -5.429802118323749 5.50118047951382 4.06
762 -5.55574378962534 0.3755849423866144 4.06
763 -1.158382707203842 0.3938772577133241 4.06
764 -3.593136217603954 4.622038707992598 4.06
765 -3.204570775425511 4.622958499356696 4.06
766 -3.953497302364951 3.9769647783841 4.06
767 -4.13929430315183 4.286931163620346 4.06
768 -4.313456332573688 3.963228882617979 4.06
769 -4.505605229162315 4.278103559376886 4.06
770 -4.685344894987292 3.944630725960039 4.06
771 -4.884871679235165 4.273481760782762 4.06
772 -5.068026026476586 3.934204652625025 4.06
773 -4.857522967811746 3.607388097749552 4.06
774 -5.254276291734666 3.587517127858255 4.06
775 -5.038597553088699 3.253593813983223 4.06
776 -1.630625930611639 2.281942103123514 4.06
777 -1.866516982748683 1.927908288287406 4.06
778 -1.60474702652145 3.006011302287601 4.06
779 -1.238956455250275 5.594018843870261 4.06
780 -2.463727978424767 2.383977813055524 4.06
781 -5.281441575496546 4.270448489198146 4.06
782 -5.084583844710974 4.623645382464511 4.06
783 -4.33660090245213 4.602597403702635 4.06
784 -5.501813506107087 4.653239687912901 4.06
785 -3.401233357050217 4.964794064438751 4.06
786 -3.00096894206107 4.959817900001545 4.06
787 -1.44980566404233 1.886448777165145 4.06
788 -1.652974167802266 1.53573173959719 4.06
789 -2.108902887825559 1.545132293415876 4.06
790 -1.181600979378534 2.240219521820186 4.06
791 -3.004745932448368 0.3528635758686448 4.06
792 -4.611749160777762 0.3858836066249332 4.06
793 -5.445350740691723 3.22958542817506 4.06
794 -5.219536151708285 2.969349974244148 4.06
795 -1.248930175970583 1.490488205646074 4.06
796 -4.646986210876168 3.301460698945865 4.06
797 -5.668906322383259 3.569778496886001 4.06
798 -3.803638622860917 4.959119679819397 4.06
799 -4.227646327410794 2.806880926093796 4.06
800 -4.507788204157225 2.672427853557336 4.06
801 -4.537573718062227 2.259680194131203 4.06
802 -1.475161565581432 1.121056100036228 4.06
803 -1.083331011744545 1.089944017072995 4.06
804 -6.24843067378197 5.232500000001729 4.06
805 -2.817890485754316 4.619679092609449 4.06
806 -2.593824233046637 4.95226598159234 4.06
807 -2.410418225314095 4.602677593794804 4.06
808 -4.107924418356823 3.659902710334114 4.06
809 -6.254969453939101 0.7885494838555023 4.06
810 -2.184290966438523 4.933253611417751 4.06
811 -1.97832092305729 4.575179839379266 4.06
812 -1.753217665724357 4.936838885188486 4.06
813 -1.543338014539915 4.55077248864058 4.06
814 -3.602942753050683 5.318165987091311 4.06
815 -4.847082858321118 2.452607858191009 4.06
816 -4.86041945346292 2.035227292320247 4.06
817 -5.209735729218974 2.21733140597281 4.06
818 -5.19552953757483 1.795459389558983 4.06
819 -5.572346653340795 1.998846174556387 4.06
820 -5.550051745276219 1.555123781935957 4.06
821 -5.160553801689978 1.351879999405645 4.06
822 -5.577573050576367 2.415457573499634 4.06
823 -5.499966621928198 1.098411079528064 4.06
824 -5.114318410937096 0.9145677173877913 4.06
825 -1.313451183282278 4.930286359549513 4.06
826 -1.108324924385896 4.539797760016887 4.06
827 -1.339942317504808 4.157430583128884 4.06
828 -0.8891233701708336 4.137969069050103 4.06
829 -1.128823599021187 3.758161687362651 4.06
830 -2.797356553379116 5.295812725723046 4.06
831 -0.431569326218122 0.7474999999984858 4.06
832 -3.290827880206173 2.8795059326788 4.06
833 -4.751962087748666 1.200849953419043 4.06
834 -5.2901867335905 4.994049904354298 4.06
835 -4.904254935328701 4.941480605807639 4.06
836 -5.899369362138881 3.11508089353415 4.06
837 -4.003852809618584 5.28834222059761 4.06
838 -6.119090578676587 3.53660594081699 4.06
839 -5.714766152667909 4.270296468872386 4.06
840 -3.361775854492263 2.064804561128165 4.06
841 -2.971195304798281 1.867656904898887 4.06
842 -2.904663116496192 1.437323118801202 4.06
843 -3.066582482167336 2.332592301320336 4.06
844 -5.975117947725291 2.222245678153837 4.06
845 -5.929101379611266 4.617470697948775 4.06
846 -3.240232508453821 1.153059003422548 4.06
847 -2.842906369246184 1.007541868326019 4.06
848 -0.6814887758576287 3.749831345641498 4.06
849 -5.9456190371525 1.294146934754335 4.06
850 -0.927045416095595 3.343026086751211 4.06
851 -0.7763060658521626 2.893804105660346 4.06
852 -4.833862511750233 2.895971973920332 4.06
853 -2.591842077206262 1.714042966131399 4.06
854 -3.746606886454029 3.686760385871433 4.06
855 -4.975471705206376 5.60551103836162 4.06
856 -4.479645084729019 3.636061290629538 4.06
857 -4.235220894954304 3.323754168595041 4.06
858 -1.573896405990976 3.748211965455181 4.06
859 -1.831772635918043 4.12163343062834 4.06
860 -1.703691454215072 5.608431733364894 4.06
861 -2.268434795540975 4.246793821460248 4.06
862 -2.548391034533356 0.3666278047091141 4.06
863 -2.390730709000826 0.8077849840741856 4.06
864 -1.837974889413683 0.8332825297687309 4.06
865 -1.636804906769608 0.4122572081035089 4.06
866 -1.372966217920719 3.365814145018598 4.06
867 -0.3986995905522741 1.243724027920776 4.06
868 -2.604890576558713 2.733077348447856 4.06
869 -0.4127301337991917 2.222114318612856 4.06
870 -0.399767228078956 5.229582915131132 4.06
871 -4.786764171555054 1.602966119029312 4.06
872 -5.089414984705598 0.4517483213840056 4.06
873 -0.8266969098041421 4.958698834537286 4.06
874 -0.4271969167922653 4.187344781222103 4.06
875 -3.035452661537864 4.298338826964033 4.06
876 -2.760837765614391 3.076119697059407 4.06
877 -4.309877524675589 1.133333333336174 4.06
878 -1.412088910331347 2.64097191911001 4.06
879 -3.101679796248265 3.131266149164053 4.06
880 -0.7855058163048968 1.985655281713232 4.06
881 -2.493692523155253 1.278696378699173 4.06
882 -3.235154011078016 0.6956499086176678 4.06
883 -5.479303499159183 3.922656241505841 4.06
884 -5.605667775431066 2.855474641395431 4.06
885 -1.184686452528526 2.991944944345448 4.06
886 -0.7652453467479219 5.511852846025964 4.06
887 -5.945851831170409 5.577424971856605 4.06
888 -5.72595615319483 5.164425364831602 4.06
889 -3.972820855096713 4.622172445750232 4.06
890 -5.991574249998281 0.3826572455361017 4.06
891 -0.6949306874984746 0.3842519843257361 4.06
892 -1.794210495581349 3.360335318998482 4.06
893 -3.202142831299166 5.306663612370963 4.06
894 -4.302354820965988 0.6734727985138795 4.06
895 -4.706728568261068 4.601258360429123 4.06
896 -2.297687938502362 1.997463055372319 4.06
897 -4.178529172641864 4.931534841289306 4.06
898 -3.886301143306642 3.395684400832756 4.06
899 -2.880241687173803 3.987655165433328 4.06
900 -2.123009586942303 1.137298020831808 4.06
901 -4.419213566217254 3.048698647159373 4.06
902 -6.32537812291926 3.174170700208069 4.06
903 -0.7898099170854627 1.490810872826117 4.06
904 -5.775210739175071 0.7553287077051449 4.06
905 -2.954303395224035 2.817651638539131 4.06
906 -0.394445895177488 2.669661389454896 4.06
907 -5.922560993074198 3.904292149813852 4.06
908 -4.265769208929184 2.021324899077924 4.06
909 -2.377353469762488 5.280616507002921 4.06
910 -6.308570107412351 4.749744896395481 4.06
911 -0.7911347173040534 2.418896507913855 4.06
912 -1.390082355935996 0.7288225478188655 4.06
913 -2.717273986935191 2.13340550793267 4.06
914 -2.596756132376447 5.630494800316904 4.06
915 -4.716554758360891 0.7838853220483193 4.06
916 -4.552099283466294 4.936571739867746 4.06
917 -1.950126694251743 5.26844312602032 4.06
918 -2.654392480263645 4.286306601329825 4.06
919 -3.032146588829587 5.635197098443784 4.06
920 -0.9065740146129301 0.7233523748203294 4.06
921 -6.366393004073138 1.26523874435603 4.06
922 -4.374275901468557 5.288257280059177 4.06
923 -1.524170246752595 5.240635752880175 4.06
924 -4.025669411794605 2.933087569186963 4.06
925 -3.46802013728459 5.639257767827935 4.06
926 -3.814868959907429 5.573136445663809 4.06
927 -6.374874113157781 2.242500000006239 4.06
928 -5.862902382553779 1.764438641179552 4.06
929 -0.7291711026042668 4.502477361726738 4.06
930 -3.432476022740683 2.729901013319855 4.06
931 -5.861231761930487 2.669818423984791 4.06
932 -4.163867670457368 5.630527959839055 4.06
933 -1.050745108264157 2.663968567461039 4.06
934 -6.325258165761133 3.870569119531794 4.06
935 -3.375218068616559 0.3111796010799989 4.06
936 -0.2920793722508266 3.73749999999392 4.06
937 -6.351427929561646 5.650318327705258 4.06
938 -0.3542375202172044 5.620085675588682 4.06
939 -4.263208692181245 0.335434333264241 4.06
940 -5.190816986377937 2.598484666477536 4.06
941 -4.752874780586071 5.302844567509264 4.06
942 -2.197253744723784 3.934951073567082 4.06
943 -0.3179574277431552 0.326017063531321 4.06
944 -6.352815477837542 0.3391540632827725 4.06
945 -2.80438561126135 0.6460936283191263 4.06
946 -3.164596397893233 2.622253514602137 4.06
947 -1.125683089536571 5.239522848995997 4.06
948 -6.053014578500104 4.941035239794396 4.06
949 -2.815428467477086 2.488919311183138 4.06
950 -5.07051805460708 5.269013319109328 4.06
951 -5.430337456429132 0.7258765772303429 4.06
952 -4.581702917437988 1.853910414787114 4.06
953 -0.7019892097735736 1.02803875655133 4.06
954 -4.186414146550293 3.077617267756337 4.06
955 -1.106714555233076 1.814775856914249 4.06
956 -1.804103227866068 1.226297350609562 4.06
957 -3.816297 2.493333333333695 4.06
958 -3.816297 2.04000000000143 4.06
959 -3.816297 1.133333333336174 4.06
960 -3.816297 0.2266666666672881 4.06
961 -3.816297 0.6800000000017488 4.06
962 -3.816297 1.586666666669449 4.06
963 -3.816297 0 1.12777777777518
964 -3.816297 0 0.2255555555551575
965 -3.816297 0 0.6766666666652703
966 -3.816297 0 2.481111111107316
967 -3.816297 0 2.029999999995698
968 -3.816297 0 1.578888888885081
969 -3.816297 0 3.383333333331688
970 -3.816297 0 2.932222222219235
971 -3.816297 0 3.834444444444083
972 -3.816297 2.493333333333695 0
973 -3.816297 2.04000000000143 0
974 -3.816297 1.133333333336174 0
975 -3.816297 0.2266666666672881 0
976 -3.816297 0.6800000000017488 0
977 -3.816297 1.586666666669449 0
978 -6.273323653172802 0 1.580786611663866
979 -4.342689987525745 0 2.424270679867477
980 -4.331826275225922 0 1.578901237291154
981 -6.250106372834829 0 2.426417866402301
982 -5.52790078396009 0 3.60800845334033
983 -5.077989209406302 0 0.3944884835952883
984 -5.971247877231244 0 0.3866768133102286
985 -4.62867450292662 0 3.641522195223982
986 -4.341267218828354 0 0.7213327298525336
987 -6.287079142494209 0 3.375596980270422
988 -5.529276223955049 0 0.3942957239370518
989 -5.302878802023708 0 0.7912137999697962
990 -4.842968252086086 0 0.7774696815562502
991 -5.074800482438818 0 1.183493633489949
992 -5.529371196007602 0 1.185360632586718
993 -5.302434247703521 0 1.578125644333184
994 -5.755585740728494 0 1.579194095259195
995 -5.53597250349029 0 1.970436967074997
996 -5.076792800976895 0 1.970818481354165
997 -5.300346849657233 0 2.362270476054878
998 -5.755342460378692 0 2.362350634908693
999 -5.521079969139527 0 2.750190202589347
1000 -5.075718526389413 0 2.754229411813132
1001 -5.300885415461501 0 3.160712435931286
1002 -5.832851086317769 0 3.17588713338885
1003 -4.851015722163264 0 3.176496680026328
1004 -5.98226393320397 0 1.187487401478061
1005 -5.992939029392677 0 1.991531029217458
1006 -4.615653667766236 0 1.168801844125946
1007 -5.075860292578037 0 3.600556919594879
1008 -4.358782309910805 0 3.279329211325024
1009 -4.849045736257175 0 1.57918294000604
1010 -4.608029363989044 0 1.990800572469154
1011 -4.841081269228377 0 2.378084317283108
1012 -5.754456697013716 0 0.7901857291073451
1013 -6.253045920183903 0 0.7427481338606287
1014 -6.289326317847666 0 2.932222222219234
1015 -4.623666703870325 0 2.815356500915837
1016 -4.624832034360192 0 0.3703601589830268
1017 -5.982422730025296 0 3.672328802378989
1018 -5.9344394206792 0 2.72843969854274
1019 -4.253750261196711 0 2.878173328715368
1020 -4.228268232364102 0 1.144918273363999
1021 -6.373726701312136 0 1.153315540510583
1022 -6.378710849557461 0 2.016962215323774
1023 -4.224597278613286 0 2.016281784230082
1024 -6.342727550550244 0 0.3352260499581892
1025 -4.263569449449472 0 3.724773950041679
1026 -6.348974974161795 0 3.731129941104034
1027 -4.257322025836799 0 0.3288700588940893
1028 -6.68 5.589326317848781 2.029999999995698
1029 -6.68 0.3870630323619887 2.034897954795831
1030 -6.68 3.236499397170932 3.627390061073492
1031 -6.68 2.247799024314282 0.4103657116789344
1032 -6.68 3.72169384990831 0.3993524007336089
1033 -6.68 1.742017678577652 3.6317164465899
1034 -6.68 4.243474335461634 3.627714740984182
1035 -6.68 4.723162374257127 0.3927801004888944
1036 -6.68 1.26312671913902 0.3994060703375139
1037 -6.68 0.3906736821523464 2.932222222219235
1038 -6.68 5.589326317847654 2.932222222219235
1039 -6.68 5.58976642785133 1.167559264665776
1040 -6.68 0.3835577330058766 1.111773601491128
1041 -6.68 0.730044442453407 3.606621422098717
1042 -6.68 5.251773085379219 3.606852758033793
1043 -6.68 1.24303693030001 3.628826526770637
1044 -6.68 1.492634769398802 3.206797787450915
1045 -6.68 1.983755409783175 3.205193907200958
1046 -6.68 1.736502687154646 2.782620705287787
1047 -6.68 2.223690529782427 2.779478971121473
1048 -6.68 1.976268559161587 2.357353024394576
1049 -6.68 2.464473790457212 2.354748720628487
1050 -6.68 2.216715397115494 1.934361684925021
1051 -6.68 2.706561174252266 1.92984142156473
1052 -6.68 2.954956530957126 2.352192080899133
1053 -6.68 3.198141167367126 1.925679963969477
1054 -6.68 3.447489674591276 2.349659673704912
1055 -6.68 3.690688165433307 1.922422039548446
1056 -6.68 3.94049445088296 2.344524191790899
1057 -6.68 4.180438282915648 1.9195635096718
1058 -6.68 1.729988220796995 1.936956573940582
1059 -6.68 2.948253861035171 1.511953335226923
1060 -6.68 4.42810728921649 2.337471061450991
1061 -6.68 1.969682032891289 1.516062715288743
1062 -6.68 1.485534596244561 1.522114006981316
1063 -6.68 3.932748002138435 1.49763193030488
1064 -6.68 4.420164950311841 1.494936773357988
1065 -6.68 3.708639664556197 2.769712850294191
1066 -6.68 1.251272889032908 2.786198556692919
1067 -6.68 1.255390837530618 1.935308667647606
1068 -6.68 1.722135260253672 1.108454287232514
1069 -6.68 2.474058320010978 3.201489627099969
1070 -6.68 4.181723231615004 1.09780320837055
1071 -6.68 0.9868244387369899 1.55517676613336
1072 -6.68 2.226757798305439 1.155295812538517
1073 -6.68 3.687918346450319 1.137720351182745
1074 -6.68 4.672112044044356 1.108968479119085
1075 -6.68 4.880861710207079 1.485845119915538
1076 -6.68 1.493436234011072 2.358860987772357
1077 -6.68 1.04709034117597 2.334396543252624
1078 -6.68 1.028748853914681 3.190953076418715
1079 -6.68 4.659292701152204 1.911615475908558
1080 -6.68 4.8885686586631 2.316179111869101
1081 -6.68 4.674277049591001 2.750040586581005
1082 -6.68 4.740790481620688 3.629008649069551
1083 -6.68 4.940705019944625 3.18418312825692
1084 -6.68 4.476127958445481 3.196182213489468
1085 -6.68 3.970745123282108 3.192468279562708
1086 -6.68 5.184756439134468 2.72620181562458
1087 -6.68 1.738634272115557 0.3929158767967373
1088 -6.68 3.729994657747629 3.626899738809853
1089 -6.68 1.187670424978074 1.12591771832556
1090 -6.68 0.7599677734801287 0.4330196927314799
1091 -6.68 5.236146157741985 0.3520145960790717
1092 -6.68 4.220282662527362 0.3825854542407814
1093 -6.68 2.752026509437541 0.4215302507394843
1094 -6.68 3.221825839432904 0.4144403601555112
1095 -6.68 2.974214733958492 0.8244919627747853
1096 -6.68 3.204817113570735 2.774183764208699
1097 -6.68 2.730795623719824 3.629198418110551
1098 -6.68 5.164606748286134 1.856332999298998
1099 -6.68 2.236564172397222 3.63185772544736
1100 -6.68 3.441924702436731 1.53187138356085
1101 -6.68 5.600906846775397 2.484366969267518
1102 -6.68 0.3747621660562768 2.489668850538673
1103 -6.68 2.459147704852799 1.526180223274355
1104 -6.68 2.709360665662639 2.775075718800895
1105 -6.68 5.594423170074521 1.604652814116446
1106 -6.68 0.4725439398880563 1.577438319723636
1107 -6.68 4.199731922662372 2.76506653052821
1108 -6.68 5.164835156074473 1.096311047013163
1109 -6.68 2.968296701782356 3.200193823422057
1110 -6.68 3.465379818506147 3.197146352421901
1111 -6.68 0.7817617774964449 2.741007779324967
1112 -6.68 0.3780576326529344 0.6854638301109752
1113 -6.68 0.7693099293014929 0.8964052826118536
1114 -6.68 0.3513279135573227 3.368268071242128
1115 -6.68 5.629240408626526 3.368300290021176
1116 -6.68 5.536697808575999 0.7047475221501605
1117 -6.68 0.8093126044423257 1.925528413766209
1118 -6.68 2.476249218527575 0.7968444193545846
1119 -6.68 1.472182597681842 0.7742496213715511
1120 -6.68 1.980626361866394 0.7730209548288062
1121 -6.68 5.282032005821483 2.255555555550967
1122 -6.68 3.464779524920155 0.7837493958240423
1123 -6.68 2.71307033147925 1.168431072383632
1124 -6.68 0.7387565704536438 1.265101794474451
1125 -6.68 3.199527368378337 1.177393250363683
1126 -6.68 4.983333333335588 0.7225799087452659
1127 -6.68 3.948724165361565 0.7623200692681562
1128 -6.68 4.454889635190167 0.7445062033721223
1129 -6.68 5.271032953010793 1.429457764413931
1130 -6.68 0.6799979843066013 2.305099908335661
1131 -6.68 0.3213055715332469 3.740522368725189
1132 -6.68 5.659035264183917 3.740560019398487
1133 -6.68 0.332099434646266 0.3179285524559128
1134 -6.68 5.645283344308141 0.3200609005749997
1135 -6.68 0.6525327010445953 3.164159017047788
1136 -6.68 5.324008964409646 3.163830712687325
1137 -6.68 1.118306825700045 0.7618988487141187
1138 -3.343008108743315 0 2.053771094230946
1139 -0.3677446584644711 0 2.056916534986078
1140 -2.089020671362452 0 3.646837986912083
1141 -2.086574135906947 0 0.4010657321431711
1142 -1.163944290726481 0 3.623154945130418
1143 -1.160741684853218 0 0.4019114661026709
1144 -3.295459896235242 0 1.094229954508345
1145 -3.303571399360854 0 2.938092683778905
1146 -0.3590251135499304 0 2.932517118898469
1147 -0.4060215923940849 0 1.104011058114919
1148 -3.013165673691245 0 3.673557124334832
1149 -3.007296806058218 0 0.3724223380299976
1150 -2.547916154481406 0 0.3953710886885212
1151 -2.318006372685009 0 0.7984177820057038
1152 -1.858163112652752 0 0.8012589790382513
1153 -2.089072647508749 0 1.19744601221637
1154 -1.631562044332606 0 1.199613516138547
1155 -1.862093482335405 0 1.594480361574392
1156 -1.405189947052763 0 1.596569152753598
1157 -1.63526364088565 0 1.990929305504353
1158 -2.092024117135712 0 1.989139620210688
1159 -1.865449418507637 0 2.384953331920507
1160 -1.408683684343753 0 2.387650579180449
1161 -2.321561265224267 0 2.382816117609031
1162 -1.639374948599835 0 2.781845073684409
1163 -1.189516463354593 0 2.780266112992215
1164 -2.536340512569201 0 1.202970844590875
1165 -2.53650218867337 0 1.981149498193209
1166 -1.181503866872119 0 1.206244565718709
1167 -2.729923949138707 0 2.347861474790465
1168 -2.551401928133421 0 2.775796152941692
1169 -0.9521689773219989 0 1.595307063101241
1170 -0.9949242123786194 0 2.357532775410162
1171 -1.406853956306251 0 3.190127954487411
1172 -0.9751562751111589 0 3.180384253860337
1173 -0.6928833442894862 0 3.580625573382533
1174 -1.867331641517596 0 3.199409838342698
1175 -1.626401462487541 0 3.620545616181323
1176 -2.332035476832371 0 3.220546337859892
1177 -1.624823872199434 0 0.4017229690422977
1178 -2.315005646308353 0 1.592994872806564
1179 -2.762789050616031 0 1.589819374678882
1180 -2.852833699897648 0 0.8279068634525651
1181 -1.1826542670229 0 1.990800213845177
1182 -0.6997024407244116 0 0.3725906535641859
1183 -0.8577341256589893 0 0.8319411018957878
1184 -1.400454424792237 0 0.8061016369696926
1185 -0.3564076819511587 0 2.495985896221427
1186 -3.348994187461406 0 2.492403678395484
1187 -2.096192446469187 0 2.790894475393038
1188 -2.86238777598819 0 3.196968486120319
1189 -3.241016241984438 0 1.582644334969363
1190 -0.4691064081653933 0 1.587135789400141
1191 -2.565461328811348 0 3.64298498920452
1192 -0.3819764751106711 0 0.6808464367364472
1193 -3.326656643603371 0 3.368802171449672
1194 -3.324479186500154 0 0.6799641077153019
1195 -0.7564658677280243 0 2.752712248488789
1196 -2.972534437047634 0 2.68977991269185
1197 -0.3390738625522691 0 3.357151711257678
1198 -0.7740700131946747 0 1.256982600373194
1199 -0.7818320680021301 0 1.95881877963781
1200 -2.937687880260512 0 1.259514274440006
1201 -2.935286696136913 0 1.947071009850439
1202 -0.3511348721617184 0 3.711727925271423
1203 -3.36509119210415 0 0.3389787784474879
1204 -3.399085238458687 0 3.754249636934533
1205 -0.341298288673715 0 0.3381699904041358
1206 -0.6454195001621561 0 2.278744782818534
1207 -3.072303032401406 0 2.281383044551473
1208 -0.6245208926461737 0 3.160678181177561
1209 -3.706297 2.320873263538283 1.576755006152047
1210 -3.706297 0.4248771382355205 2.421865260155586
1211 -3.706297 0.3965221066602188 1.577378549788441
1212 -3.706297 2.303207238561181 2.420187259452993
1213 -3.706297 1.137127337243228 3.597770471932492
1214 -3.706297 1.1372011119853 0.3902299441817412
1215 -3.706297 2.021741134088252 0.382325165207545
1216 -3.706297 2.026646381635518 3.638193987806318
1217 -3.706297 0.4103804129957122 0.7190110105973561
1218 -3.706297 0.3886246706809987 3.373512251116266
1219 -3.706297 1.584077267938766 0.3902459949295167
1220 -3.706297 1.360091944045338 0.7836549389533711
1221 -3.706297 0.9043478360716299 0.770836285741447
1222 -3.706297 1.133350265540365 1.173637301131128
1223 -3.706297 1.585730327410793 1.175461425328159
1224 -3.706297 1.359747353465478 1.56676088813532
1225 -3.706297 1.825208535437966 1.568679319186276
1226 -3.706297 1.585652058205617 1.95831842630407
1227 -3.706297 1.128673838625935 1.959130418828416
1228 -3.706297 1.359964803375624 2.349206302485407
1229 -3.706297 2.037381313350227 1.176421285725461
1230 -3.706297 1.817463529184472 2.363881405979346
1231 -3.706297 1.581896419863488 2.745559960910341
1232 -3.706297 1.140227850087441 2.737089103856248
1233 -3.706297 1.360768581786519 3.144444192255637
1234 -3.706297 1.807967370429622 3.154946965782683
1235 -3.706297 0.8564781911310615 3.158100178227105
1236 -3.706297 0.6779310957052445 1.161832386838929
1237 -3.706297 1.584697556522032 3.584622796876216
1238 -3.706297 2.29226308136578 3.2756594938683
1239 -3.706297 2.050782215105608 1.978319373500557
1240 -3.706297 0.9080318063865918 1.567395976548438
1241 -3.706297 0.6754003752401673 1.984168167725517
1242 -3.706297 0.9030698496919592 2.352342451598551
1243 -3.706297 1.808843161439153 0.782273107128137
1244 -3.706297 2.301228521330188 0.7369983300866247
1245 -3.706297 0.3906736821522096 2.932222222219013
1246 -3.706297 0.693903668671445 0.3715187782976197
1247 -3.706297 0.7026690199611452 3.680489781725945
1248 -3.706297 2.029635503965495 2.807457399081427
1249 -3.706297 0.7372226399481645 2.717966756166989
1250 -3.706297 2.39440608866907 2.878917681389461
1251 -3.706297 0.2969667230722351 1.142755500555017
1252 -3.706297 2.419896619643739 1.149146035502899
1253 -3.706297 2.425685429981826 2.029999999995699
1254 -3.706297 0.2936827834670916 2.029999999995698
1255 -3.706297 2.387762252414245 0.3316466910604359
1256 -3.706297 2.387762252414499 3.728353308939415
1257 -3.706297 0.3304558078777032 3.73014402667586
1258 -3.706297 0.3304558078762763 0.3298559733222954
$EndNodes
$Elements
2554
1 2 2 1 1 1 17 301
2 2 2 1 1 47 1 301
3 2 2 1 1 27 2 300
4 2 2 1 1 2 28 300
5 2 2 1 1 35 3 299
6 2 2 1 1 3 36 299
7 2 2 1 1 46 4 298
8 2 2 1 1 4 54 298
9 2 2 1 1 17 18 259
10 2 2 1 1 17 259 301
11 2 2 1 1 18 19 202
12 2 2 1 1 18 202 259
13 2 2 1 1 19 20 254
14 2 2 1 1 202 19 254
15 2 2 1 1 20 21 198
16 2 2 1 1 20 198 254
17 2 2 1 1 21 22 260
18 2 2 1 1 198 21 260
19 2 2 1 1 22 23 261
20 2 2 1 1 260 22 261
21 2 2 1 1 23 24 199
22 2 2 1 1 23 199 261
23 2 2 1 1 24 25 257
24 2 2 1 1 199 24 257
25 2 2 1 1 25 26 203
26 2 2 1 1 25 203 257
27 2 2 1 1 26 27 258
28 2 2 1 1 203 26 258
29 2 2 1 1 258 27 300
30 2 2 1 1 28 29 278
31 2 2 1 1 28 278 300
32 2 2 1 1 29 30 207
33 2 2 1 1 29 207 278
34 2 2 1 1 30 31 273
35 2 2 1 1 207 30 273
36 2 2 1 1 31 32 196
37 2 2 1 1 31 196 273
38 2 2 1 1 32 33 269
39 2 2 1 1 196 32 269
40 2 2 1 1 33 34 205
41 2 2 1 1 33 205 269
42 2 2 1 1 34 35 280
43 2 2 1 1 205 34 280
44 2 2 1 1 280 35 299
45 2 2 1 1 36 37 209
46 2 2 1 1 36 209 299
47 2 2 1 1 37 38 249
48 2 2 1 1 209 37 249
49 2 2 1 1 38 39 201
50 2 2 1 1 38 201 249
51 2 2 1 1 39 40 255
52 2 2 1 1 201 39 255
53 2 2 1 1 40 41 197
54 2 2 1 1 40 197 255
55 2 2 1 1 41 42 264
56 2 2 1 1 197 41 264
57 2 2 1 1 42 43 266
58 2 2 1 1 264 42 266
59 2 2 1 1 43 44 200
60 2 2 1 1 43 200 266
61 2 2 1 1 44 45 210
62 2 2 1 1 200 44 210
63 2 2 1 1 45 46 208
64 2 2 1 1 45 208 210
65 2 2 1 1 208 46 298
66 2 2 1 1 48 47 281
67 2 2 1 1 281 47 301
68 2 2 1 1 49 48 206
69 2 2 1 1 206 48 281
70 2 2 1 1 50 49 272
71 2 2 1 1 49 206 272
72 2 2 1 1 51 50 195
73 2 2 1 1 195 50 272
74 2 2 1 1 52 51 268
75 2 2 1 1 51 195 268
76 2 2 1 1 53 52 204
77 2 2 1 1 204 52 268
78 2 2 1 1 54 53 279
79 2 2 1 1 53 204 279
80 2 2 1 1 54 279 298
81 2 2 1 1 268 195 297
82 2 2 1 1 195 272 284
83 2 2 1 1 195 284 297
84 2 2 1 1 196 265 273
85 2 2 1 1 265 196 288
86 2 2 1 1 196 269 288
87 2 2 1 1 255 197 277
88 2 2 1 1 197 264 276
89 2 2 1 1 197 276 277
90 2 2 1 1 254 198 287
91 2 2 1 1 198 260 285
92 2 2 1 1 198 285 287
93 2 2 1 1 199 257 294
94 2 2 1 1 261 199 289
95 2 2 1 1 289 199 294
96 2 2 1 1 200 210 211
97 2 2 1 1 200 211 212
98 2 2 1 1 200 212 266
99 2 2 1 1 249 201 251
100 2 2 1 1 251 201 252
101 2 2 1 1 252 201 255
102 2 2 1 1 202 254 286
103 2 2 1 1 259 202 304
104 2 2 1 1 202 286 304
105 2 2 1 1 257 203 295
106 2 2 1 1 203 258 293
107 2 2 1 1 203 293 295
108 2 2 1 1 204 268 283
109 2 2 1 1 279 204 302
110 2 2 1 1 204 283 302
111 2 2 1 1 205 253 269
112 2 2 1 1 253 205 303
113 2 2 1 1 205 280 303
114 2 2 1 1 272 206 291
115 2 2 1 1 206 281 282
116 2 2 1 1 206 282 291
117 2 2 1 1 207 273 296
118 2 2 1 1 207 275 278
119 2 2 1 1 275 207 296
120 2 2 1 1 210 208 245
121 2 2 1 1 245 208 302
122 2 2 1 1 279 208 298
123 2 2 1 1 208 279 302
124 2 2 1 1 209 249 250
125 2 2 1 1 209 250 303
126 2 2 1 1 209 280 299
127 2 2 1 1 280 209 303
128 2 2 1 1 211 210 245
129 2 2 1 1 212 211 213
130 2 2 1 1 213 211 233
131 2 2 1 1 233 211 245
132 2 2 1 1 212 213 214
133 2 2 1 1 212 214 236
134 2 2 1 1 212 236 266
135 2 2 1 1 214 213 215
136 2 2 1 1 215 213 243
137 2 2 1 1 213 233 243
138 2 2 1 1 214 215 216
139 2 2 1 1 214 216 271
140 2 2 1 1 236 214 271
141 2 2 1 1 216 215 217
142 2 2 1 1 217 215 225
143 2 2 1 1 225 215 243
144 2 2 1 1 216 217 218
145 2 2 1 1 216 218 219
146 2 2 1 1 216 219 271
147 2 2 1 1 218 217 270
148 2 2 1 1 217 225 228
149 2 2 1 1 217 228 270
150 2 2 1 1 219 218 220
151 2 2 1 1 220 218 226
152 2 2 1 1 226 218 270
153 2 2 1 1 219 220 221
154 2 2 1 1 219 221 263
155 2 2 1 1 219 263 271
156 2 2 1 1 221 220 222
157 2 2 1 1 222 220 267
158 2 2 1 1 220 226 267
159 2 2 1 1 221 222 223
160 2 2 1 1 221 223 232
161 2 2 1 1 221 232 263
162 2 2 1 1 223 222 224
163 2 2 1 1 224 222 230
164 2 2 1 1 230 222 267
165 2 2 1 1 223 224 227
166 2 2 1 1 223 227 274
167 2 2 1 1 232 223 274
168 2 2 1 1 227 224 246
169 2 2 1 1 224 230 231
170 2 2 1 1 224 231 246
171 2 2 1 1 228 225 229
172 2 2 1 1 229 225 234
173 2 2 1 1 234 225 243
174 2 2 1 1 267 226 292
175 2 2 1 1 226 270 290
176 2 2 1 1 226 290 292
177 2 2 1 1 227 246 247
178 2 2 1 1 227 247 248
179 2 2 1 1 227 248 274
180 2 2 1 1 228 229 235
181 2 2 1 1 228 235 239
182 2 2 1 1 228 239 270
183 2 2 1 1 229 234 238
184 2 2 1 1 235 229 256
185 2 2 1 1 229 238 256
186 2 2 1 1 231 230 237
187 2 2 1 1 237 230 240
188 2 2 1 1 240 230 267
189 2 2 1 1 231 237 241
190 2 2 1 1 231 241 242
191 2 2 1 1 231 242 246
192 2 2 1 1 252 232 274
193 2 2 1 1 232 252 277
194 2 2 1 1 263 232 277
195 2 2 1 1 243 233 244
196 2 2 1 1 244 233 283
197 2 2 1 1 233 245 283
198 2 2 1 1 238 234 284
199 2 2 1 1 234 243 244
200 2 2 1 1 234 244 284
201 2 2 1 1 239 235 287
202 2 2 1 1 235 256 286
203 2 2 1 1 235 286 287
204 2 2 1 1 236 264 266
205 2 2 1 1 264 236 276
206 2 2 1 1 236 271 276
207 2 2 1 1 237 240 294
208 2 2 1 1 241 237 295
209 2 2 1 1 237 294 295
210 2 2 1 1 256 238 291
211 2 2 1 1 272 238 284
212 2 2 1 1 238 272 291
213 2 2 1 1 270 239 290
214 2 2 1 1 285 239 287
215 2 2 1 1 239 285 290
216 2 2 1 1 240 267 292
217 2 2 1 1 289 240 292
218 2 2 1 1 240 289 294
219 2 2 1 1 242 241 275
220 2 2 1 1 275 241 293
221 2 2 1 1 293 241 295
222 2 2 1 1 246 242 265
223 2 2 1 1 265 242 296
224 2 2 1 1 242 275 296
225 2 2 1 1 244 283 297
226 2 2 1 1 284 244 297
227 2 2 1 1 283 245 302
228 2 2 1 1 247 246 265
229 2 2 1 1 248 247 253
230 2 2 1 1 253 247 288
231 2 2 1 1 247 265 288
232 2 2 1 1 248 250 251
233 2 2 1 1 250 248 253
234 2 2 1 1 248 251 274
235 2 2 1 1 250 249 251
236 2 2 1 1 250 253 303
237 2 2 1 1 251 252 274
238 2 2 1 1 252 255 277
239 2 2 1 1 269 253 288
240 2 2 1 1 286 254 287
241 2 2 1 1 282 256 291
242 2 2 1 1 256 282 304
243 2 2 1 1 286 256 304
244 2 2 1 1 294 257 295
245 2 2 1 1 258 278 293
246 2 2 1 1 278 258 300
247 2 2 1 1 281 259 282
248 2 2 1 1 259 281 301
249 2 2 1 1 282 259 304
250 2 2 1 1 260 261 262
251 2 2 1 1 260 262 285
252 2 2 1 1 262 261 289
253 2 2 1 1 285 262 290
254 2 2 1 1 262 289 292
255 2 2 1 1 290 262 292
256 2 2 1 1 271 263 276
257 2 2 1 1 276 263 277
258 2 2 1 1 273 265 296
259 2 2 1 1 283 268 297
260 2 2 1 1 278 275 293
261 2 2 2 2 5 6 306
262 2 2 2 2 63 5 306
263 2 2 2 2 6 55 306
264 2 2 2 2 7 8 313
265 2 2 2 2 62 7 313
266 2 2 2 2 8 70 313
267 2 2 2 2 55 56 307
268 2 2 2 2 55 63 306
269 2 2 2 2 63 55 307
270 2 2 2 2 56 57 305
271 2 2 2 2 64 56 305
272 2 2 2 2 56 64 307
273 2 2 2 2 57 58 310
274 2 2 2 2 57 65 305
275 2 2 2 2 65 57 310
276 2 2 2 2 58 59 309
277 2 2 2 2 66 58 309
278 2 2 2 2 58 66 310
279 2 2 2 2 59 60 308
280 2 2 2 2 67 59 308
281 2 2 2 2 59 67 309
282 2 2 2 2 60 61 312
283 2 2 2 2 60 68 308
284 2 2 2 2 68 60 312
285 2 2 2 2 61 62 311
286 2 2 2 2 69 61 311
287 2 2 2 2 61 69 312
288 2 2 2 2 62 70 311
289 2 2 2 2 70 62 313
290 2 2 2 2 64 63 307
291 2 2 2 2 65 64 305
292 2 2 2 2 66 65 310
293 2 2 2 2 67 66 309
294 2 2 2 2 68 67 308
295 2 2 2 2 69 68 312
296 2 2 2 2 70 69 311
297 2 2 2 3 47 434 1
298 2 2 2 3 1 434 71
299 2 2 2 3 4 433 54
300 2 2 2 3 84 433 4
301 2 2 2 3 83 435 9
302 2 2 2 3 9 435 97
303 2 2 2 3 10 436 96
304 2 2 2 3 104 436 10
305 2 2 2 3 48 417 47
306 2 2 2 3 417 434 47
307 2 2 2 3 49 326 48
308 2 2 2 3 326 417 48
309 2 2 2 3 50 404 49
310 2 2 2 3 49 404 326
311 2 2 2 3 51 314 50
312 2 2 2 3 314 404 50
313 2 2 2 3 52 401 51
314 2 2 2 3 51 401 314
315 2 2 2 3 53 324 52
316 2 2 2 3 324 401 52
317 2 2 2 3 54 415 53
318 2 2 2 3 53 415 324
319 2 2 2 3 54 433 415
320 2 2 2 3 71 329 72
321 2 2 2 3 71 434 329
322 2 2 2 3 72 375 73
323 2 2 2 3 329 375 72
324 2 2 2 3 73 322 74
325 2 2 2 3 73 375 322
326 2 2 2 3 74 385 75
327 2 2 2 3 322 385 74
328 2 2 2 3 75 316 76
329 2 2 2 3 75 385 316
330 2 2 2 3 76 399 77
331 2 2 2 3 316 399 76
332 2 2 2 3 77 393 78
333 2 2 2 3 77 399 393
334 2 2 2 3 78 317 79
335 2 2 2 3 78 393 317
336 2 2 2 3 79 388 80
337 2 2 2 3 317 388 79
338 2 2 2 3 80 321 81
339 2 2 2 3 80 388 321
340 2 2 2 3 81 374 82
341 2 2 2 3 321 374 81
342 2 2 2 3 82 330 83
343 2 2 2 3 82 374 330
344 2 2 2 3 330 435 83
345 2 2 2 3 85 328 84
346 2 2 2 3 328 433 84
347 2 2 2 3 86 331 85
348 2 2 2 3 85 331 328
349 2 2 2 3 87 320 86
350 2 2 2 3 320 331 86
351 2 2 2 3 88 389 87
352 2 2 2 3 87 389 320
353 2 2 2 3 89 390 88
354 2 2 2 3 88 390 389
355 2 2 2 3 90 318 89
356 2 2 2 3 318 390 89
357 2 2 2 3 91 397 90
358 2 2 2 3 90 397 318
359 2 2 2 3 92 411 91
360 2 2 2 3 91 411 397
361 2 2 2 3 93 319 92
362 2 2 2 3 319 411 92
363 2 2 2 3 94 371 93
364 2 2 2 3 93 371 319
365 2 2 2 3 95 323 94
366 2 2 2 3 323 371 94
367 2 2 2 3 96 369 95
368 2 2 2 3 95 369 323
369 2 2 2 3 96 436 369
370 2 2 2 3 97 416 98
371 2 2 2 3 97 435 416
372 2 2 2 3 98 325 99
373 2 2 2 3 98 416 325
374 2 2 2 3 99 405 100
375 2 2 2 3 325 405 99
376 2 2 2 3 100 315 101
377 2 2 2 3 100 405 315
378 2 2 2 3 101 402 102
379 2 2 2 3 315 402 101
380 2 2 2 3 102 327 103
381 2 2 2 3 102 402 327
382 2 2 2 3 103 426 104
383 2 2 2 3 327 426 103
384 2 2 2 3 426 436 104
385 2 2 2 3 401 432 314
386 2 2 2 3 314 408 404
387 2 2 2 3 314 432 408
388 2 2 2 3 315 437 402
389 2 2 2 3 405 420 315
390 2 2 2 3 420 437 315
391 2 2 2 3 385 386 316
392 2 2 2 3 386 387 316
393 2 2 2 3 387 399 316
394 2 2 2 3 317 425 388
395 2 2 2 3 393 394 317
396 2 2 2 3 394 425 317
397 2 2 2 3 318 409 390
398 2 2 2 3 397 407 318
399 2 2 2 3 407 409 318
400 2 2 2 3 319 371 370
401 2 2 2 3 370 372 319
402 2 2 2 3 372 411 319
403 2 2 2 3 320 332 331
404 2 2 2 3 320 333 332
405 2 2 2 3 320 389 333
406 2 2 2 3 321 428 374
407 2 2 2 3 388 427 321
408 2 2 2 3 427 428 321
409 2 2 2 3 375 376 322
410 2 2 2 3 376 377 322
411 2 2 2 3 377 385 322
412 2 2 2 3 323 368 367
413 2 2 2 3 367 371 323
414 2 2 2 3 323 369 368
415 2 2 2 3 324 429 401
416 2 2 2 3 415 440 324
417 2 2 2 3 324 440 429
418 2 2 2 3 325 430 405
419 2 2 2 3 416 439 325
420 2 2 2 3 325 439 430
421 2 2 2 3 404 414 326
422 2 2 2 3 414 441 326
423 2 2 2 3 326 441 417
424 2 2 2 3 402 419 327
425 2 2 2 3 419 438 327
426 2 2 2 3 327 438 426
427 2 2 2 3 331 381 328
428 2 2 2 3 381 440 328
429 2 2 2 3 415 433 328
430 2 2 2 3 328 440 415
431 2 2 2 3 329 380 375
432 2 2 2 3 329 441 380
433 2 2 2 3 329 434 417
434 2 2 2 3 417 441 329
435 2 2 2 3 374 410 330
436 2 2 2 3 410 439 330
437 2 2 2 3 416 435 330
438 2 2 2 3 330 439 416
439 2 2 2 3 332 381 331
440 2 2 2 3 333 334 332
441 2 2 2 3 334 359 332
442 2 2 2 3 359 381 332
443 2 2 2 3 333 335 334
444 2 2 2 3 333 360 335
445 2 2 2 3 333 389 360
446 2 2 2 3 335 336 334
447 2 2 2 3 336 382 334
448 2 2 2 3 334 382 359
449 2 2 2 3 335 337 336
450 2 2 2 3 335 406 337
451 2 2 2 3 360 406 335
452 2 2 2 3 337 338 336
453 2 2 2 3 338 351 336
454 2 2 2 3 351 382 336
455 2 2 2 3 337 339 338
456 2 2 2 3 337 340 339
457 2 2 2 3 337 406 340
458 2 2 2 3 339 353 338
459 2 2 2 3 338 413 351
460 2 2 2 3 353 413 338
461 2 2 2 3 340 341 339
462 2 2 2 3 341 398 339
463 2 2 2 3 339 398 353
464 2 2 2 3 340 342 341
465 2 2 2 3 340 361 342
466 2 2 2 3 340 406 361
467 2 2 2 3 342 343 341
468 2 2 2 3 343 350 341
469 2 2 2 3 350 398 341
470 2 2 2 3 342 344 343
471 2 2 2 3 342 391 344
472 2 2 2 3 361 391 342
473 2 2 2 3 344 345 343
474 2 2 2 3 345 395 343
475 2 2 2 3 343 395 350
476 2 2 2 3 344 346 345
477 2 2 2 3 344 356 346
478 2 2 2 3 344 391 356
479 2 2 2 3 346 347 345
480 2 2 2 3 347 403 345
481 2 2 2 3 345 403 395
482 2 2 2 3 346 348 347
483 2 2 2 3 346 400 348
484 2 2 2 3 356 400 346
485 2 2 2 3 348 349 347
486 2 2 2 3 349 354 347
487 2 2 2 3 354 403 347
488 2 2 2 3 348 352 349
489 2 2 2 3 348 357 352
490 2 2 2 3 348 400 357
491 2 2 2 3 352 373 349
492 2 2 2 3 349 355 354
493 2 2 2 3 349 373 355
494 2 2 2 3 395 423 350
495 2 2 2 3 350 422 398
496 2 2 2 3 350 423 422
497 2 2 2 3 351 383 382
498 2 2 2 3 351 412 383
499 2 2 2 3 351 413 412
500 2 2 2 3 357 358 352
501 2 2 2 3 358 366 352
502 2 2 2 3 366 373 352
503 2 2 2 3 398 421 353
504 2 2 2 3 353 418 413
505 2 2 2 3 353 421 418
506 2 2 2 3 355 362 354
507 2 2 2 3 362 364 354
508 2 2 2 3 364 403 354
509 2 2 2 3 355 363 362
510 2 2 2 3 355 365 363
511 2 2 2 3 355 373 365
512 2 2 2 3 356 392 372
513 2 2 2 3 372 400 356
514 2 2 2 3 391 392 356
515 2 2 2 3 357 367 358
516 2 2 2 3 357 370 367
517 2 2 2 3 357 400 370
518 2 2 2 3 358 419 366
519 2 2 2 3 367 368 358
520 2 2 2 3 368 419 358
521 2 2 2 3 359 429 381
522 2 2 2 3 382 384 359
523 2 2 2 3 384 429 359
524 2 2 2 3 389 390 360
525 2 2 2 3 390 409 360
526 2 2 2 3 360 409 406
527 2 2 2 3 361 407 391
528 2 2 2 3 406 409 361
529 2 2 2 3 361 409 407
530 2 2 2 3 363 428 362
531 2 2 2 3 362 427 364
532 2 2 2 3 362 428 427
533 2 2 2 3 365 430 363
534 2 2 2 3 410 428 363
535 2 2 2 3 363 430 410
536 2 2 2 3 364 424 403
537 2 2 2 3 364 425 424
538 2 2 2 3 364 427 425
539 2 2 2 3 373 420 365
540 2 2 2 3 365 420 405
541 2 2 2 3 405 430 365
542 2 2 2 3 366 420 373
543 2 2 2 3 419 437 366
544 2 2 2 3 366 437 420
545 2 2 2 3 370 371 367
546 2 2 2 3 369 438 368
547 2 2 2 3 368 438 419
548 2 2 2 3 369 436 426
549 2 2 2 3 426 438 369
550 2 2 2 3 370 400 372
551 2 2 2 3 392 411 372
552 2 2 2 3 374 428 410
553 2 2 2 3 375 380 376
554 2 2 2 3 376 378 377
555 2 2 2 3 376 379 378
556 2 2 2 3 376 380 379
557 2 2 2 3 378 418 377
558 2 2 2 3 377 386 385
559 2 2 2 3 377 418 386
560 2 2 2 3 379 412 378
561 2 2 2 3 412 413 378
562 2 2 2 3 413 418 378
563 2 2 2 3 380 414 379
564 2 2 2 3 379 431 412
565 2 2 2 3 414 431 379
566 2 2 2 3 380 441 414
567 2 2 2 3 429 440 381
568 2 2 2 3 383 384 382
569 2 2 2 3 383 432 384
570 2 2 2 3 383 431 408
571 2 2 2 3 408 432 383
572 2 2 2 3 412 431 383
573 2 2 2 3 401 429 384
574 2 2 2 3 384 432 401
575 2 2 2 3 386 421 387
576 2 2 2 3 418 421 386
577 2 2 2 3 396 399 387
578 2 2 2 3 387 422 396
579 2 2 2 3 421 422 387
580 2 2 2 3 425 427 388
581 2 2 2 3 391 407 392
582 2 2 2 3 392 407 397
583 2 2 2 3 397 411 392
584 2 2 2 3 393 396 394
585 2 2 2 3 393 399 396
586 2 2 2 3 396 423 394
587 2 2 2 3 423 424 394
588 2 2 2 3 424 425 394
589 2 2 2 3 403 424 395
590 2 2 2 3 395 424 423
591 2 2 2 3 422 423 396
592 2 2 2 3 398 422 421
593 2 2 2 3 402 437 419
594 2 2 2 3 408 414 404
595 2 2 2 3 408 431 414
596 2 2 2 3 430 439 410
597 2 2 2 4 1 644 17
598 2 2 2 4 71 644 1
599 2 2 2 4 27 650 2
600 2 2 2 4 2 650 105
601 2 2 2 4 5 442 6
602 2 2 2 4 133 444 5
603 2 2 2 4 5 632 442
604 2 2 2 4 444 454 5
605 2 2 2 4 454 632 5
606 2 2 2 4 6 449 128
607 2 2 2 4 442 464 6
608 2 2 2 4 6 634 449
609 2 2 2 4 464 634 6
610 2 2 2 4 9 643 83
611 2 2 2 4 112 643 9
612 2 2 2 4 111 642 11
613 2 2 2 4 11 642 137
614 2 2 2 4 12 651 122
615 2 2 2 4 123 651 12
616 2 2 2 4 13 648 127
617 2 2 2 4 132 648 13
618 2 2 2 4 17 518 18
619 2 2 2 4 17 644 518
620 2 2 2 4 18 649 19
621 2 2 2 4 518 649 18
622 2 2 2 4 19 465 20
623 2 2 2 4 19 649 465
624 2 2 2 4 20 652 21
625 2 2 2 4 465 652 20
626 2 2 2 4 21 447 22
627 2 2 2 4 21 652 447
628 2 2 2 4 22 645 23
629 2 2 2 4 447 645 22
630 2 2 2 4 23 646 24
631 2 2 2 4 645 646 23
632 2 2 2 4 24 450 25
633 2 2 2 4 24 646 450
634 2 2 2 4 25 589 26
635 2 2 2 4 450 589 25
636 2 2 2 4 26 519 27
637 2 2 2 4 26 589 519
638 2 2 2 4 519 650 27
639 2 2 2 4 72 609 71
640 2 2 2 4 609 644 71
641 2 2 2 4 73 487 72
642 2 2 2 4 487 609 72
643 2 2 2 4 74 582 73
644 2 2 2 4 73 582 487
645 2 2 2 4 75 443 74
646 2 2 2 4 443 582 74
647 2 2 2 4 76 573 75
648 2 2 2 4 75 573 443
649 2 2 2 4 77 572 76
650 2 2 2 4 572 573 76
651 2 2 2 4 78 466 77
652 2 2 2 4 466 572 77
653 2 2 2 4 79 564 78
654 2 2 2 4 78 564 466
655 2 2 2 4 80 446 79
656 2 2 2 4 446 564 79
657 2 2 2 4 81 567 80
658 2 2 2 4 80 567 446
659 2 2 2 4 82 484 81
660 2 2 2 4 484 567 81
661 2 2 2 4 83 605 82
662 2 2 2 4 82 605 484
663 2 2 2 4 83 643 605
664 2 2 2 4 105 608 106
665 2 2 2 4 105 650 608
666 2 2 2 4 106 486 107
667 2 2 2 4 106 608 486
668 2 2 2 4 107 592 108
669 2 2 2 4 486 592 107
670 2 2 2 4 108 448 109
671 2 2 2 4 108 592 448
672 2 2 2 4 109 583 110
673 2 2 2 4 448 583 109
674 2 2 2 4 110 504 111
675 2 2 2 4 110 583 504
676 2 2 2 4 504 642 111
677 2 2 2 4 113 517 112
678 2 2 2 4 517 643 112
679 2 2 2 4 114 640 113
680 2 2 2 4 113 640 517
681 2 2 2 4 115 445 114
682 2 2 2 4 445 640 114
683 2 2 2 4 116 657 115
684 2 2 2 4 115 657 445
685 2 2 2 4 117 626 116
686 2 2 2 4 116 626 576
687 2 2 2 4 576 657 116
688 2 2 2 4 118 452 117
689 2 2 2 4 452 626 117
690 2 2 2 4 119 574 118
691 2 2 2 4 118 574 452
692 2 2 2 4 120 451 119
693 2 2 2 4 451 574 119
694 2 2 2 4 121 578 120
695 2 2 2 4 120 578 451
696 2 2 2 4 122 520 121
697 2 2 2 4 520 578 121
698 2 2 2 4 122 651 520
699 2 2 2 4 124 607 123
700 2 2 2 4 607 651 123
701 2 2 2 4 125 485 124
702 2 2 2 4 485 607 124
703 2 2 2 4 126 594 125
704 2 2 2 4 125 594 485
705 2 2 2 4 127 505 126
706 2 2 2 4 505 594 126
707 2 2 2 4 127 648 505
708 2 2 2 4 128 556 129
709 2 2 2 4 449 556 128
710 2 2 2 4 129 474 130
711 2 2 2 4 129 556 474
712 2 2 2 4 130 664 131
713 2 2 2 4 474 664 130
714 2 2 2 4 131 618 132
715 2 2 2 4 131 664 618
716 2 2 2 4 618 648 132
717 2 2 2 4 134 620 133
718 2 2 2 4 133 620 444
719 2 2 2 4 135 453 134
720 2 2 2 4 453 620 134
721 2 2 2 4 136 628 135
722 2 2 2 4 135 628 453
723 2 2 2 4 137 585 136
724 2 2 2 4 585 628 136
725 2 2 2 4 137 642 585
726 2 2 2 4 442 468 464
727 2 2 2 4 442 516 468
728 2 2 2 4 442 632 516
729 2 2 2 4 573 669 443
730 2 2 2 4 443 625 582
731 2 2 2 4 443 669 625
732 2 2 2 4 444 455 454
733 2 2 2 4 444 513 455
734 2 2 2 4 444 620 513
735 2 2 2 4 561 563 445
736 2 2 2 4 445 615 561
737 2 2 2 4 563 640 445
738 2 2 2 4 445 657 615
739 2 2 2 4 446 565 564
740 2 2 2 4 446 566 565
741 2 2 2 4 446 567 566
742 2 2 2 4 447 652 558
743 2 2 2 4 558 661 447
744 2 2 2 4 616 645 447
745 2 2 2 4 447 661 616
746 2 2 2 4 448 670 583
747 2 2 2 4 592 670 448
748 2 2 2 4 526 575 449
749 2 2 2 4 449 634 526
750 2 2 2 4 449 658 556
751 2 2 2 4 575 658 449
752 2 2 2 4 450 662 589
753 2 2 2 4 450 646 635
754 2 2 2 4 635 662 450
755 2 2 2 4 451 595 574
756 2 2 2 4 578 647 451
757 2 2 2 4 451 647 595
758 2 2 2 4 452 543 542
759 2 2 2 4 542 626 452
760 2 2 2 4 452 604 543
761 2 2 2 4 574 604 452
762 2 2 2 4 586 611 453
763 2 2 2 4 453 628 586
764 2 2 2 4 611 663 453
765 2 2 2 4 453 663 620
766 2 2 2 4 455 456 454
767 2 2 2 4 456 624 454
768 2 2 2 4 624 632 454
769 2 2 2 4 455 457 456
770 2 2 2 4 455 602 457
771 2 2 2 4 513 602 455
772 2 2 2 4 457 458 456
773 2 2 2 4 458 459 456
774 2 2 2 4 459 624 456
775 2 2 2 4 457 462 458
776 2 2 2 4 457 463 462
777 2 2 2 4 457 602 463
778 2 2 2 4 458 460 459
779 2 2 2 4 458 601 460
780 2 2 2 4 462 601 458
781 2 2 2 4 460 461 459
782 2 2 2 4 461 541 459
783 2 2 2 4 541 624 459
784 2 2 2 4 460 467 461
785 2 2 2 4 460 629 467
786 2 2 2 4 601 629 460
787 2 2 2 4 467 481 461
788 2 2 2 4 481 596 461
789 2 2 2 4 461 596 541
790 2 2 2 4 463 476 462
791 2 2 2 4 476 478 462
792 2 2 2 4 478 601 462
793 2 2 2 4 463 477 476
794 2 2 2 4 463 598 477
795 2 2 2 4 463 602 598
796 2 2 2 4 468 469 464
797 2 2 2 4 469 526 464
798 2 2 2 4 526 634 464
799 2 2 2 4 558 652 465
800 2 2 2 4 465 656 558
801 2 2 2 4 465 649 560
802 2 2 2 4 560 656 465
803 2 2 2 4 564 569 466
804 2 2 2 4 569 571 466
805 2 2 2 4 571 572 466
806 2 2 2 4 467 488 481
807 2 2 2 4 467 489 488
808 2 2 2 4 467 629 489
809 2 2 2 4 468 470 469
810 2 2 2 4 468 622 470
811 2 2 2 4 516 622 468
812 2 2 2 4 470 471 469
813 2 2 2 4 471 613 469
814 2 2 2 4 469 613 526
815 2 2 2 4 470 472 471
816 2 2 2 4 470 506 472
817 2 2 2 4 470 622 506
818 2 2 2 4 472 473 471
819 2 2 2 4 473 475 471
820 2 2 2 4 475 613 471
821 2 2 2 4 472 479 473
822 2 2 2 4 472 641 479
823 2 2 2 4 506 641 472
824 2 2 2 4 473 614 475
825 2 2 2 4 479 480 473
826 2 2 2 4 480 614 473
827 2 2 2 4 556 621 474
828 2 2 2 4 590 591 474
829 2 2 2 4 474 621 590
830 2 2 2 4 591 664 474
831 2 2 2 4 475 614 559
832 2 2 2 4 559 671 475
833 2 2 2 4 475 671 613
834 2 2 2 4 477 482 476
835 2 2 2 4 476 603 478
836 2 2 2 4 482 603 476
837 2 2 2 4 477 483 482
838 2 2 2 4 477 490 483
839 2 2 2 4 477 598 490
840 2 2 2 4 580 581 478
841 2 2 2 4 478 603 580
842 2 2 2 4 581 601 478
843 2 2 2 4 479 492 480
844 2 2 2 4 479 495 492
845 2 2 2 4 479 641 495
846 2 2 2 4 492 493 480
847 2 2 2 4 493 494 480
848 2 2 2 4 494 614 480
849 2 2 2 4 488 498 481
850 2 2 2 4 498 521 481
851 2 2 2 4 521 596 481
852 2 2 2 4 483 497 482
853 2 2 2 4 497 499 482
854 2 2 2 4 499 603 482
855 2 2 2 4 490 491 483
856 2 2 2 4 491 600 483
857 2 2 2 4 483 600 497
858 2 2 2 4 484 568 567
859 2 2 2 4 484 666 568
860 2 2 2 4 484 605 588
861 2 2 2 4 588 666 484
862 2 2 2 4 594 653 485
863 2 2 2 4 485 667 607
864 2 2 2 4 653 667 485
865 2 2 2 4 486 608 577
866 2 2 2 4 577 627 486
867 2 2 2 4 486 627 592
868 2 2 2 4 582 593 487
869 2 2 2 4 593 638 487
870 2 2 2 4 487 638 609
871 2 2 2 4 489 633 488
872 2 2 2 4 488 500 498
873 2 2 2 4 488 633 500
874 2 2 2 4 489 630 538
875 2 2 2 4 538 633 489
876 2 2 2 4 489 629 581
877 2 2 2 4 581 630 489
878 2 2 2 4 490 496 491
879 2 2 2 4 490 514 496
880 2 2 2 4 490 598 514
881 2 2 2 4 496 501 491
882 2 2 2 4 501 507 491
883 2 2 2 4 507 600 491
884 2 2 2 4 492 503 493
885 2 2 2 4 495 623 492
886 2 2 2 4 492 623 503
887 2 2 2 4 493 502 494
888 2 2 2 4 493 610 502
889 2 2 2 4 503 610 493
890 2 2 2 4 502 509 494
891 2 2 2 4 509 510 494
892 2 2 2 4 510 614 494
893 2 2 2 4 495 619 570
894 2 2 2 4 570 623 495
895 2 2 2 4 597 619 495
896 2 2 2 4 495 641 597
897 2 2 2 4 496 637 501
898 2 2 2 4 514 515 496
899 2 2 2 4 515 637 496
900 2 2 2 4 497 508 499
901 2 2 2 4 497 524 508
902 2 2 2 4 497 600 524
903 2 2 2 4 500 631 498
904 2 2 2 4 498 522 521
905 2 2 2 4 498 631 522
906 2 2 2 4 508 527 499
907 2 2 2 4 527 528 499
908 2 2 2 4 528 603 499
909 2 2 2 4 599 631 500
910 2 2 2 4 500 636 599
911 2 2 2 4 633 636 500
912 2 2 2 4 501 523 507
913 2 2 2 4 501 540 523
914 2 2 2 4 501 637 540
915 2 2 2 4 502 561 509
916 2 2 2 4 502 562 561
917 2 2 2 4 502 610 562
918 2 2 2 4 503 659 610
919 2 2 2 4 623 655 503
920 2 2 2 4 655 659 503
921 2 2 2 4 583 584 504
922 2 2 2 4 584 585 504
923 2 2 2 4 585 642 504
924 2 2 2 4 505 639 594
925 2 2 2 4 618 639 505
926 2 2 2 4 505 648 618
927 2 2 2 4 541 596 506
928 2 2 2 4 506 622 541
929 2 2 2 4 596 597 506
930 2 2 2 4 597 641 506
931 2 2 2 4 523 525 507
932 2 2 2 4 525 617 507
933 2 2 2 4 507 617 600
934 2 2 2 4 524 539 508
935 2 2 2 4 508 616 527
936 2 2 2 4 539 616 508
937 2 2 2 4 509 511 510
938 2 2 2 4 509 615 511
939 2 2 2 4 561 615 509
940 2 2 2 4 511 512 510
941 2 2 2 4 512 559 510
942 2 2 2 4 559 614 510
943 2 2 2 4 511 542 512
944 2 2 2 4 511 576 542
945 2 2 2 4 511 615 576
946 2 2 2 4 542 543 512
947 2 2 2 4 543 544 512
948 2 2 2 4 544 559 512
949 2 2 2 4 513 612 602
950 2 2 2 4 513 663 612
951 2 2 2 4 620 663 513
952 2 2 2 4 514 611 515
953 2 2 2 4 598 612 514
954 2 2 2 4 514 612 611
955 2 2 2 4 515 611 586
956 2 2 2 4 586 672 515
957 2 2 2 4 587 637 515
958 2 2 2 4 515 672 587
959 2 2 2 4 541 622 516
960 2 2 2 4 516 624 541
961 2 2 2 4 516 632 624
962 2 2 2 4 563 588 517
963 2 2 2 4 517 640 563
964 2 2 2 4 588 605 517
965 2 2 2 4 605 643 517
966 2 2 2 4 609 638 518
967 2 2 2 4 518 644 609
968 2 2 2 4 638 668 518
969 2 2 2 4 518 668 649
970 2 2 2 4 577 608 519
971 2 2 2 4 519 665 577
972 2 2 2 4 589 665 519
973 2 2 2 4 608 650 519
974 2 2 2 4 520 606 578
975 2 2 2 4 520 607 606
976 2 2 2 4 520 651 607
977 2 2 2 4 522 619 521
978 2 2 2 4 521 597 596
979 2 2 2 4 521 619 597
980 2 2 2 4 569 570 522
981 2 2 2 4 522 571 569
982 2 2 2 4 570 619 522
983 2 2 2 4 522 631 571
984 2 2 2 4 523 577 525
985 2 2 2 4 540 627 523
986 2 2 2 4 523 627 577
987 2 2 2 4 524 635 539
988 2 2 2 4 600 617 524
989 2 2 2 4 617 635 524
990 2 2 2 4 577 665 525
991 2 2 2 4 525 662 617
992 2 2 2 4 525 665 662
993 2 2 2 4 526 660 575
994 2 2 2 4 613 660 526
995 2 2 2 4 527 529 528
996 2 2 2 4 527 661 529
997 2 2 2 4 616 661 527
998 2 2 2 4 529 530 528
999 2 2 2 4 530 580 528
1000 2 2 2 4 580 603 528
1001 2 2 2 4 529 531 530
1002 2 2 2 4 529 558 531
1003 2 2 2 4 529 661 558
1004 2 2 2 4 531 532 530
1005 2 2 2 4 532 579 530
1006 2 2 2 4 579 580 530
1007 2 2 2 4 531 533 532
1008 2 2 2 4 531 656 533
1009 2 2 2 4 558 656 531
1010 2 2 2 4 533 534 532
1011 2 2 2 4 534 535 532
1012 2 2 2 4 535 579 532
1013 2 2 2 4 533 537 534
1014 2 2 2 4 533 560 537
1015 2 2 2 4 533 656 560
1016 2 2 2 4 534 536 535
1017 2 2 2 4 534 593 536
1018 2 2 2 4 537 593 534
1019 2 2 2 4 536 538 535
1020 2 2 2 4 538 630 535
1021 2 2 2 4 535 630 579
1022 2 2 2 4 536 557 538
1023 2 2 2 4 536 625 557
1024 2 2 2 4 593 625 536
1025 2 2 2 4 560 668 537
1026 2 2 2 4 537 638 593
1027 2 2 2 4 537 668 638
1028 2 2 2 4 557 636 538
1029 2 2 2 4 538 636 633
1030 2 2 2 4 539 645 616
1031 2 2 2 4 635 646 539
1032 2 2 2 4 539 646 645
1033 2 2 2 4 592 627 540
1034 2 2 2 4 540 670 592
1035 2 2 2 4 637 670 540
1036 2 2 2 4 576 626 542
1037 2 2 2 4 543 545 544
1038 2 2 2 4 543 604 545
1039 2 2 2 4 545 546 544
1040 2 2 2 4 546 553 544
1041 2 2 2 4 553 559 544
1042 2 2 2 4 545 547 546
1043 2 2 2 4 545 654 547
1044 2 2 2 4 604 654 545
1045 2 2 2 4 547 548 546
1046 2 2 2 4 548 575 546
1047 2 2 2 4 546 575 553
1048 2 2 2 4 547 549 548
1049 2 2 2 4 547 550 549
1050 2 2 2 4 547 654 550
1051 2 2 2 4 549 621 548
1052 2 2 2 4 548 658 575
1053 2 2 2 4 621 658 548
1054 2 2 2 4 550 551 549
1055 2 2 2 4 551 590 549
1056 2 2 2 4 590 621 549
1057 2 2 2 4 550 552 551
1058 2 2 2 4 550 647 552
1059 2 2 2 4 595 647 550
1060 2 2 2 4 550 654 595
1061 2 2 2 4 552 554 551
1062 2 2 2 4 554 555 551
1063 2 2 2 4 555 590 551
1064 2 2 2 4 552 606 554
1065 2 2 2 4 578 606 552
1066 2 2 2 4 552 647 578
1067 2 2 2 4 553 671 559
1068 2 2 2 4 575 660 553
1069 2 2 2 4 660 671 553
1070 2 2 2 4 554 653 555
1071 2 2 2 4 606 667 554
1072 2 2 2 4 554 667 653
1073 2 2 2 4 555 591 590
1074 2 2 2 4 555 639 591
1075 2 2 2 4 555 653 639
1076 2 2 2 4 556 658 621
1077 2 2 2 4 625 669 557
1078 2 2 2 4 557 669 636
1079 2 2 2 4 649 668 560
1080 2 2 2 4 562 563 561
1081 2 2 2 4 562 588 563
1082 2 2 2 4 562 666 588
1083 2 2 2 4 610 666 562
1084 2 2 2 4 565 569 564
1085 2 2 2 4 566 655 565
1086 2 2 2 4 565 570 569
1087 2 2 2 4 565 655 570
1088 2 2 2 4 567 568 566
1089 2 2 2 4 568 659 566
1090 2 2 2 4 566 659 655
1091 2 2 2 4 610 659 568
1092 2 2 2 4 568 666 610
1093 2 2 2 4 570 655 623
1094 2 2 2 4 571 599 572
1095 2 2 2 4 571 631 599
1096 2 2 2 4 572 599 573
1097 2 2 2 4 599 669 573
1098 2 2 2 4 595 604 574
1099 2 2 2 4 615 657 576
1100 2 2 2 4 579 581 580
1101 2 2 2 4 579 630 581
1102 2 2 2 4 581 629 601
1103 2 2 2 4 582 625 593
1104 2 2 2 4 583 587 584
1105 2 2 2 4 583 670 587
1106 2 2 2 4 584 586 585
1107 2 2 2 4 584 672 586
1108 2 2 2 4 587 672 584
1109 2 2 2 4 586 628 585
1110 2 2 2 4 587 670 637
1111 2 2 2 4 662 665 589
1112 2 2 2 4 591 639 618
1113 2 2 2 4 618 664 591
1114 2 2 2 4 639 653 594
1115 2 2 2 4 595 654 604
1116 2 2 2 4 602 612 598
1117 2 2 2 4 636 669 599
1118 2 2 2 4 607 667 606
1119 2 2 2 4 612 663 611
1120 2 2 2 4 613 671 660
1121 2 2 2 4 617 662 635
1122 2 2 2 5 55 6 719
1123 2 2 2 5 6 128 719
1124 2 2 2 5 7 62 720
1125 2 2 2 5 146 7 720
1126 2 2 2 5 132 13 722
1127 2 2 2 5 13 138 722
1128 2 2 2 5 145 14 721
1129 2 2 2 5 14 150 721
1130 2 2 2 5 56 55 708
1131 2 2 2 5 708 55 719
1132 2 2 2 5 57 56 716
1133 2 2 2 5 56 708 716
1134 2 2 2 5 58 57 673
1135 2 2 2 5 673 57 716
1136 2 2 2 5 59 58 717
1137 2 2 2 5 58 673 717
1138 2 2 2 5 60 59 676
1139 2 2 2 5 676 59 717
1140 2 2 2 5 61 60 714
1141 2 2 2 5 60 676 714
1142 2 2 2 5 62 61 702
1143 2 2 2 5 702 61 714
1144 2 2 2 5 62 702 720
1145 2 2 2 5 128 129 679
1146 2 2 2 5 128 679 719
1147 2 2 2 5 129 130 683
1148 2 2 2 5 679 129 683
1149 2 2 2 5 130 131 678
1150 2 2 2 5 130 678 683
1151 2 2 2 5 131 132 710
1152 2 2 2 5 678 131 710
1153 2 2 2 5 710 132 722
1154 2 2 2 5 138 139 681
1155 2 2 2 5 138 681 722
1156 2 2 2 5 139 140 715
1157 2 2 2 5 681 139 715
1158 2 2 2 5 140 141 675
1159 2 2 2 5 140 675 715
1160 2 2 2 5 141 142 718
1161 2 2 2 5 675 141 718
1162 2 2 2 5 142 143 674
1163 2 2 2 5 142 674 718
1164 2 2 2 5 143 144 709
1165 2 2 2 5 674 143 709
1166 2 2 2 5 144 145 682
1167 2 2 2 5 144 682 709
1168 2 2 2 5 682 145 721
1169 2 2 2 5 147 146 680
1170 2 2 2 5 680 146 720
1171 2 2 2 5 148 147 701
1172 2 2 2 5 147 680 701
1173 2 2 2 5 149 148 677
1174 2 2 2 5 677 148 701
1175 2 2 2 5 150 149 711
1176 2 2 2 5 149 677 711
1177 2 2 2 5 150 711 721
1178 2 2 2 5 689 673 693
1179 2 2 2 5 673 689 703
1180 2 2 2 5 693 673 716
1181 2 2 2 5 673 703 717
1182 2 2 2 5 705 674 706
1183 2 2 2 5 674 705 718
1184 2 2 2 5 706 674 713
1185 2 2 2 5 674 709 713
1186 2 2 2 5 700 675 704
1187 2 2 2 5 675 700 715
1188 2 2 2 5 704 675 705
1189 2 2 2 5 705 675 718
1190 2 2 2 5 694 676 703
1191 2 2 2 5 676 694 712
1192 2 2 2 5 703 676 717
1193 2 2 2 5 676 712 714
1194 2 2 2 5 677 697 699
1195 2 2 2 5 697 677 701
1196 2 2 2 5 677 699 711
1197 2 2 2 5 683 678 684
1198 2 2 2 5 684 678 685
1199 2 2 2 5 685 678 710
1200 2 2 2 5 679 683 707
1201 2 2 2 5 679 707 708
1202 2 2 2 5 679 708 719
1203 2 2 2 5 680 698 701
1204 2 2 2 5 698 680 702
1205 2 2 2 5 702 680 720
1206 2 2 2 5 685 681 700
1207 2 2 2 5 681 685 710
1208 2 2 2 5 700 681 715
1209 2 2 2 5 681 710 722
1210 2 2 2 5 682 699 709
1211 2 2 2 5 699 682 711
1212 2 2 2 5 711 682 721
1213 2 2 2 5 683 684 707
1214 2 2 2 5 684 685 686
1215 2 2 2 5 684 686 687
1216 2 2 2 5 684 687 707
1217 2 2 2 5 686 685 700
1218 2 2 2 5 687 686 688
1219 2 2 2 5 688 686 704
1220 2 2 2 5 686 700 704
1221 2 2 2 5 687 688 689
1222 2 2 2 5 687 689 693
1223 2 2 2 5 687 693 707
1224 2 2 2 5 689 688 690
1225 2 2 2 5 690 688 691
1226 2 2 2 5 691 688 704
1227 2 2 2 5 689 690 703
1228 2 2 2 5 690 691 692
1229 2 2 2 5 690 692 694
1230 2 2 2 5 690 694 703
1231 2 2 2 5 692 691 706
1232 2 2 2 5 691 704 705
1233 2 2 2 5 691 705 706
1234 2 2 2 5 694 692 695
1235 2 2 2 5 695 692 696
1236 2 2 2 5 696 692 706
1237 2 2 2 5 707 693 708
1238 2 2 2 5 708 693 716
1239 2 2 2 5 694 695 712
1240 2 2 2 5 695 696 697
1241 2 2 2 5 695 697 698
1242 2 2 2 5 695 698 712
1243 2 2 2 5 697 696 699
1244 2 2 2 5 699 696 713
1245 2 2 2 5 696 706 713
1246 2 2 2 5 698 697 701
1247 2 2 2 5 698 702 712
1248 2 2 2 5 709 699 713
1249 2 2 2 5 712 702 714
1250 2 2 2 6 3 943 36
1251 2 2 2 6 151 943 3
1252 2 2 2 6 46 938 4
1253 2 2 2 6 4 938 84
1254 2 2 2 6 7 723 8
1255 2 2 2 6 146 730 7
1256 2 2 2 6 7 924 723
1257 2 2 2 6 730 799 7
1258 2 2 2 6 799 924 7
1259 2 2 2 6 8 725 158
1260 2 2 2 6 723 735 8
1261 2 2 2 6 8 930 725
1262 2 2 2 6 735 930 8
1263 2 2 2 6 96 937 10
1264 2 2 2 6 10 937 168
1265 2 2 2 6 14 939 150
1266 2 2 2 6 163 939 14
1267 2 2 2 6 15 935 157
1268 2 2 2 6 162 935 15
1269 2 2 2 6 16 944 167
1270 2 2 2 6 178 944 16
1271 2 2 2 6 36 831 37
1272 2 2 2 6 36 943 831
1273 2 2 2 6 37 867 38
1274 2 2 2 6 831 867 37
1275 2 2 2 6 38 731 39
1276 2 2 2 6 38 867 731
1277 2 2 2 6 39 869 40
1278 2 2 2 6 731 869 39
1279 2 2 2 6 40 906 41
1280 2 2 2 6 869 906 40
1281 2 2 2 6 41 728 42
1282 2 2 2 6 41 906 728
1283 2 2 2 6 42 936 43
1284 2 2 2 6 728 936 42
1285 2 2 2 6 43 874 44
1286 2 2 2 6 43 936 874
1287 2 2 2 6 44 754 45
1288 2 2 2 6 44 874 754
1289 2 2 2 6 45 870 46
1290 2 2 2 6 754 870 45
1291 2 2 2 6 870 938 46
1292 2 2 2 6 84 886 85
1293 2 2 2 6 84 938 886
1294 2 2 2 6 85 779 86
1295 2 2 2 6 85 886 779
1296 2 2 2 6 86 860 87
1297 2 2 2 6 779 860 86
1298 2 2 2 6 87 724 88
1299 2 2 2 6 87 860 724
1300 2 2 2 6 88 914 89
1301 2 2 2 6 724 914 88
1302 2 2 2 6 89 919 90
1303 2 2 2 6 914 919 89
1304 2 2 2 6 90 925 91
1305 2 2 2 6 919 925 90
1306 2 2 2 6 91 932 92
1307 2 2 2 6 925 926 91
1308 2 2 2 6 926 932 91
1309 2 2 2 6 92 727 93
1310 2 2 2 6 92 932 727
1311 2 2 2 6 93 855 94
1312 2 2 2 6 727 855 93
1313 2 2 2 6 94 761 95
1314 2 2 2 6 94 855 761
1315 2 2 2 6 95 887 96
1316 2 2 2 6 761 887 95
1317 2 2 2 6 887 937 96
1318 2 2 2 6 147 908 146
1319 2 2 2 6 146 908 730
1320 2 2 2 6 148 755 147
1321 2 2 2 6 755 908 147
1322 2 2 2 6 149 877 148
1323 2 2 2 6 148 877 755
1324 2 2 2 6 150 894 149
1325 2 2 2 6 149 894 877
1326 2 2 2 6 150 939 894
1327 2 2 2 6 152 891 151
1328 2 2 2 6 891 943 151
1329 2 2 2 6 153 763 152
1330 2 2 2 6 763 891 152
1331 2 2 2 6 154 865 153
1332 2 2 2 6 153 865 763
1333 2 2 2 6 155 729 154
1334 2 2 2 6 729 865 154
1335 2 2 2 6 156 862 155
1336 2 2 2 6 155 862 729
1337 2 2 2 6 157 791 156
1338 2 2 2 6 791 862 156
1339 2 2 2 6 157 935 791
1340 2 2 2 6 158 840 159
1341 2 2 2 6 725 840 158
1342 2 2 2 6 159 734 160
1343 2 2 2 6 159 840 734
1344 2 2 2 6 160 846 161
1345 2 2 2 6 734 846 160
1346 2 2 2 6 161 882 162
1347 2 2 2 6 846 882 161
1348 2 2 2 6 882 935 162
1349 2 2 2 6 164 792 163
1350 2 2 2 6 792 939 163
1351 2 2 2 6 165 872 164
1352 2 2 2 6 164 872 792
1353 2 2 2 6 166 762 165
1354 2 2 2 6 762 872 165
1355 2 2 2 6 167 890 166
1356 2 2 2 6 166 890 762
1357 2 2 2 6 167 944 890
1358 2 2 2 6 168 804 169
1359 2 2 2 6 168 937 804
1360 2 2 2 6 169 910 170
1361 2 2 2 6 804 910 169
1362 2 2 2 6 170 726 171
1363 2 2 2 6 170 910 726
1364 2 2 2 6 171 934 172
1365 2 2 2 6 726 934 171
1366 2 2 2 6 172 902 173
1367 2 2 2 6 838 902 172
1368 2 2 2 6 172 934 838
1369 2 2 2 6 173 733 174
1370 2 2 2 6 173 902 733
1371 2 2 2 6 174 927 175
1372 2 2 2 6 733 927 174
1373 2 2 2 6 175 732 176
1374 2 2 2 6 175 927 732
1375 2 2 2 6 176 921 177
1376 2 2 2 6 732 921 176
1377 2 2 2 6 177 809 178
1378 2 2 2 6 177 921 809
1379 2 2 2 6 809 944 178
1380 2 2 2 6 723 736 735
1381 2 2 2 6 723 738 736
1382 2 2 2 6 723 924 738
1383 2 2 2 6 860 917 724
1384 2 2 2 6 909 914 724
1385 2 2 2 6 724 917 909
1386 2 2 2 6 725 843 840
1387 2 2 2 6 725 946 843
1388 2 2 2 6 930 946 725
1389 2 2 2 6 726 845 839
1390 2 2 2 6 839 907 726
1391 2 2 2 6 726 910 845
1392 2 2 2 6 907 934 726
1393 2 2 2 6 727 941 855
1394 2 2 2 6 727 932 922
1395 2 2 2 6 922 941 727
1396 2 2 2 6 728 850 848
1397 2 2 2 6 848 936 728
1398 2 2 2 6 728 851 850
1399 2 2 2 6 728 906 851
1400 2 2 2 6 862 863 729
1401 2 2 2 6 863 864 729
1402 2 2 2 6 864 865 729
1403 2 2 2 6 730 800 799
1404 2 2 2 6 730 801 800
1405 2 2 2 6 730 908 801
1406 2 2 2 6 867 903 731
1407 2 2 2 6 731 880 869
1408 2 2 2 6 731 903 880
1409 2 2 2 6 732 927 844
1410 2 2 2 6 844 928 732
1411 2 2 2 6 849 921 732
1412 2 2 2 6 732 928 849
1413 2 2 2 6 733 902 836
1414 2 2 2 6 836 931 733
1415 2 2 2 6 844 927 733
1416 2 2 2 6 733 931 844
1417 2 2 2 6 840 841 734
1418 2 2 2 6 841 842 734
1419 2 2 2 6 842 846 734
1420 2 2 2 6 736 737 735
1421 2 2 2 6 737 832 735
1422 2 2 2 6 832 930 735
1423 2 2 2 6 736 739 737
1424 2 2 2 6 738 898 736
1425 2 2 2 6 736 898 739
1426 2 2 2 6 739 740 737
1427 2 2 2 6 740 879 737
1428 2 2 2 6 737 879 832
1429 2 2 2 6 857 898 738
1430 2 2 2 6 738 954 857
1431 2 2 2 6 924 954 738
1432 2 2 2 6 739 741 740
1433 2 2 2 6 739 854 741
1434 2 2 2 6 739 898 854
1435 2 2 2 6 741 742 740
1436 2 2 2 6 742 743 740
1437 2 2 2 6 743 879 740
1438 2 2 2 6 741 747 742
1439 2 2 2 6 741 748 747
1440 2 2 2 6 741 854 748
1441 2 2 2 6 742 744 743
1442 2 2 2 6 742 899 744
1443 2 2 2 6 747 899 742
1444 2 2 2 6 744 745 743
1445 2 2 2 6 745 876 743
1446 2 2 2 6 876 879 743
1447 2 2 2 6 744 746 745
1448 2 2 2 6 744 758 746
1449 2 2 2 6 744 899 758
1450 2 2 2 6 746 749 745
1451 2 2 2 6 749 751 745
1452 2 2 2 6 751 876 745
1453 2 2 2 6 746 750 749
1454 2 2 2 6 746 942 750
1455 2 2 2 6 758 942 746
1456 2 2 2 6 748 756 747
1457 2 2 2 6 756 875 747
1458 2 2 2 6 875 899 747
1459 2 2 2 6 748 757 756
1460 2 2 2 6 748 766 757
1461 2 2 2 6 748 854 766
1462 2 2 2 6 750 892 749
1463 2 2 2 6 749 752 751
1464 2 2 2 6 749 892 752
1465 2 2 2 6 750 859 858
1466 2 2 2 6 858 892 750
1467 2 2 2 6 750 942 859
1468 2 2 2 6 752 753 751
1469 2 2 2 6 753 868 751
1470 2 2 2 6 868 876 751
1471 2 2 2 6 752 759 753
1472 2 2 2 6 752 778 759
1473 2 2 2 6 752 892 778
1474 2 2 2 6 759 760 753
1475 2 2 2 6 760 780 753
1476 2 2 2 6 780 868 753
1477 2 2 2 6 754 873 870
1478 2 2 2 6 754 929 873
1479 2 2 2 6 874 929 754
1480 2 2 2 6 833 871 755
1481 2 2 2 6 755 877 833
1482 2 2 2 6 871 952 755
1483 2 2 2 6 755 952 908
1484 2 2 2 6 757 764 756
1485 2 2 2 6 764 765 756
1486 2 2 2 6 765 875 756
1487 2 2 2 6 757 889 764
1488 2 2 2 6 766 767 757
1489 2 2 2 6 767 889 757
1490 2 2 2 6 758 918 861
1491 2 2 2 6 861 942 758
1492 2 2 2 6 899 918 758
1493 2 2 2 6 759 776 760
1494 2 2 2 6 759 878 776
1495 2 2 2 6 778 878 759
1496 2 2 2 6 776 777 760
1497 2 2 2 6 777 896 760
1498 2 2 2 6 760 896 780
1499 2 2 2 6 834 888 761
1500 2 2 2 6 761 950 834
1501 2 2 2 6 855 950 761
1502 2 2 2 6 761 888 887
1503 2 2 2 6 762 951 872
1504 2 2 2 6 890 904 762
1505 2 2 2 6 904 951 762
1506 2 2 2 6 865 912 763
1507 2 2 2 6 763 920 891
1508 2 2 2 6 912 920 763
1509 2 2 2 6 764 785 765
1510 2 2 2 6 764 798 785
1511 2 2 2 6 764 889 798
1512 2 2 2 6 785 786 765
1513 2 2 2 6 786 805 765
1514 2 2 2 6 805 875 765
1515 2 2 2 6 766 768 767
1516 2 2 2 6 766 808 768
1517 2 2 2 6 766 854 808
1518 2 2 2 6 768 769 767
1519 2 2 2 6 769 783 767
1520 2 2 2 6 783 889 767
1521 2 2 2 6 768 770 769
1522 2 2 2 6 768 856 770
1523 2 2 2 6 808 856 768
1524 2 2 2 6 770 771 769
1525 2 2 2 6 771 895 769
1526 2 2 2 6 769 895 783
1527 2 2 2 6 770 772 771
1528 2 2 2 6 770 773 772
1529 2 2 2 6 770 856 773
1530 2 2 2 6 772 781 771
1531 2 2 2 6 781 782 771
1532 2 2 2 6 782 895 771
1533 2 2 2 6 773 774 772
1534 2 2 2 6 774 883 772
1535 2 2 2 6 772 883 781
1536 2 2 2 6 773 775 774
1537 2 2 2 6 773 796 775
1538 2 2 2 6 773 856 796
1539 2 2 2 6 775 793 774
1540 2 2 2 6 793 797 774
1541 2 2 2 6 797 883 774
1542 2 2 2 6 775 794 793
1543 2 2 2 6 775 852 794
1544 2 2 2 6 796 852 775
1545 2 2 2 6 776 787 777
1546 2 2 2 6 776 790 787
1547 2 2 2 6 776 878 790
1548 2 2 2 6 787 788 777
1549 2 2 2 6 788 789 777
1550 2 2 2 6 789 896 777
1551 2 2 2 6 866 885 778
1552 2 2 2 6 778 892 866
1553 2 2 2 6 778 885 878
1554 2 2 2 6 779 923 860
1555 2 2 2 6 886 947 779
1556 2 2 2 6 779 947 923
1557 2 2 2 6 780 949 868
1558 2 2 2 6 896 913 780
1559 2 2 2 6 913 949 780
1560 2 2 2 6 781 784 782
1561 2 2 2 6 781 839 784
1562 2 2 2 6 781 883 839
1563 2 2 2 6 784 834 782
1564 2 2 2 6 834 835 782
1565 2 2 2 6 835 895 782
1566 2 2 2 6 783 897 889
1567 2 2 2 6 895 916 783
1568 2 2 2 6 783 916 897
1569 2 2 2 6 784 888 834
1570 2 2 2 6 839 845 784
1571 2 2 2 6 845 888 784
1572 2 2 2 6 785 893 786
1573 2 2 2 6 798 814 785
1574 2 2 2 6 814 893 785
1575 2 2 2 6 786 806 805
1576 2 2 2 6 786 830 806
1577 2 2 2 6 786 893 830
1578 2 2 2 6 787 795 788
1579 2 2 2 6 790 955 787
1580 2 2 2 6 787 955 795
1581 2 2 2 6 788 956 789
1582 2 2 2 6 795 802 788
1583 2 2 2 6 802 956 788
1584 2 2 2 6 789 881 853
1585 2 2 2 6 853 896 789
1586 2 2 2 6 789 900 881
1587 2 2 2 6 789 956 900
1588 2 2 2 6 878 933 790
1589 2 2 2 6 790 911 880
1590 2 2 2 6 880 955 790
1591 2 2 2 6 790 933 911
1592 2 2 2 6 791 945 862
1593 2 2 2 6 791 935 882
1594 2 2 2 6 882 945 791
1595 2 2 2 6 872 915 792
1596 2 2 2 6 792 915 894
1597 2 2 2 6 894 939 792
1598 2 2 2 6 794 884 793
1599 2 2 2 6 793 836 797
1600 2 2 2 6 793 884 836
1601 2 2 2 6 852 940 794
1602 2 2 2 6 794 940 884
1603 2 2 2 6 795 803 802
1604 2 2 2 6 795 903 803
1605 2 2 2 6 795 955 903
1606 2 2 2 6 796 901 852
1607 2 2 2 6 856 857 796
1608 2 2 2 6 857 901 796
1609 2 2 2 6 836 838 797
1610 2 2 2 6 838 907 797
1611 2 2 2 6 797 907 883
1612 2 2 2 6 798 837 814
1613 2 2 2 6 798 897 837
1614 2 2 2 6 889 897 798
1615 2 2 2 6 800 901 799
1616 2 2 2 6 901 954 799
1617 2 2 2 6 799 954 924
1618 2 2 2 6 801 815 800
1619 2 2 2 6 815 852 800
1620 2 2 2 6 852 901 800
1621 2 2 2 6 801 816 815
1622 2 2 2 6 801 952 816
1623 2 2 2 6 908 952 801
1624 2 2 2 6 803 912 802
1625 2 2 2 6 802 912 864
1626 2 2 2 6 864 956 802
1627 2 2 2 6 903 953 803
1628 2 2 2 6 803 920 912
1629 2 2 2 6 803 953 920
1630 2 2 2 6 887 888 804
1631 2 2 2 6 804 937 887
1632 2 2 2 6 888 948 804
1633 2 2 2 6 804 948 910
1634 2 2 2 6 806 807 805
1635 2 2 2 6 807 918 805
1636 2 2 2 6 805 918 875
1637 2 2 2 6 806 810 807
1638 2 2 2 6 806 909 810
1639 2 2 2 6 830 909 806
1640 2 2 2 6 810 811 807
1641 2 2 2 6 811 861 807
1642 2 2 2 6 861 918 807
1643 2 2 2 6 854 898 808
1644 2 2 2 6 808 857 856
1645 2 2 2 6 808 898 857
1646 2 2 2 6 849 904 809
1647 2 2 2 6 809 921 849
1648 2 2 2 6 809 904 890
1649 2 2 2 6 890 944 809
1650 2 2 2 6 810 812 811
1651 2 2 2 6 810 917 812
1652 2 2 2 6 909 917 810
1653 2 2 2 6 812 813 811
1654 2 2 2 6 813 859 811
1655 2 2 2 6 859 861 811
1656 2 2 2 6 812 825 813
1657 2 2 2 6 812 923 825
1658 2 2 2 6 917 923 812
1659 2 2 2 6 825 826 813
1660 2 2 2 6 826 827 813
1661 2 2 2 6 827 859 813
1662 2 2 2 6 837 926 814
1663 2 2 2 6 814 925 893
1664 2 2 2 6 814 926 925
1665 2 2 2 6 816 817 815
1666 2 2 2 6 817 940 815
1667 2 2 2 6 815 940 852
1668 2 2 2 6 816 818 817
1669 2 2 2 6 816 871 818
1670 2 2 2 6 816 952 871
1671 2 2 2 6 818 819 817
1672 2 2 2 6 819 822 817
1673 2 2 2 6 822 940 817
1674 2 2 2 6 818 820 819
1675 2 2 2 6 818 821 820
1676 2 2 2 6 818 871 821
1677 2 2 2 6 820 928 819
1678 2 2 2 6 819 844 822
1679 2 2 2 6 819 928 844
1680 2 2 2 6 821 823 820
1681 2 2 2 6 823 849 820
1682 2 2 2 6 849 928 820
1683 2 2 2 6 821 824 823
1684 2 2 2 6 821 833 824
1685 2 2 2 6 821 871 833
1686 2 2 2 6 844 931 822
1687 2 2 2 6 822 931 884
1688 2 2 2 6 884 940 822
1689 2 2 2 6 824 951 823
1690 2 2 2 6 823 904 849
1691 2 2 2 6 823 951 904
1692 2 2 2 6 833 915 824
1693 2 2 2 6 824 915 872
1694 2 2 2 6 872 951 824
1695 2 2 2 6 825 873 826
1696 2 2 2 6 825 947 873
1697 2 2 2 6 923 947 825
1698 2 2 2 6 826 828 827
1699 2 2 2 6 826 929 828
1700 2 2 2 6 873 929 826
1701 2 2 2 6 828 829 827
1702 2 2 2 6 829 858 827
1703 2 2 2 6 858 859 827
1704 2 2 2 6 828 848 829
1705 2 2 2 6 828 874 848
1706 2 2 2 6 828 929 874
1707 2 2 2 6 848 850 829
1708 2 2 2 6 850 866 829
1709 2 2 2 6 829 866 858
1710 2 2 2 6 893 919 830
1711 2 2 2 6 830 914 909
1712 2 2 2 6 830 919 914
1713 2 2 2 6 831 953 867
1714 2 2 2 6 891 920 831
1715 2 2 2 6 831 943 891
1716 2 2 2 6 920 953 831
1717 2 2 2 6 879 905 832
1718 2 2 2 6 905 946 832
1719 2 2 2 6 832 946 930
1720 2 2 2 6 877 915 833
1721 2 2 2 6 834 950 835
1722 2 2 2 6 835 916 895
1723 2 2 2 6 835 941 916
1724 2 2 2 6 835 950 941
1725 2 2 2 6 836 902 838
1726 2 2 2 6 884 931 836
1727 2 2 2 6 897 922 837
1728 2 2 2 6 922 932 837
1729 2 2 2 6 837 932 926
1730 2 2 2 6 838 934 907
1731 2 2 2 6 883 907 839
1732 2 2 2 6 840 843 841
1733 2 2 2 6 841 853 842
1734 2 2 2 6 843 913 841
1735 2 2 2 6 841 913 853
1736 2 2 2 6 842 847 846
1737 2 2 2 6 842 881 847
1738 2 2 2 6 853 881 842
1739 2 2 2 6 843 949 913
1740 2 2 2 6 946 949 843
1741 2 2 2 6 845 948 888
1742 2 2 2 6 910 948 845
1743 2 2 2 6 847 882 846
1744 2 2 2 6 847 881 863
1745 2 2 2 6 863 945 847
1746 2 2 2 6 847 945 882
1747 2 2 2 6 874 936 848
1748 2 2 2 6 851 885 850
1749 2 2 2 6 850 885 866
1750 2 2 2 6 851 933 885
1751 2 2 2 6 906 911 851
1752 2 2 2 6 911 933 851
1753 2 2 2 6 853 913 896
1754 2 2 2 6 941 950 855
1755 2 2 2 6 857 954 901
1756 2 2 2 6 866 892 858
1757 2 2 2 6 859 942 861
1758 2 2 2 6 860 923 917
1759 2 2 2 6 862 945 863
1760 2 2 2 6 863 900 864
1761 2 2 2 6 881 900 863
1762 2 2 2 6 864 912 865
1763 2 2 2 6 900 956 864
1764 2 2 2 6 867 953 903
1765 2 2 2 6 868 905 876
1766 2 2 2 6 868 949 905
1767 2 2 2 6 880 911 869
1768 2 2 2 6 869 911 906
1769 2 2 2 6 873 886 870
1770 2 2 2 6 886 938 870
1771 2 2 2 6 873 947 886
1772 2 2 2 6 875 918 899
1773 2 2 2 6 876 905 879
1774 2 2 2 6 894 915 877
1775 2 2 2 6 885 933 878
1776 2 2 2 6 903 955 880
1777 2 2 2 6 893 925 919
1778 2 2 2 6 916 922 897
1779 2 2 2 6 905 949 946
1780 2 2 2 6 916 941 922
1781 2 2 2 7 8 7 957
1782 2 2 2 7 7 146 957
1783 2 2 2 7 158 8 957
1784 2 2 2 7 14 15 960
1785 2 2 2 7 150 14 960
1786 2 2 2 7 15 162 960
1787 2 2 2 7 146 147 958
1788 2 2 2 7 146 158 957
1789 2 2 2 7 158 146 958
1790 2 2 2 7 147 148 962
1791 2 2 2 7 147 159 958
1792 2 2 2 7 159 147 962
1793 2 2 2 7 148 149 959
1794 2 2 2 7 160 148 959
1795 2 2 2 7 148 160 962
1796 2 2 2 7 149 150 961
1797 2 2 2 7 149 161 959
1798 2 2 2 7 161 149 961
1799 2 2 2 7 162 150 960
1800 2 2 2 7 150 162 961
1801 2 2 2 7 159 158 958
1802 2 2 2 7 160 159 962
1803 2 2 2 7 161 160 959
1804 2 2 2 7 162 161 961
1805 2 2 2 8 11 964 13
1806 2 2 2 8 179 964 11
1807 2 2 2 8 13 964 138
1808 2 2 2 8 14 971 15
1809 2 2 2 8 145 971 14
1810 2 2 2 8 15 971 186
1811 2 2 2 8 138 965 139
1812 2 2 2 8 138 964 179
1813 2 2 2 8 179 965 138
1814 2 2 2 8 139 963 140
1815 2 2 2 8 180 963 139
1816 2 2 2 8 139 965 180
1817 2 2 2 8 140 968 141
1818 2 2 2 8 140 963 181
1819 2 2 2 8 181 968 140
1820 2 2 2 8 141 967 142
1821 2 2 2 8 182 967 141
1822 2 2 2 8 141 968 182
1823 2 2 2 8 142 966 143
1824 2 2 2 8 183 966 142
1825 2 2 2 8 142 967 183
1826 2 2 2 8 143 970 144
1827 2 2 2 8 143 966 184
1828 2 2 2 8 184 970 143
1829 2 2 2 8 144 969 145
1830 2 2 2 8 185 969 144
1831 2 2 2 8 144 970 185
1832 2 2 2 8 145 969 186
1833 2 2 2 8 186 971 145
1834 2 2 2 8 180 965 179
1835 2 2 2 8 181 963 180
1836 2 2 2 8 182 968 181
1837 2 2 2 8 183 967 182
1838 2 2 2 8 184 966 183
1839 2 2 2 8 185 970 184
1840 2 2 2 8 186 969 185
1841 2 2 2 9 6 5 972
1842 2 2 2 9 5 133 972
1843 2 2 2 9 128 6 972
1844 2 2 2 9 11 13 975
1845 2 2 2 9 137 11 975
1846 2 2 2 9 13 132 975
1847 2 2 2 9 129 128 973
1848 2 2 2 9 133 128 972
1849 2 2 2 9 128 133 973
1850 2 2 2 9 130 129 977
1851 2 2 2 9 134 129 973
1852 2 2 2 9 129 134 977
1853 2 2 2 9 131 130 974
1854 2 2 2 9 130 135 974
1855 2 2 2 9 135 130 977
1856 2 2 2 9 132 131 976
1857 2 2 2 9 136 131 974
1858 2 2 2 9 131 136 976
1859 2 2 2 9 132 137 975
1860 2 2 2 9 137 132 976
1861 2 2 2 9 133 134 973
1862 2 2 2 9 134 135 977
1863 2 2 2 9 135 136 974
1864 2 2 2 9 136 137 976
1865 2 2 2 10 12 1024 123
1866 2 2 2 10 187 1024 12
1867 2 2 2 10 127 1027 13
1868 2 2 2 10 13 1027 138
1869 2 2 2 10 145 1025 14
1870 2 2 2 10 14 1025 163
1871 2 2 2 10 167 1026 16
1872 2 2 2 10 16 1026 194
1873 2 2 2 10 123 984 124
1874 2 2 2 10 123 1024 984
1875 2 2 2 10 124 988 125
1876 2 2 2 10 984 988 124
1877 2 2 2 10 125 983 126
1878 2 2 2 10 125 988 983
1879 2 2 2 10 126 1016 127
1880 2 2 2 10 983 1016 126
1881 2 2 2 10 1016 1027 127
1882 2 2 2 10 138 986 139
1883 2 2 2 10 138 1027 986
1884 2 2 2 10 139 1020 140
1885 2 2 2 10 986 1020 139
1886 2 2 2 10 140 980 141
1887 2 2 2 10 140 1020 980
1888 2 2 2 10 141 1023 142
1889 2 2 2 10 980 1023 141
1890 2 2 2 10 142 979 143
1891 2 2 2 10 142 1023 979
1892 2 2 2 10 143 1019 144
1893 2 2 2 10 979 1019 143
1894 2 2 2 10 144 1008 145
1895 2 2 2 10 144 1019 1008
1896 2 2 2 10 1008 1025 145
1897 2 2 2 10 163 985 164
1898 2 2 2 10 163 1025 985
1899 2 2 2 10 164 1007 165
1900 2 2 2 10 985 1007 164
1901 2 2 2 10 165 982 166
1902 2 2 2 10 165 1007 982
1903 2 2 2 10 166 1017 167
1904 2 2 2 10 982 1017 166
1905 2 2 2 10 1017 1026 167
1906 2 2 2 10 188 1013 187
1907 2 2 2 10 1013 1024 187
1908 2 2 2 10 189 1021 188
1909 2 2 2 10 188 1021 1013
1910 2 2 2 10 190 978 189
1911 2 2 2 10 978 1021 189
1912 2 2 2 10 191 1022 190
1913 2 2 2 10 190 1022 978
1914 2 2 2 10 192 981 191
1915 2 2 2 10 981 1022 191
1916 2 2 2 10 193 1014 192
1917 2 2 2 10 192 1014 981
1918 2 2 2 10 194 987 193
1919 2 2 2 10 987 1014 193
1920 2 2 2 10 194 1026 987
1921 2 2 2 10 994 1004 978
1922 2 2 2 10 978 1005 994
1923 2 2 2 10 1004 1021 978
1924 2 2 2 10 978 1022 1005
1925 2 2 2 10 1010 1011 979
1926 2 2 2 10 979 1023 1010
1927 2 2 2 10 1011 1015 979
1928 2 2 2 10 1015 1019 979
1929 2 2 2 10 1006 1009 980
1930 2 2 2 10 980 1020 1006
1931 2 2 2 10 1009 1010 980
1932 2 2 2 10 1010 1023 980
1933 2 2 2 10 998 1005 981
1934 2 2 2 10 981 1018 998
1935 2 2 2 10 1005 1022 981
1936 2 2 2 10 1014 1018 981
1937 2 2 2 10 1001 1002 982
1938 2 2 2 10 982 1007 1001
1939 2 2 2 10 1002 1017 982
1940 2 2 2 10 988 989 983
1941 2 2 2 10 989 990 983
1942 2 2 2 10 990 1016 983
1943 2 2 2 10 984 1012 988
1944 2 2 2 10 984 1013 1012
1945 2 2 2 10 984 1024 1013
1946 2 2 2 10 1003 1007 985
1947 2 2 2 10 985 1008 1003
1948 2 2 2 10 985 1025 1008
1949 2 2 2 10 990 1006 986
1950 2 2 2 10 986 1016 990
1951 2 2 2 10 1006 1020 986
1952 2 2 2 10 986 1027 1016
1953 2 2 2 10 1002 1014 987
1954 2 2 2 10 987 1017 1002
1955 2 2 2 10 987 1026 1017
1956 2 2 2 10 988 1012 989
1957 2 2 2 10 989 991 990
1958 2 2 2 10 989 992 991
1959 2 2 2 10 989 1012 992
1960 2 2 2 10 991 1006 990
1961 2 2 2 10 992 993 991
1962 2 2 2 10 993 1009 991
1963 2 2 2 10 991 1009 1006
1964 2 2 2 10 992 994 993
1965 2 2 2 10 992 1004 994
1966 2 2 2 10 992 1012 1004
1967 2 2 2 10 994 995 993
1968 2 2 2 10 995 996 993
1969 2 2 2 10 996 1009 993
1970 2 2 2 10 994 1005 995
1971 2 2 2 10 995 997 996
1972 2 2 2 10 995 998 997
1973 2 2 2 10 995 1005 998
1974 2 2 2 10 997 1011 996
1975 2 2 2 10 996 1010 1009
1976 2 2 2 10 996 1011 1010
1977 2 2 2 10 998 999 997
1978 2 2 2 10 999 1000 997
1979 2 2 2 10 1000 1011 997
1980 2 2 2 10 998 1018 999
1981 2 2 2 10 999 1001 1000
1982 2 2 2 10 999 1002 1001
1983 2 2 2 10 999 1018 1002
1984 2 2 2 10 1001 1003 1000
1985 2 2 2 10 1003 1015 1000
1986 2 2 2 10 1000 1015 1011
1987 2 2 2 10 1001 1007 1003
1988 2 2 2 10 1002 1018 1014
1989 2 2 2 10 1008 1015 1003
1990 2 2 2 10 1012 1013 1004
1991 2 2 2 10 1013 1021 1004
1992 2 2 2 10 1008 1019 1015
1993 2 2 2 11 97 1134 9
1994 2 2 2 11 9 1134 112
1995 2 2 2 11 10 1132 104
1996 2 2 2 11 168 1132 10
1997 2 2 2 11 122 1133 12
1998 2 2 2 11 12 1133 187
1999 2 2 2 11 16 1131 178
2000 2 2 2 11 194 1131 16
2001 2 2 2 11 98 1116 97
2002 2 2 2 11 1116 1134 97
2003 2 2 2 11 99 1039 98
2004 2 2 2 11 1039 1116 98
2005 2 2 2 11 100 1105 99
2006 2 2 2 11 99 1105 1039
2007 2 2 2 11 101 1028 100
2008 2 2 2 11 1028 1105 100
2009 2 2 2 11 102 1101 101
2010 2 2 2 11 101 1101 1028
2011 2 2 2 11 103 1038 102
2012 2 2 2 11 1038 1101 102
2013 2 2 2 11 104 1115 103
2014 2 2 2 11 103 1115 1038
2015 2 2 2 11 104 1132 1115
2016 2 2 2 11 112 1091 113
2017 2 2 2 11 112 1134 1091
2018 2 2 2 11 113 1035 114
2019 2 2 2 11 113 1091 1035
2020 2 2 2 11 114 1092 115
2021 2 2 2 11 1035 1092 114
2022 2 2 2 11 115 1032 116
2023 2 2 2 11 115 1092 1032
2024 2 2 2 11 116 1094 117
2025 2 2 2 11 1032 1094 116
2026 2 2 2 11 117 1093 118
2027 2 2 2 11 117 1094 1093
2028 2 2 2 11 118 1031 119
2029 2 2 2 11 118 1093 1031
2030 2 2 2 11 119 1087 120
2031 2 2 2 11 1031 1087 119
2032 2 2 2 11 120 1036 121
2033 2 2 2 11 120 1087 1036
2034 2 2 2 11 121 1090 122
2035 2 2 2 11 1036 1090 121
2036 2 2 2 11 1090 1133 122
2037 2 2 2 11 169 1042 168
2038 2 2 2 11 1042 1132 168
2039 2 2 2 11 170 1082 169
2040 2 2 2 11 169 1082 1042
2041 2 2 2 11 171 1034 170
2042 2 2 2 11 1034 1082 170
2043 2 2 2 11 172 1088 171
2044 2 2 2 11 171 1088 1034
2045 2 2 2 11 173 1030 172
2046 2 2 2 11 1030 1088 172
2047 2 2 2 11 174 1097 173
2048 2 2 2 11 173 1097 1030
2049 2 2 2 11 175 1099 174
2050 2 2 2 11 174 1099 1097
2051 2 2 2 11 176 1033 175
2052 2 2 2 11 1033 1099 175
2053 2 2 2 11 177 1043 176
2054 2 2 2 11 176 1043 1033
2055 2 2 2 11 178 1041 177
2056 2 2 2 11 1041 1043 177
2057 2 2 2 11 178 1131 1041
2058 2 2 2 11 187 1112 188
2059 2 2 2 11 187 1133 1112
2060 2 2 2 11 188 1040 189
2061 2 2 2 11 188 1112 1040
2062 2 2 2 11 189 1106 190
2063 2 2 2 11 1040 1106 189
2064 2 2 2 11 190 1029 191
2065 2 2 2 11 190 1106 1029
2066 2 2 2 11 191 1102 192
2067 2 2 2 11 1029 1102 191
2068 2 2 2 11 192 1037 193
2069 2 2 2 11 192 1102 1037
2070 2 2 2 11 193 1114 194
2071 2 2 2 11 1037 1114 193
2072 2 2 2 11 1114 1131 194
2073 2 2 2 11 1098 1105 1028
2074 2 2 2 11 1028 1121 1098
2075 2 2 2 11 1101 1121 1028
2076 2 2 2 11 1029 1130 1102
2077 2 2 2 11 1106 1117 1029
2078 2 2 2 11 1117 1130 1029
2079 2 2 2 11 1030 1110 1088
2080 2 2 2 11 1097 1109 1030
2081 2 2 2 11 1109 1110 1030
2082 2 2 2 11 1031 1120 1087
2083 2 2 2 11 1093 1118 1031
2084 2 2 2 11 1118 1120 1031
2085 2 2 2 11 1092 1127 1032
2086 2 2 2 11 1032 1122 1094
2087 2 2 2 11 1032 1127 1122
2088 2 2 2 11 1043 1044 1033
2089 2 2 2 11 1044 1045 1033
2090 2 2 2 11 1045 1099 1033
2091 2 2 2 11 1034 1084 1082
2092 2 2 2 11 1034 1085 1084
2093 2 2 2 11 1034 1088 1085
2094 2 2 2 11 1091 1126 1035
2095 2 2 2 11 1035 1128 1092
2096 2 2 2 11 1126 1128 1035
2097 2 2 2 11 1087 1119 1036
2098 2 2 2 11 1036 1137 1090
2099 2 2 2 11 1119 1137 1036
2100 2 2 2 11 1102 1111 1037
2101 2 2 2 11 1111 1135 1037
2102 2 2 2 11 1037 1135 1114
2103 2 2 2 11 1086 1101 1038
2104 2 2 2 11 1038 1136 1086
2105 2 2 2 11 1115 1136 1038
2106 2 2 2 11 1105 1129 1039
2107 2 2 2 11 1108 1116 1039
2108 2 2 2 11 1039 1129 1108
2109 2 2 2 11 1040 1124 1106
2110 2 2 2 11 1112 1113 1040
2111 2 2 2 11 1113 1124 1040
2112 2 2 2 11 1041 1078 1043
2113 2 2 2 11 1041 1135 1078
2114 2 2 2 11 1041 1131 1114
2115 2 2 2 11 1114 1135 1041
2116 2 2 2 11 1082 1083 1042
2117 2 2 2 11 1083 1136 1042
2118 2 2 2 11 1115 1132 1042
2119 2 2 2 11 1042 1136 1115
2120 2 2 2 11 1043 1078 1044
2121 2 2 2 11 1044 1046 1045
2122 2 2 2 11 1044 1066 1046
2123 2 2 2 11 1044 1078 1066
2124 2 2 2 11 1046 1047 1045
2125 2 2 2 11 1047 1069 1045
2126 2 2 2 11 1069 1099 1045
2127 2 2 2 11 1046 1048 1047
2128 2 2 2 11 1046 1076 1048
2129 2 2 2 11 1066 1076 1046
2130 2 2 2 11 1048 1049 1047
2131 2 2 2 11 1049 1104 1047
2132 2 2 2 11 1047 1104 1069
2133 2 2 2 11 1048 1050 1049
2134 2 2 2 11 1048 1058 1050
2135 2 2 2 11 1048 1076 1058
2136 2 2 2 11 1050 1051 1049
2137 2 2 2 11 1051 1052 1049
2138 2 2 2 11 1052 1104 1049
2139 2 2 2 11 1050 1103 1051
2140 2 2 2 11 1058 1061 1050
2141 2 2 2 11 1061 1103 1050
2142 2 2 2 11 1051 1053 1052
2143 2 2 2 11 1051 1059 1053
2144 2 2 2 11 1051 1103 1059
2145 2 2 2 11 1053 1054 1052
2146 2 2 2 11 1054 1096 1052
2147 2 2 2 11 1096 1104 1052
2148 2 2 2 11 1053 1055 1054
2149 2 2 2 11 1053 1100 1055
2150 2 2 2 11 1059 1100 1053
2151 2 2 2 11 1055 1056 1054
2152 2 2 2 11 1056 1065 1054
2153 2 2 2 11 1065 1096 1054
2154 2 2 2 11 1055 1057 1056
2155 2 2 2 11 1055 1063 1057
2156 2 2 2 11 1055 1100 1063
2157 2 2 2 11 1057 1060 1056
2158 2 2 2 11 1060 1107 1056
2159 2 2 2 11 1056 1107 1065
2160 2 2 2 11 1057 1079 1060
2161 2 2 2 11 1063 1064 1057
2162 2 2 2 11 1064 1079 1057
2163 2 2 2 11 1058 1062 1061
2164 2 2 2 11 1058 1067 1062
2165 2 2 2 11 1058 1076 1067
2166 2 2 2 11 1059 1125 1100
2167 2 2 2 11 1103 1123 1059
2168 2 2 2 11 1123 1125 1059
2169 2 2 2 11 1079 1080 1060
2170 2 2 2 11 1080 1081 1060
2171 2 2 2 11 1081 1107 1060
2172 2 2 2 11 1062 1068 1061
2173 2 2 2 11 1068 1072 1061
2174 2 2 2 11 1072 1103 1061
2175 2 2 2 11 1067 1071 1062
2176 2 2 2 11 1062 1089 1068
2177 2 2 2 11 1071 1089 1062
2178 2 2 2 11 1063 1070 1064
2179 2 2 2 11 1063 1073 1070
2180 2 2 2 11 1063 1100 1073
2181 2 2 2 11 1070 1074 1064
2182 2 2 2 11 1074 1075 1064
2183 2 2 2 11 1075 1079 1064
2184 2 2 2 11 1065 1107 1085
2185 2 2 2 11 1085 1110 1065
2186 2 2 2 11 1065 1110 1096
2187 2 2 2 11 1066 1077 1076
2188 2 2 2 11 1066 1111 1077
2189 2 2 2 11 1078 1111 1066
2190 2 2 2 11 1067 1117 1071
2191 2 2 2 11 1076 1077 1067
2192 2 2 2 11 1077 1117 1067
2193 2 2 2 11 1068 1120 1072
2194 2 2 2 11 1089 1119 1068
2195 2 2 2 11 1119 1120 1068
2196 2 2 2 11 1097 1099 1069
2197 2 2 2 11 1069 1109 1097
2198 2 2 2 11 1104 1109 1069
2199 2 2 2 11 1073 1127 1070
2200 2 2 2 11 1070 1128 1074
2201 2 2 2 11 1127 1128 1070
2202 2 2 2 11 1071 1124 1089
2203 2 2 2 11 1071 1117 1106
2204 2 2 2 11 1106 1124 1071
2205 2 2 2 11 1072 1123 1103
2206 2 2 2 11 1072 1120 1118
2207 2 2 2 11 1118 1123 1072
2208 2 2 2 11 1100 1125 1073
2209 2 2 2 11 1073 1125 1122
2210 2 2 2 11 1122 1127 1073
2211 2 2 2 11 1074 1108 1075
2212 2 2 2 11 1074 1126 1108
2213 2 2 2 11 1074 1128 1126
2214 2 2 2 11 1075 1098 1079
2215 2 2 2 11 1075 1129 1098
2216 2 2 2 11 1108 1129 1075
2217 2 2 2 11 1111 1130 1077
2218 2 2 2 11 1077 1130 1117
2219 2 2 2 11 1078 1135 1111
2220 2 2 2 11 1079 1098 1080
2221 2 2 2 11 1080 1086 1081
2222 2 2 2 11 1080 1121 1086
2223 2 2 2 11 1098 1121 1080
2224 2 2 2 11 1083 1084 1081
2225 2 2 2 11 1081 1086 1083
2226 2 2 2 11 1084 1107 1081
2227 2 2 2 11 1082 1084 1083
2228 2 2 2 11 1086 1136 1083
2229 2 2 2 11 1085 1107 1084
2230 2 2 2 11 1088 1110 1085
2231 2 2 2 11 1086 1121 1101
2232 2 2 2 11 1087 1120 1119
2233 2 2 2 11 1089 1124 1113
2234 2 2 2 11 1113 1137 1089
2235 2 2 2 11 1089 1137 1119
2236 2 2 2 11 1090 1113 1112
2237 2 2 2 11 1112 1133 1090
2238 2 2 2 11 1090 1137 1113
2239 2 2 2 11 1116 1126 1091
2240 2 2 2 11 1091 1134 1116
2241 2 2 2 11 1092 1128 1127
2242 2 2 2 11 1094 1095 1093
2243 2 2 2 11 1095 1118 1093
2244 2 2 2 11 1094 1122 1095
2245 2 2 2 11 1095 1123 1118
2246 2 2 2 11 1122 1125 1095
2247 2 2 2 11 1095 1125 1123
2248 2 2 2 11 1096 1109 1104
2249 2 2 2 11 1096 1110 1109
2250 2 2 2 11 1098 1129 1105
2251 2 2 2 11 1102 1130 1111
2252 2 2 2 11 1108 1126 1116
2253 2 2 2 12 2 1205 28
2254 2 2 2 12 105 1205 2
2255 2 2 2 12 35 1202 3
2256 2 2 2 12 3 1202 151
2257 2 2 2 12 11 1203 111
2258 2 2 2 12 179 1203 11
2259 2 2 2 12 157 1204 15
2260 2 2 2 12 15 1204 186
2261 2 2 2 12 28 1192 29
2262 2 2 2 12 28 1205 1192
2263 2 2 2 12 29 1147 30
2264 2 2 2 12 29 1192 1147
2265 2 2 2 12 30 1190 31
2266 2 2 2 12 1147 1190 30
2267 2 2 2 12 31 1139 32
2268 2 2 2 12 31 1190 1139
2269 2 2 2 12 32 1185 33
2270 2 2 2 12 1139 1185 32
2271 2 2 2 12 33 1146 34
2272 2 2 2 12 33 1185 1146
2273 2 2 2 12 34 1197 35
2274 2 2 2 12 1146 1197 34
2275 2 2 2 12 1197 1202 35
2276 2 2 2 12 106 1182 105
2277 2 2 2 12 1182 1205 105
2278 2 2 2 12 107 1143 106
2279 2 2 2 12 1143 1182 106
2280 2 2 2 12 108 1177 107
2281 2 2 2 12 107 1177 1143
2282 2 2 2 12 109 1141 108
2283 2 2 2 12 1141 1177 108
2284 2 2 2 12 110 1150 109
2285 2 2 2 12 109 1150 1141
2286 2 2 2 12 111 1149 110
2287 2 2 2 12 1149 1150 110
2288 2 2 2 12 111 1203 1149
2289 2 2 2 12 151 1173 152
2290 2 2 2 12 151 1202 1173
2291 2 2 2 12 152 1142 153
2292 2 2 2 12 152 1173 1142
2293 2 2 2 12 153 1175 154
2294 2 2 2 12 1142 1175 153
2295 2 2 2 12 154 1140 155
2296 2 2 2 12 154 1175 1140
2297 2 2 2 12 155 1191 156
2298 2 2 2 12 1140 1191 155
2299 2 2 2 12 156 1148 157
2300 2 2 2 12 156 1191 1148
2301 2 2 2 12 1148 1204 157
2302 2 2 2 12 180 1194 179
2303 2 2 2 12 1194 1203 179
2304 2 2 2 12 181 1144 180
2305 2 2 2 12 1144 1194 180
2306 2 2 2 12 182 1189 181
2307 2 2 2 12 181 1189 1144
2308 2 2 2 12 183 1138 182
2309 2 2 2 12 1138 1189 182
2310 2 2 2 12 184 1186 183
2311 2 2 2 12 183 1186 1138
2312 2 2 2 12 185 1145 184
2313 2 2 2 12 1145 1186 184
2314 2 2 2 12 186 1193 185
2315 2 2 2 12 185 1193 1145
2316 2 2 2 12 186 1204 1193
2317 2 2 2 12 1186 1207 1138
2318 2 2 2 12 1138 1201 1189
2319 2 2 2 12 1138 1207 1201
2320 2 2 2 12 1139 1206 1185
2321 2 2 2 12 1190 1199 1139
2322 2 2 2 12 1199 1206 1139
2323 2 2 2 12 1140 1175 1174
2324 2 2 2 12 1174 1176 1140
2325 2 2 2 12 1176 1191 1140
2326 2 2 2 12 1150 1151 1141
2327 2 2 2 12 1151 1152 1141
2328 2 2 2 12 1152 1177 1141
2329 2 2 2 12 1142 1172 1171
2330 2 2 2 12 1171 1175 1142
2331 2 2 2 12 1142 1173 1172
2332 2 2 2 12 1177 1184 1143
2333 2 2 2 12 1143 1183 1182
2334 2 2 2 12 1143 1184 1183
2335 2 2 2 12 1180 1194 1144
2336 2 2 2 12 1144 1200 1180
2337 2 2 2 12 1189 1200 1144
2338 2 2 2 12 1145 1196 1186
2339 2 2 2 12 1145 1193 1188
2340 2 2 2 12 1188 1196 1145
2341 2 2 2 12 1185 1195 1146
2342 2 2 2 12 1195 1208 1146
2343 2 2 2 12 1146 1208 1197
2344 2 2 2 12 1147 1192 1183
2345 2 2 2 12 1183 1198 1147
2346 2 2 2 12 1147 1198 1190
2347 2 2 2 12 1148 1191 1188
2348 2 2 2 12 1188 1193 1148
2349 2 2 2 12 1193 1204 1148
2350 2 2 2 12 1149 1180 1150
2351 2 2 2 12 1149 1194 1180
2352 2 2 2 12 1149 1203 1194
2353 2 2 2 12 1150 1180 1151
2354 2 2 2 12 1151 1153 1152
2355 2 2 2 12 1151 1164 1153
2356 2 2 2 12 1151 1180 1164
2357 2 2 2 12 1153 1154 1152
2358 2 2 2 12 1154 1184 1152
2359 2 2 2 12 1152 1184 1177
2360 2 2 2 12 1153 1155 1154
2361 2 2 2 12 1153 1178 1155
2362 2 2 2 12 1164 1178 1153
2363 2 2 2 12 1155 1156 1154
2364 2 2 2 12 1156 1166 1154
2365 2 2 2 12 1166 1184 1154
2366 2 2 2 12 1155 1157 1156
2367 2 2 2 12 1155 1158 1157
2368 2 2 2 12 1155 1178 1158
2369 2 2 2 12 1157 1181 1156
2370 2 2 2 12 1156 1169 1166
2371 2 2 2 12 1156 1181 1169
2372 2 2 2 12 1158 1159 1157
2373 2 2 2 12 1159 1160 1157
2374 2 2 2 12 1160 1181 1157
2375 2 2 2 12 1158 1161 1159
2376 2 2 2 12 1158 1165 1161
2377 2 2 2 12 1158 1178 1165
2378 2 2 2 12 1159 1162 1160
2379 2 2 2 12 1161 1187 1159
2380 2 2 2 12 1159 1187 1162
2381 2 2 2 12 1162 1163 1160
2382 2 2 2 12 1163 1170 1160
2383 2 2 2 12 1170 1181 1160
2384 2 2 2 12 1165 1167 1161
2385 2 2 2 12 1167 1168 1161
2386 2 2 2 12 1168 1187 1161
2387 2 2 2 12 1162 1171 1163
2388 2 2 2 12 1162 1174 1171
2389 2 2 2 12 1162 1187 1174
2390 2 2 2 12 1163 1195 1170
2391 2 2 2 12 1171 1172 1163
2392 2 2 2 12 1172 1195 1163
2393 2 2 2 12 1164 1179 1178
2394 2 2 2 12 1164 1200 1179
2395 2 2 2 12 1180 1200 1164
2396 2 2 2 12 1165 1201 1167
2397 2 2 2 12 1178 1179 1165
2398 2 2 2 12 1179 1201 1165
2399 2 2 2 12 1169 1198 1166
2400 2 2 2 12 1183 1184 1166
2401 2 2 2 12 1166 1198 1183
2402 2 2 2 12 1167 1196 1168
2403 2 2 2 12 1167 1207 1196
2404 2 2 2 12 1201 1207 1167
2405 2 2 2 12 1176 1187 1168
2406 2 2 2 12 1168 1188 1176
2407 2 2 2 12 1168 1196 1188
2408 2 2 2 12 1181 1199 1169
2409 2 2 2 12 1190 1198 1169
2410 2 2 2 12 1169 1199 1190
2411 2 2 2 12 1170 1199 1181
2412 2 2 2 12 1195 1206 1170
2413 2 2 2 12 1170 1206 1199
2414 2 2 2 12 1174 1175 1171
2415 2 2 2 12 1173 1208 1172
2416 2 2 2 12 1172 1208 1195
2417 2 2 2 12 1173 1202 1197
2418 2 2 2 12 1197 1208 1173
2419 2 2 2 12 1174 1187 1176
2420 2 2 2 12 1188 1191 1176
2421 2 2 2 12 1179 1200 1189
2422 2 2 2 12 1189 1201 1179
2423 2 2 2 12 1183 1192 1182
2424 2 2 2 12 1192 1205 1182
2425 2 2 2 12 1185 1206 1195
2426 2 2 2 12 1196 1207 1186
2427 2 2 2 13 63 1255 5
2428 2 2 2 13 5 1255 133
2429 2 2 2 13 8 1256 70
2430 2 2 2 13 158 1256 8
2431 2 2 2 13 137 1258 11
2432 2 2 2 13 11 1258 179
2433 2 2 2 13 15 1257 162
2434 2 2 2 13 186 1257 15
2435 2 2 2 13 64 1244 63
2436 2 2 2 13 1244 1255 63
2437 2 2 2 13 65 1252 64
2438 2 2 2 13 64 1252 1244
2439 2 2 2 13 66 1209 65
2440 2 2 2 13 1209 1252 65
2441 2 2 2 13 67 1253 66
2442 2 2 2 13 66 1253 1209
2443 2 2 2 13 68 1212 67
2444 2 2 2 13 1212 1253 67
2445 2 2 2 13 69 1250 68
2446 2 2 2 13 68 1250 1212
2447 2 2 2 13 70 1238 69
2448 2 2 2 13 1238 1250 69
2449 2 2 2 13 70 1256 1238
2450 2 2 2 13 133 1215 134
2451 2 2 2 13 133 1255 1215
2452 2 2 2 13 134 1219 135
2453 2 2 2 13 1215 1219 134
2454 2 2 2 13 135 1214 136
2455 2 2 2 13 135 1219 1214
2456 2 2 2 13 136 1246 137
2457 2 2 2 13 1214 1246 136
2458 2 2 2 13 1246 1258 137
2459 2 2 2 13 159 1216 158
2460 2 2 2 13 1216 1256 158
2461 2 2 2 13 160 1237 159
2462 2 2 2 13 159 1237 1216
2463 2 2 2 13 161 1213 160
2464 2 2 2 13 1213 1237 160
2465 2 2 2 13 162 1247 161
2466 2 2 2 13 161 1247 1213
2467 2 2 2 13 162 1257 1247
2468 2 2 2 13 179 1217 180
2469 2 2 2 13 179 1258 1217
2470 2 2 2 13 180 1251 181
2471 2 2 2 13 1217 1251 180
2472 2 2 2 13 181 1211 182
2473 2 2 2 13 181 1251 1211
2474 2 2 2 13 182 1254 183
2475 2 2 2 13 1211 1254 182
2476 2 2 2 13 183 1210 184
2477 2 2 2 13 183 1254 1210
2478 2 2 2 13 184 1245 185
2479 2 2 2 13 1210 1245 184
2480 2 2 2 13 185 1218 186
2481 2 2 2 13 185 1245 1218
2482 2 2 2 13 1218 1257 186
2483 2 2 2 13 1225 1229 1209
2484 2 2 2 13 1209 1239 1225
2485 2 2 2 13 1229 1252 1209
2486 2 2 2 13 1209 1253 1239
2487 2 2 2 13 1241 1242 1210
2488 2 2 2 13 1210 1254 1241
2489 2 2 2 13 1242 1249 1210
2490 2 2 2 13 1210 1249 1245
2491 2 2 2 13 1236 1240 1211
2492 2 2 2 13 1211 1251 1236
2493 2 2 2 13 1240 1241 1211
2494 2 2 2 13 1241 1254 1211
2495 2 2 2 13 1230 1239 1212
2496 2 2 2 13 1212 1248 1230
2497 2 2 2 13 1239 1253 1212
2498 2 2 2 13 1212 1250 1248
2499 2 2 2 13 1213 1235 1233
2500 2 2 2 13 1233 1237 1213
2501 2 2 2 13 1213 1247 1235
2502 2 2 2 13 1219 1220 1214
2503 2 2 2 13 1220 1221 1214
2504 2 2 2 13 1221 1246 1214
2505 2 2 2 13 1215 1243 1219
2506 2 2 2 13 1215 1244 1243
2507 2 2 2 13 1215 1255 1244
2508 2 2 2 13 1216 1237 1234
2509 2 2 2 13 1234 1238 1216
2510 2 2 2 13 1238 1256 1216
2511 2 2 2 13 1221 1236 1217
2512 2 2 2 13 1217 1246 1221
2513 2 2 2 13 1236 1251 1217
2514 2 2 2 13 1217 1258 1246
2515 2 2 2 13 1218 1245 1235
2516 2 2 2 13 1235 1247 1218
2517 2 2 2 13 1247 1257 1218
2518 2 2 2 13 1219 1243 1220
2519 2 2 2 13 1220 1222 1221
2520 2 2 2 13 1220 1223 1222
2521 2 2 2 13 1220 1243 1223
2522 2 2 2 13 1222 1236 1221
2523 2 2 2 13 1223 1224 1222
2524 2 2 2 13 1224 1240 1222
2525 2 2 2 13 1222 1240 1236
2526 2 2 2 13 1223 1225 1224
2527 2 2 2 13 1223 1229 1225
2528 2 2 2 13 1223 1243 1229
2529 2 2 2 13 1225 1226 1224
2530 2 2 2 13 1226 1227 1224
2531 2 2 2 13 1227 1240 1224
2532 2 2 2 13 1225 1239 1226
2533 2 2 2 13 1226 1228 1227
2534 2 2 2 13 1226 1230 1228
2535 2 2 2 13 1226 1239 1230
2536 2 2 2 13 1228 1242 1227
2537 2 2 2 13 1227 1241 1240
2538 2 2 2 13 1227 1242 1241
2539 2 2 2 13 1230 1231 1228
2540 2 2 2 13 1231 1232 1228
2541 2 2 2 13 1232 1242 1228
2542 2 2 2 13 1243 1244 1229
2543 2 2 2 13 1244 1252 1229
2544 2 2 2 13 1230 1248 1231
2545 2 2 2 13 1231 1233 1232
2546 2 2 2 13 1231 1234 1233
2547 2 2 2 13 1231 1248 1234
2548 2 2 2 13 1233 1235 1232
2549 2 2 2 13 1235 1249 1232
2550 2 2 2 13 1232 1249 1242
2551 2 2 2 13 1234 1237 1233
2552 2 2 2 13 1234 1248 1238
2553 2 2 2 13 1245 1249 1235
2554 2 2 2 13 1248 1250 1238
$EndElements
