$MeshFormat
2.2 0 8
$EndMeshFormat
$Nodes
1459
1 0 0 0
2 5.51566 0 0
3 6.21333 4.01907 0
4 0 5.09763 0
5 0 0 3.3
6 5.51566 0 3.3
7 6.21333 4.01907 3.3
8 0 5.09763 3.3
9 2.6 0 0
10 2.6 0 2.165
11 0.5 0 2.165
12 0.5 0 0
13 3.41566 0 0
14 4.01566 0 0
15 4.01566 0 2.7
16 3.41566 0 2.7
17 4.79566 0 0
18 5.39566 0 0
19 5.39566 0 2.7
20 4.79566 0 2.7
21 5.87996 2.09862 1.02
22 5.87996 2.09862 2.5
23 5.66617 0.867034 2.5
24 5.66617 0.867034 1.02
25 5.82908 4.08577 0
26 4.64676 4.291 0
27 4.64676 4.291 2.7
28 5.82908 4.08577 2.7
29 2.73904 4.62216 0
30 1.55672 4.8274 0
31 1.55672 4.8274 2.7
32 2.73904 4.62216 2.7
33 1.35967 4.86161 0
34 0.17735 5.06684 0
35 0.17735 5.06684 2.7
36 1.35967 4.86161 2.7
37 0 4.52763 0
38 0 3.32763 0
39 0 3.32763 2.7
40 0 4.52763 2.7
41 0 0.57 2.7
42 0 1.77 2.7
43 0 1.77 0
44 0 0.57 0
45 6.15551 3.97835 0
46 5.4736 0.05 0
47 0.05 0.05 0
48 0.05 5.0382 0
49 0.4596383333324383 0 0
50 0.9192766666647523 0 0
51 1.378914999996615 0 0
52 1.838553333328571 0 0
53 2.298191666660672 0 0
54 2.757829999992744 0 0
55 3.217468333327302 0 0
56 3.677106666661772 0 0
57 4.136744999996156 0 0
58 4.596383333331117 0 0
59 5.0560216666655 0 0
60 5.593178888888747 0.4465633333325218 0
61 5.670697777777428 0.8931266666646522 0
62 5.748216666666069 1.339689999996561 0
63 5.825735555554755 1.786253333328722 0
64 5.903254444443677 2.232816666662249 0
65 5.980773333332745 2.679379999996608 0
66 6.058292222221822 3.125943333331027 0
67 6.135811111110899 3.572506666665445 0
68 5.735381538462554 4.102036153845978 0
69 5.257433076925276 4.185002307691926 0
70 4.779484615387577 4.267968461537947 0
71 4.301536153850773 4.350934615383814 0
72 3.82358769231341 4.433900769229777 0
73 3.34563923077636 4.516866923075685 0
74 2.867690769238247 4.599833076921779 0
75 2.38974230769853 4.682799230768151 0
76 1.911793846158797 4.765765384614525 0
77 1.433845384618912 4.848731538460926 0
78 0.9558969230791101 4.931697692307313 0
79 0.4779484615393832 5.014663846153686 0
80 0 4.634209090909959 0
81 0 4.170788181820611 0
82 0 3.707367272730981 0
83 0 3.243946363641365 0
84 0 2.780525454551648 0
85 0 2.317104545460636 0
86 0 1.853683636368544 0
87 0 1.390262727276451 0
88 0 0.9268418181842488 0
89 0 0.4634209090921235 0
90 0.4596383333324383 0 3.3
91 0.9192766666647523 0 3.3
92 1.378914999996615 0 3.3
93 1.838553333328571 0 3.3
94 2.298191666660672 0 3.3
95 2.757829999992744 0 3.3
96 3.217468333327302 0 3.3
97 3.677106666661772 0 3.3
98 4.136744999996156 0 3.3
99 4.596383333331117 0 3.3
100 5.0560216666655 0 3.3
101 5.593178888888747 0.4465633333325218 3.3
102 5.670697777777428 0.8931266666646522 3.3
103 5.748216666666069 1.339689999996561 3.3
104 5.825735555554755 1.786253333328722 3.3
105 5.903254444443677 2.232816666662249 3.3
106 5.980773333332745 2.679379999996608 3.3
107 6.058292222221822 3.125943333331027 3.3
108 6.135811111110899 3.572506666665445 3.3
109 5.735381538462554 4.102036153845978 3.3
110 5.257433076925276 4.185002307691926 3.3
111 4.779484615387577 4.267968461537947 3.3
112 4.301536153850773 4.350934615383814 3.3
113 3.82358769231341 4.433900769229777 3.3
114 3.34563923077636 4.516866923075685 3.3
115 2.867690769238247 4.599833076921779 3.3
116 2.38974230769853 4.682799230768151 3.3
117 1.911793846158797 4.765765384614525 3.3
118 1.433845384618912 4.848731538460926 3.3
119 0.9558969230791101 4.931697692307313 3.3
120 0.4779484615393832 5.014663846153686 3.3
121 0 4.634209090909959 3.3
122 0 4.170788181820611 3.3
123 0 3.707367272730981 3.3
124 0 3.243946363641365 3.3
125 0 2.780525454551648 3.3
126 0 2.317104545460636 3.3
127 0 1.853683636368544 3.3
128 0 1.390262727276451 3.3
129 0 0.9268418181842488 3.3
130 0 0.4634209090921235 3.3
131 0 0 0.4714285714276588
132 0 0 0.9428571428548983
133 0 0 1.414285714282211
134 0 0 1.885714285710593
135 0 0 2.357142857140387
136 0 0 2.828571428570125
137 5.51566 0 0.4714285714276588
138 5.51566 0 0.9428571428548983
139 5.51566 0 1.414285714282211
140 5.51566 0 1.885714285710593
141 5.51566 0 2.357142857140387
142 5.51566 0 2.828571428570125
143 6.21333 4.01907 0.4714285714276588
144 6.21333 4.01907 0.9428571428548983
145 6.21333 4.01907 1.414285714282211
146 6.21333 4.01907 1.885714285710593
147 6.21333 4.01907 2.357142857140387
148 6.21333 4.01907 2.828571428570125
149 0 5.09763 0.4714285714276588
150 0 5.09763 0.9428571428548983
151 0 5.09763 1.414285714282211
152 0 5.09763 1.885714285710593
153 0 5.09763 2.357142857140387
154 0 5.09763 2.828571428570125
155 2.6 0 0.4329999999990731
156 2.6 0 0.8659999999979381
157 2.6 0 1.298999999997769
158 2.6 0 1.731999999998923
159 2.180000000000955 0 2.165
160 1.760000000002012 0 2.165
161 1.340000000002038 0 2.165
162 0.9200000000008934 0 2.165
163 0.5 0 1.732000000000842
164 0.5 0 1.299000000001996
165 0.5 0 0.8660000000021957
166 0.5 0 0.4330000000010592
167 0.9199999999990847 0 0
168 1.33999999999797 0 0
169 1.759999999998065 0 0
170 2.179999999999219 0 0
171 3.715659999999219 0 0
172 4.01566 0 0.4499999999991335
173 4.01566 0 0.8999999999978212
174 4.01566 0 1.349999999996512
175 4.01566 0 1.799999999997661
176 4.01566 0 2.249999999998505
177 3.715660000000694 0 2.7
178 3.41566 0 2.250000000001128
179 3.41566 0 1.800000000002515
180 3.41566 0 1.350000000003772
181 3.41566 0 0.9000000000025286
182 3.41566 0 0.4500000000015896
183 5.095660000000001 0 0
184 5.39566 0 0.4499999999991335
185 5.39566 0 0.8999999999978212
186 5.39566 0 1.349999999996512
187 5.39566 0 1.799999999997661
188 5.39566 0 2.249999999998505
189 5.095660000001041 0 2.7
190 4.79566 0 2.250000000001128
191 4.79566 0 1.800000000002515
192 4.79566 0 1.350000000003772
193 4.79566 0 0.9000000000025286
194 4.79566 0 0.4500000000015896
195 5.87996 2.09862 1.513333333332119
196 5.87996 2.09862 2.00666666666554
197 5.80869666666689 1.68809133333462 2.5
198 5.737433333333618 1.277562666668303 2.5
199 5.66617 0.867034 2.006666666668083
200 5.66617 0.867034 1.513333333334721
201 5.737433333333103 1.277562666665338 1.02
202 5.808696666666375 1.688091333331655 1.02
203 5.434973333334839 4.154179999999739 0
204 5.040866666667855 4.222589999999794 0
205 4.64676 4.291 0.4499999999991335
206 4.64676 4.291 0.8999999999978212
207 4.64676 4.291 1.349999999996512
208 4.64676 4.291 1.799999999997661
209 4.64676 4.291 2.249999999998505
210 5.040866666665161 4.222590000000261 2.7
211 5.434973333332145 4.154180000000206 2.7
212 5.82908 4.08577 2.250000000001128
213 5.82908 4.08577 1.800000000002515
214 5.82908 4.08577 1.350000000003772
215 5.82908 4.08577 0.9000000000025286
216 5.82908 4.08577 0.4500000000015896
217 2.344933333334296 4.690573333333166 0
218 1.950826666667604 4.758986666666504 0
219 1.55672 4.8274 0.4499999999991335
220 1.55672 4.8274 0.8999999999978212
221 1.55672 4.8274 1.349999999996512
222 1.55672 4.8274 1.799999999997661
223 1.55672 4.8274 2.249999999998505
224 1.950826666665409 4.758986666666885 2.7
225 2.344933333332522 4.690573333333474 2.7
226 2.73904 4.62216 2.250000000001128
227 2.73904 4.62216 1.800000000002515
228 2.73904 4.62216 1.350000000003772
229 2.73904 4.62216 0.9000000000025286
230 2.73904 4.62216 0.4500000000015896
231 0.9655633333343621 4.930019999999821 0
232 0.5714566666677429 4.998429999999813 0
233 0.17735 5.06684 0.4499999999991335
234 0.17735 5.06684 0.8999999999978212
235 0.17735 5.06684 1.349999999996512
236 0.17735 5.06684 1.799999999997661
237 0.17735 5.06684 2.249999999998505
238 0.5714566666657293 4.998430000000162 2.7
239 0.9655633333322783 4.930020000000183 2.7
240 1.35967 4.86161 2.250000000001128
241 1.35967 4.86161 1.800000000002515
242 1.35967 4.86161 1.350000000003772
243 1.35967 4.86161 0.9000000000025286
244 1.35967 4.86161 0.4500000000015896
245 0 4.127630000000578 0
246 0 3.727630000000664 0
247 0 3.32763 0.4499999999991335
248 0 3.32763 0.8999999999978212
249 0 3.32763 1.349999999996512
250 0 3.32763 1.799999999997661
251 0 3.32763 2.249999999998505
252 0 3.727629999998237 2.7
253 0 4.12762999999815 2.7
254 0 4.52763 2.250000000001128
255 0 4.52763 1.800000000002515
256 0 4.52763 1.350000000003772
257 0 4.52763 0.9000000000025286
258 0 4.52763 0.4500000000015896
259 0 0.9699999999989166 2.7
260 0 1.369999999998931 2.7
261 0 1.77 2.250000000001128
262 0 1.77 1.800000000002515
263 0 1.77 1.350000000003772
264 0 1.77 0.9000000000025286
265 0 1.77 0.4500000000015896
266 0 1.37000000000107 0
267 0 0.9700000000011931 0
268 0 0.57 0.4499999999991335
269 0 0.57 0.8999999999978212
270 0 0.57 1.349999999996512
271 0 0.57 1.799999999997661
272 0 0.57 2.249999999998505
273 6.070271250000103 3.487306250000598 0
274 5.985032500000344 2.99626250000198 0
275 5.899793750000594 2.505218750003424 0
276 5.814555000000844 2.014175000004864 0
277 5.729316250000611 1.523131250003519 0
278 5.644077500000423 1.032087500002433 0
279 5.558838750000199 0.5410437500011436 0
280 4.980545454546449 0.05 0
281 4.487490909093764 0.05 0
282 3.994436363640117 0.05 0
283 3.501381818187353 0.05 0
284 3.008327272734322 0.05 0
285 2.515272727279847 0.05 0
286 2.022218181823757 0.05 0
287 1.529163636367839 0.05 0
288 1.036109090912008 0.05 0
289 0.5430545454560907 0.05 0
290 0.05 0.5488199999991983 0
291 0.05 1.047639999998004 0
292 0.05 1.546459999996501 0
293 0.05 2.045279999995111 0
294 0.05 2.544099999993887 0
295 0.05 3.042919999995023 0
296 0.05 3.541739999996713 0
297 0.05 4.040559999997832 0
298 0.05 4.53937999999805 0
299 0.5196546153837734 4.956673076923223 0
300 0.9893092307675622 4.875146153846443 0
301 1.458963846150829 4.793619230769754 0
302 1.928618461534183 4.71209230769305 0
303 2.398273076917429 4.630565384616364 0
304 2.867927692300761 4.549038461539665 0
305 3.337582307685186 4.467511538462775 0
306 3.807236923070864 4.385984615385667 0
307 4.276891538456665 4.304457692308538 0
308 4.746546153842273 4.222930769231443 0
309 5.216200769227728 4.141403846154374 0
310 5.6858553846137 4.059876923077216 0
311 4.564018171606646 2.385683437647182 0
312 4.920956540253632 2.088161965717524 0
313 5.079783457075306 2.555002294459608 0
314 4.597633711510078 1.858000807310102 0
315 0.712854602732809 1.339777930371771 0
316 0.7324188285672986 0.9857616142772224 0
317 1.166998355680367 1.116792861472132 0
318 0.9388190945226494 0.7056779049601061 0
319 1.229609545623513 4.228109185789593 0
320 0.8015184259188471 4.280445960883818 0
321 1.043982623329637 3.84383563159847 0
322 0.6538424590574198 3.840365683697826 0
323 1.541364985327684 3.933112187049055 0
324 1.538067829622478 4.429723233979703 0
325 0.7505719909980877 4.687090287969203 0
326 1.962814419389392 4.282709448185574 0
327 0.7954643590108679 0.3834829133802214 0
328 1.178730376482491 0.3616628155258176 0
329 2.544370275892067 2.964580611271914 0
330 2.180347726875003 2.9931942238967 0
331 2.352681726090009 2.631093666953642 0
332 5.787280860850622 3.173787730998884 0
333 5.474911446149645 1.591548608756134 0
334 5.404860133776587 2.031344801162694 0
335 5.06600609808291 1.612035364245948 0
336 2.357017781965217 3.362533569273259 0
337 0.8821997121281532 2.520542328726542 0
338 1.083604498776311 2.208968319834563 0
339 1.287004188661785 2.495882542459108 0
340 2.552808519408379 4.089950328016816 0
341 2.030258927641869 3.747819220073634 0
342 3.835521390814398 3.353711575212129 0
343 4.308673794821663 3.513715486743288 0
344 3.947211471481898 3.868614190752238 0
345 4.165462928468124 3.02209239432734 0
346 1.442892686657765 2.073102845257453 0
347 1.691846425113135 2.424962621469067 0
348 1.543414162154219 2.818614869584715 0
349 2.185910675519791 1.861940491583223 0
350 1.84015589368788 2.091111603673588 0
351 1.731057133619766 1.723011496893772 0
352 2.147980206971057 2.320821151268352 0
353 0.988307695128961 1.529488315212536 0
354 1.365472576199146 1.597657305186848 0
355 2.832800034656728 3.280972718595342 0
356 3.138032009048989 3.570290149116336 0
357 2.706957174609738 3.645768405586157 0
358 2.93198470649331 1.299551512164891 0
359 2.527458269972286 1.631943261549386 0
360 2.410163318255564 1.2501065670172 0
361 2.97269367843595 3.879516214438651 0
362 3.103919846448038 4.189809562588226 0
363 2.266008409630615 0.777789541814498 0
364 2.051468953997104 0.3200775244930575 0
365 2.534830431950377 0.436296811412119 0
366 3.707684312036118 2.967704050764848 0
367 3.790549043948299 2.531078230334731 0
368 4.866198080569655 3.869339925925449 0
369 4.661429826821854 3.402318530301318 0
370 5.125463338712151 3.601197543466938 0
371 1.619331551160541 0.4317440386603444 0
372 1.612685269275119 0.8872496577876388 0
373 1.309769120868503 0.7043506697583075 0
374 5.057065142034594 3.096337277233703 0
375 0.3875322669432191 1.111565781250373 0
376 5.391589395647117 3.307497945528923 0
377 5.420862738584437 2.857405339312457 0
378 5.534993150131124 2.456759569465235 0
379 0.3317733195782041 3.571571141149424 0
380 0.7213474987015939 3.35376114215164 0
381 0.299381384389669 3.914431922527851 0
382 1.13509966325545 4.567338348273333 0
383 5.127469793520655 0.3677846348023525 0
384 3.552362352530559 0.877955825770159 0
385 3.344585457528921 0.4461262634944079 0
386 3.878961345949223 0.4768829378293317 0
387 0.3257558438507849 3.16297919851914 0
388 0.4495335265263697 0.6820165553469349 0
389 0.437318814255738 0.25482006296988 0
390 5.519064510274408 3.746689274120307 0
391 4.704741131332503 0.6966387321540549 0
392 4.656216573384608 0.2759204041654466 0
393 5.23900050949367 0.7875853300293997 0
394 4.910240893688015 1.118667798647591 0
395 5.736356364206712 3.499993101158842 0
396 0.444077501617669 4.211231343605346 0
397 0.3534451971534267 4.585151244477517 0
398 4.315938515461716 0.5910990580362721 0
399 5.348007267178427 1.218868291399387 0
400 4.477936152922403 3.879015060026822 0
401 4.629209345634094 2.834532022709909 0
402 0.3512547389464231 1.5681364092628 0
403 5.868163343102344 3.784408591353467 0
404 0.5756584009741267 2.865091891101624 0
405 1.101185700255881 2.934715152876815 0
406 1.316212810796637 3.42721959960408 0
407 4.016779172201709 1.041576681368759 0
408 4.5021878785472 1.055575583567349 0
409 0.650615731130585 1.726922600755559 0
410 2.944881135352244 2.873192903805618 0
411 2.602199750363213 2.154910795433839 0
412 1.810949497236884 3.220006651850716 0
413 3.126535586758178 0.8850922648672285 0
414 2.926185215203946 0.5915595108120966 0
415 4.686953641503754 1.44749745006035 0
416 4.296641976996823 1.507687728814542 0
417 2.686655794371657 2.618273014354254 0
418 3.373251931035808 2.364857657990203 0
419 3.602849923486422 2.030179137793894 0
420 1.668608740877365 3.572368990082086 0
421 1.649219546605648 1.305839725655999 0
422 2.100439066618822 1.478342808244902 0
423 3.36418652128127 2.728947463014284 0
424 2.668794712244991 0.8954856967855621 0
425 1.918950724192179 0.7035215102548033 0
426 3.856716344706316 1.580825786582749 0
427 4.119581113511878 2.062650063997943 0
428 3.523711619436596 3.569052190199045 0
429 3.367179357430531 3.875710447637776 0
430 3.330613865990268 3.176934583832719 0
431 3.361683539782646 1.574500974240495 0
432 2.934052102583015 1.746807394852259 0
433 3.146327525218521 2.054353856646693 0
434 1.954536624073384 2.734782197503865 0
435 0.3459899369893318 2.004273464632008 0
436 0.4234616584775523 2.438028073204184 0
437 3.003927904060023 2.454867179569471 0
438 0.7222670103333375 2.13245112743838 0
439 2.011842317143476 1.061249140924246 0
440 3.517507519731719 4.176980378732155 0
441 2.956179887537266 0.2947965175011654 0
442 1.044426998867556 1.877122306563724 0
443 3.326480782327903 1.180095809714064 0
444 3.630764774459942 1.242346682018524 0
445 4.200826577818473 2.541116844454602 0
446 2.3883910240497 3.691347454089914 0
447 1.414962559590575 3.101340043355789 0
448 4.564018171606646 2.385683437647182 3.299999999999999
449 4.920956540253632 2.088161965717524 3.299999999999999
450 5.079783457075306 2.555002294459608 3.299999999999999
451 4.597633711510078 1.858000807310102 3.299999999999999
452 0.712854602732809 1.339777930371771 3.299999999999999
453 0.7324188285672986 0.9857616142772224 3.299999999999999
454 1.166998355680367 1.116792861472132 3.299999999999999
455 0.9388190945226494 0.7056779049601061 3.299999999999999
456 1.229609545623513 4.228109185789593 3.299999999999999
457 0.8015184259188471 4.280445960883818 3.299999999999999
458 1.043982623329637 3.84383563159847 3.299999999999999
459 0.6538424590574198 3.840365683697826 3.299999999999999
460 1.541364985327684 3.933112187049055 3.299999999999999
461 1.538067829622478 4.429723233979703 3.299999999999999
462 0.7505719909980877 4.687090287969203 3.299999999999999
463 1.962814419389392 4.282709448185574 3.299999999999999
464 0.7954643590108679 0.3834829133802214 3.299999999999999
465 1.178730376482491 0.3616628155258176 3.299999999999999
466 2.544370275892067 2.964580611271914 3.299999999999999
467 2.180347726875003 2.9931942238967 3.299999999999999
468 2.352681726090009 2.631093666953642 3.299999999999999
469 5.787280860850622 3.173787730998884 3.299999999999999
470 5.474911446149645 1.591548608756134 3.299999999999999
471 5.404860133776587 2.031344801162694 3.299999999999999
472 5.06600609808291 1.612035364245948 3.299999999999999
473 2.357017781965217 3.362533569273259 3.299999999999999
474 0.8821997121281532 2.520542328726542 3.299999999999999
475 1.083604498776311 2.208968319834563 3.299999999999999
476 1.287004188661785 2.495882542459108 3.299999999999999
477 2.552808519408379 4.089950328016816 3.299999999999999
478 2.030258927641869 3.747819220073634 3.299999999999999
479 3.835521390814398 3.353711575212129 3.299999999999999
480 4.308673794821663 3.513715486743288 3.299999999999999
481 3.947211471481898 3.868614190752238 3.299999999999999
482 4.165462928468124 3.02209239432734 3.299999999999999
483 1.442892686657765 2.073102845257453 3.299999999999999
484 1.691846425113135 2.424962621469067 3.299999999999999
485 1.543414162154219 2.818614869584715 3.299999999999999
486 2.185910675519791 1.861940491583223 3.299999999999999
487 1.84015589368788 2.091111603673588 3.299999999999999
488 1.731057133619766 1.723011496893772 3.299999999999999
489 2.147980206971057 2.320821151268352 3.299999999999999
490 0.988307695128961 1.529488315212536 3.299999999999999
491 1.365472576199146 1.597657305186848 3.299999999999999
492 2.832800034656728 3.280972718595342 3.299999999999999
493 3.138032009048989 3.570290149116336 3.299999999999999
494 2.706957174609738 3.645768405586157 3.299999999999999
495 2.93198470649331 1.299551512164891 3.299999999999999
496 2.527458269972286 1.631943261549386 3.299999999999999
497 2.410163318255564 1.2501065670172 3.299999999999999
498 2.97269367843595 3.879516214438651 3.299999999999999
499 3.103919846448038 4.189809562588226 3.299999999999999
500 2.266008409630615 0.777789541814498 3.299999999999999
501 2.051468953997104 0.3200775244930575 3.299999999999999
502 2.534830431950377 0.436296811412119 3.299999999999999
503 3.707684312036118 2.967704050764848 3.299999999999999
504 3.790549043948299 2.531078230334731 3.299999999999999
505 4.866198080569655 3.869339925925449 3.299999999999999
506 4.661429826821854 3.402318530301318 3.299999999999999
507 5.125463338712151 3.601197543466938 3.299999999999999
508 1.619331551160541 0.4317440386603444 3.299999999999999
509 1.612685269275119 0.8872496577876388 3.299999999999999
510 1.309769120868503 0.7043506697583075 3.299999999999999
511 5.057065142034594 3.096337277233703 3.299999999999999
512 0.3875322669432191 1.111565781250373 3.299999999999999
513 5.391589395647117 3.307497945528923 3.299999999999999
514 5.420862738584437 2.857405339312457 3.299999999999999
515 5.534993150131124 2.456759569465235 3.299999999999999
516 0.3317733195782041 3.571571141149424 3.299999999999999
517 0.7213474987015939 3.35376114215164 3.299999999999999
518 0.299381384389669 3.914431922527851 3.299999999999999
519 1.13509966325545 4.567338348273333 3.299999999999999
520 5.127469793520655 0.3677846348023525 3.299999999999999
521 3.552362352530559 0.877955825770159 3.299999999999999
522 3.344585457528921 0.4461262634944079 3.299999999999999
523 3.878961345949223 0.4768829378293317 3.299999999999999
524 0.3257558438507849 3.16297919851914 3.299999999999999
525 0.4495335265263697 0.6820165553469349 3.299999999999999
526 0.437318814255738 0.25482006296988 3.299999999999999
527 5.519064510274408 3.746689274120307 3.299999999999999
528 4.704741131332503 0.6966387321540549 3.299999999999999
529 4.656216573384608 0.2759204041654466 3.299999999999999
530 5.23900050949367 0.7875853300293997 3.299999999999999
531 4.910240893688015 1.118667798647591 3.299999999999999
532 5.736356364206712 3.499993101158842 3.299999999999999
533 0.444077501617669 4.211231343605346 3.299999999999999
534 0.3534451971534267 4.585151244477517 3.299999999999999
535 4.315938515461716 0.5910990580362721 3.299999999999999
536 5.348007267178427 1.218868291399387 3.299999999999999
537 4.477936152922403 3.879015060026822 3.299999999999999
538 4.629209345634094 2.834532022709909 3.299999999999999
539 0.3512547389464231 1.5681364092628 3.299999999999999
540 5.868163343102344 3.784408591353467 3.299999999999999
541 0.5756584009741267 2.865091891101624 3.299999999999999
542 1.101185700255881 2.934715152876815 3.299999999999999
543 1.316212810796637 3.42721959960408 3.299999999999999
544 4.016779172201709 1.041576681368759 3.299999999999999
545 4.5021878785472 1.055575583567349 3.299999999999999
546 0.650615731130585 1.726922600755559 3.299999999999999
547 2.944881135352244 2.873192903805618 3.299999999999999
548 2.602199750363213 2.154910795433839 3.299999999999999
549 1.810949497236884 3.220006651850716 3.299999999999999
550 3.126535586758178 0.8850922648672285 3.299999999999999
551 2.926185215203946 0.5915595108120966 3.299999999999999
552 4.686953641503754 1.44749745006035 3.299999999999999
553 4.296641976996823 1.507687728814542 3.299999999999999
554 2.686655794371657 2.618273014354254 3.299999999999999
555 3.373251931035808 2.364857657990203 3.299999999999999
556 3.602849923486422 2.030179137793894 3.299999999999999
557 1.668608740877365 3.572368990082086 3.299999999999999
558 1.649219546605648 1.305839725655999 3.299999999999999
559 2.100439066618822 1.478342808244902 3.299999999999999
560 3.36418652128127 2.728947463014284 3.299999999999999
561 2.668794712244991 0.8954856967855621 3.299999999999999
562 1.918950724192179 0.7035215102548033 3.299999999999999
563 3.856716344706316 1.580825786582749 3.299999999999999
564 4.119581113511878 2.062650063997943 3.299999999999999
565 3.523711619436596 3.569052190199045 3.299999999999999
566 3.367179357430531 3.875710447637776 3.299999999999999
567 3.330613865990268 3.176934583832719 3.299999999999999
568 3.361683539782646 1.574500974240495 3.299999999999999
569 2.934052102583015 1.746807394852259 3.299999999999999
570 3.146327525218521 2.054353856646693 3.299999999999999
571 1.954536624073384 2.734782197503865 3.299999999999999
572 0.3459899369893318 2.004273464632008 3.299999999999999
573 0.4234616584775523 2.438028073204184 3.299999999999999
574 3.003927904060023 2.454867179569471 3.299999999999999
575 0.7222670103333375 2.13245112743838 3.299999999999999
576 2.011842317143476 1.061249140924246 3.299999999999999
577 3.517507519731719 4.176980378732155 3.299999999999999
578 2.956179887537266 0.2947965175011654 3.299999999999999
579 1.044426998867556 1.877122306563724 3.299999999999999
580 3.326480782327903 1.180095809714064 3.299999999999999
581 3.630764774459942 1.242346682018524 3.299999999999999
582 4.200826577818473 2.541116844454602 3.299999999999999
583 2.3883910240497 3.691347454089914 3.299999999999999
584 1.414962559590575 3.101340043355789 3.299999999999999
585 4.082188251656251 0 0.4092843854859594
586 4.451942835446098 0 0.6825614470708358
587 4.082246588041754 0 0.9084909948047776
588 4.569250610618854 0 1.15667619328735
589 3.70018788019474 0 0.5282668927443298
590 2.892847622737062 0 0.7699347462350433
591 2.619787329929884 0 0.4320933283053436
592 3.041323221108093 0 0.3650116449113294
593 1.523024720405844 0 1.015554683811406
594 1.335820749359803 0 0.6013500978475717
595 1.798843368373155 0 0.655571263082559
596 1.221886875763888 0 0.2754066601167936
597 1.610057595524101 0 0.2482915715310419
598 1.772862671059767 0 2.516603757313054
599 1.414508223179481 0 2.146283353452165
600 1.972955734217084 0 2.02400247591495
601 1.60423602552353 0 1.570249760413653
602 3.466819789673243 0 2.936110800903556
603 3.085345978919628 0 2.157134279015169
604 3.283030339323037 0 2.574321825385354
605 2.862795646007211 0 2.595447926858408
606 2.07306632320794 0 1.132188208653434
607 4.808010047711058 0 2.814388215813008
608 4.312155215010743 0 2.89320842481925
609 1.154433915633415 0 2.907417336531076
610 0.6938304439657482 0 2.82319082734129
611 3.062858662434339 0 2.874251683585671
612 3.317028965342767 0 1.652631691811195
613 3.904846349327812 0 1.707835029096259
614 3.62130167610175 0 2.189202531022894
615 3.701409338872315 0 1.272234153381783
616 4.444900538549343 0 0.3363869826446153
617 4.027435509945117 0 2.536418817435171
618 3.870056228318374 0 2.941112650871315
619 4.478186250679046 0 2.477410440040417
620 1.61926724285058 0 2.934780964230864
621 1.395980498274952 0 2.600320454567757
622 1.016305819105323 0 2.432503380217547
623 5.212789734702231 0 2.962070265932111
624 4.192515181586152 0 2.090600212278157
625 2.7737570168062 0 3.019901970561531
626 0.8653643672741698 0 0.5273916312053544
627 1.09113647020111 0 0.9245388797718443
628 0.7188415785576671 0 0.9170123656720616
629 2.528384084256516 0 2.197365594279663
630 2.830686225107264 0 1.675744874134471
631 2.342314945779842 0 1.635043184667205
632 4.863873578676939 0 2.366980002418061
633 2.443397794303544 0 2.749712208323062
634 4.113216266282214 0 1.334924464619815
635 3.184656536837148 0 1.140106255596325
636 2.636271497996793 0 1.19875826665169
637 2.045523402985039 0 2.904807094643795
638 2.15173494973524 0 2.480750662060745
639 5.119024622216721 0 2.129513223547495
640 5.168596959134601 0 2.567391685277423
641 4.676334497822013 0 2.028980031757351
642 3.311487277255079 0 0.6639475006016499
643 0.6276589085380537 0 2.366336385419797
644 0.4152008958299254 0 1.156910151329986
645 0.4220148553775603 0 0.7034494422706894
646 2.012525809893458 0 1.582199688369022
647 4.835375566680201 0 0.8337431632482787
648 5.170727676707481 0 0.6832655405524766
649 5.096782758612219 0 1.100283038867728
650 2.216915203131498 0 0.5630001878505441
651 2.017545191652454 0 0.3186159936995522
652 1.044330291353339 0 1.740662993252052
653 0.7754904304794382 0 1.306920014337224
654 1.211003285116013 0 1.331557401139988
655 0.4443823704414868 0 0.2837116074839504
656 0.3358069483736545 0 2.572571516473799
657 0.4008840525043624 0 2.109486986974773
658 0.7706075932351674 0 2.068374309941638
659 4.432573782333487 0 1.667517459343126
660 4.974022697666776 0 1.570870478981154
661 0.4832255693232922 0 1.654369735262091
662 4.81707183521583 0 0.4480734667393512
663 2.494057338964884 0 0.8395323333623755
664 0.2978551451343682 0 2.964866754477042
665 5.234832126886284 0 0.3135282190790192
666 3.606461327402198 0 0.8894164843623237
667 3.690398507974636 0 2.626978645578999
668 1.051240912616449 0 2.106886378217609
669 3.441637170151388 0 0.2984619912112682
670 6.082370046649386 3.264648540409 2.13121763483166
671 6.133997669449312 3.562059966966682 1.686289366157702
672 6.154540487545838 3.680401050755874 2.123139141386032
673 5.576897283714579 0.3527698336731501 2.127617005338993
674 5.595750827038142 0.4613795063915296 1.67870694371091
675 5.644105129887252 0.7399343073028114 2.102391098947628
676 5.755661641959636 1.382578295111889 1.364664570409832
677 5.757727597770526 1.394479653950413 1.790669887507752
678 5.68526235470325 0.9770288757108436 1.656506590592983
679 5.823675035144634 1.774383286222351 1.558768290941268
680 5.758988370911419 1.401742594176269 0.8978129247613323
681 5.698861576042999 1.055369957468627 0.7003363585494059
682 5.756970766947857 1.39011977599313 0.4824326297494495
683 5.682659874558839 0.9620367592747194 1.136862382221499
684 5.846623938814084 1.906585115555372 2.867156915834984
685 5.787603611784643 1.566586511983173 3.002892688520654
686 5.774633032668698 1.491866851674546 2.662432740058321
687 5.830282953257442 1.812449543119796 0.6576183333932463
688 5.805269337824911 1.668353521538791 0.2874176187324052
689 6.055801230385175 3.111593467977898 2.928725309794904
690 5.990545702210218 2.735675719440448 2.826278954735145
691 5.883794148779327 2.120711673620091 1.778131079414277
692 5.937382125746587 2.429416119260297 2.092544298712467
693 5.883417833750483 2.118543834322173 2.208771397685786
694 5.954027100575354 2.52530288375505 1.70718655486766
695 5.697634088036182 1.04829876303063 0.3465637493282745
696 5.657579430794163 0.817555759487849 2.900824551651238
697 5.725576634802042 1.209267489549269 2.969586927354913
698 6.035890046815207 2.996891043406769 0.4244049311610352
699 5.96802953394279 2.605966750445703 0.507556087980538
700 5.865140746698433 2.013254955255748 0.2970371305193306
701 5.937665464109434 2.431048347554445 0.2472218926278573
702 5.904792834866556 2.241678877731782 0.5922631136276467
703 5.591907800034102 0.4392409673384995 3.037333715835148
704 5.598670702744266 0.478200044545975 2.594606314789527
705 5.697761870469858 1.049034879741551 2.496247188569563
706 6.131861738776052 3.54975550369468 2.586827335975088
707 6.134737717241618 3.566323162862474 3.040687346113246
708 5.951021352569509 2.507987660744386 2.450077662348301
709 5.924401685907481 2.35463965424939 2.861728516044392
710 6.038596668528591 3.012483088542153 2.518558221945943
711 5.59422826366961 0.4526084702891299 1.153699628292742
712 5.578962554698407 0.3646672474260386 0.6833640127967594
713 5.632545125852617 0.6733405517801743 0.8380582513167891
714 5.938943305576585 2.438409613346835 0.9262839227726577
715 5.880958027882762 2.104373622088913 0.9094334701728043
716 5.883570541535749 2.119423538592861 2.549644628149456
717 5.979788412901175 2.673706165434556 1.288649363978126
718 5.89672959742592 2.195228957711516 1.316868572346255
719 6.010112218956216 2.848392620637785 0.8551626676940312
720 6.084633713076255 3.277688851481918 0.7831319528909072
721 5.710287740653417 1.121192703753818 2.060662550683796
722 6.041142594929251 3.027149415629607 1.647183613875246
723 5.999234910307458 2.785731670803382 2.093017619164922
724 6.149446427903118 3.651055683622034 0.7145749899158442
725 6.13477433771682 3.566534122561587 1.158338572096922
726 5.764426277980561 1.433068764377609 2.233123060717671
727 5.644181884373989 0.740376467142016 0.473277910072011
728 5.586390184289762 0.4074556190942048 0.2713450823827382
729 6.127247645875327 3.523175082643885 0.3419343493422065
730 6.056656959654522 3.11652307056159 1.193329280943725
731 5.81897872651728 1.747329244748662 1.995326159414531
732 5.827168699803583 1.794509252396663 2.393399838072062
733 5.829158498415122 1.805971892191533 1.106949476554964
734 5.638418856434046 0.7071773720073675 1.402135983294773
735 6.089490480347417 3.305667247624088 1.42750951512712
736 5.82653793809784 4.086212489821914 2.640310468333887
737 5.905132478467547 4.072569414778234 3.002778014607165
738 0.3091492209676358 5.043965381547921 3.001725406239195
739 0.3885662186761761 5.030179537717234 2.638061245064316
740 2.586489964706924 4.64864618353857 2.090784771311571
741 2.090590765477379 4.734728371402568 2.126231128904162
742 2.391717374483517 4.682456382725054 2.46120991574431
743 2.315522519915262 4.695682900927553 1.657349844517978
744 2.242444252159828 4.708368416821656 2.919580275178644
745 2.639386609375394 4.639463956765868 2.861263485181026
746 3.065994767811003 4.565409867354504 2.092330039655196
747 2.880256787822237 4.597651765933316 2.464474277995474
748 2.767082516459978 4.617297469947182 1.649999676262589
749 3.094071024155779 4.560536164035476 2.861689128714024
750 3.527360129462852 4.485322341911108 2.106445526746285
751 3.359153713799234 4.51452096997016 2.463911262124749
752 1.968590831438971 4.755906105219452 2.642605063634023
753 3.246228498388635 4.534123440840572 1.64998941330619
754 3.521618112914008 4.486319087515948 2.899808683915644
755 0.9787393150249009 4.927732525439135 0.6188714892799092
756 1.328134899032693 4.867081618262557 0.6648838990407669
757 1.187465775088574 4.891500100834893 0.3123996314920008
758 5.046134143651589 4.221681282971151 0.3147000784820522
759 4.797303230431164 4.264875362436272 0.6920592553579247
760 5.225622213098407 4.190524294338235 0.6491689918044997
761 0.4457864973239286 5.020246779640917 1.623306697811425
762 0.9119541793391979 4.939325628645495 1.403526534790704
763 0.5059301085874739 5.009806565880436 1.159615842015056
764 4.04405470247471 4.395630325123384 2.167269608268273
765 3.720077931579449 4.451868829438589 2.557692791433987
766 0.8342548370102677 4.952813307983674 1.801183993124553
767 0.5075302149582769 5.009528806494199 2.178498718605782
768 1.043207359462571 4.916541641644343 2.189291802848673
769 0.8601228908421328 4.94832292229019 2.575974935216804
770 5.153006579939672 4.203129502382823 2.05036240782938
771 5.65665490209808 4.115702159179231 2.20337588744032
772 5.531109029382105 4.137495425668624 1.789410211700937
773 5.333785230463515 4.171748484263876 2.562768617336519
774 5.764081380576378 4.097054203473104 1.488984094183045
775 5.374464583115174 4.164687033705806 1.372524821376781
776 1.550414818601096 4.828496474700298 2.220261028707249
777 1.258274777807099 4.87920850229239 2.678874075900387
778 1.268692533556885 4.877400104115971 1.734302920401937
779 1.819818792074573 4.781731157289255 1.652353238175979
780 3.731608683192812 4.449867228451661 1.649663646058904
781 0.9604092553865567 4.930914405223974 0.9560502512127292
782 1.456651844170076 4.844772609027997 1.146699504178522
783 1.717734458836474 4.799451780281641 0.7111756307530697
784 2.049331444290737 4.741890497582743 1.092333360849247
785 5.039441771682794 4.222842998944818 1.069306874403201
786 1.624583931753209 4.815621601052617 2.828348033269773
787 4.545402678391211 4.308602294597965 2.084013270554242
788 4.354328101793389 4.341770562714313 2.518788454851364
789 4.66350634394437 4.288100906530856 2.569241532722745
790 4.483191828070472 4.319401356408932 2.958795690660199
791 4.996224117920023 4.230345068308971 2.859444235298399
792 4.251156925943995 4.359679848624465 1.640575140723984
793 2.436179159807132 4.674738346957013 0.6527010476825524
794 2.558887652615351 4.653437615786572 1.133626407016066
795 2.880256666134343 4.597651787056883 0.8355233081957421
796 3.058638180489841 4.566686883193212 1.213122085456263
797 3.105120809072388 4.558618053132037 0.4351662967716474
798 2.721202594877258 4.625261677259888 0.3858795752420208
799 3.359150122524848 4.514521593372571 0.8360122237353501
800 3.528187060372107 4.485178796565619 1.190069457312687
801 3.472298257494872 4.494880426324745 0.3881121020666599
802 4.035484931856602 4.397117935116394 2.814622175589924
803 3.730315256059571 4.450091751979114 0.6698050338881824
804 4.043181621576933 4.395781881556585 1.121824341431236
805 4.429582606245508 4.328707278079201 0.7596572017604115
806 4.557104356297367 4.30657102284474 1.163363937948201
807 4.604717384454738 4.298305968896308 0.345585899636616
808 4.155486785653447 4.376287044204254 0.4828120794351204
809 2.017654287300223 4.747389274316586 0.4688436441646653
810 1.601144507009669 4.81969040569544 0.3568518257031226
811 4.856345244563634 4.254626372802257 1.589019296621833
812 5.812937978876773 4.088573280576224 1.034874825559171
813 5.608621761708349 4.124040139601767 0.6578881823727519
814 5.413349031354343 4.157937157151231 0.9414800979229213
815 5.895140044260882 4.074303982206319 0.493847889693169
816 5.469049030778491 4.148268301420261 0.3498865056377026
817 0.7411658867909092 4.968972439745321 0.3594278096088349
818 0.3000265901461235 5.045548961479914 0.4194029622042698
819 0.5810451925464488 4.996767482980479 0.7427042493342272
820 0.6792314246226199 4.979723523868686 2.941994357561531
821 5.509082396722793 4.141318986451816 2.944216889262661
822 1.037474280193975 4.917536835843901 2.959368673735744
823 5.931972552009427 4.067910298053493 1.856485508409582
824 4.938384993546751 4.240385250624096 2.425166012249521
825 5.203987645370182 4.194279797324388 1.694598349246359
826 0 1.439174489510303 0.4189376930184138
827 0 1.062089010681791 0.6891046863586316
828 0 1.438768248840898 0.8958025322241886
829 0 0.9459368216695951 1.164261892044511
830 0 3.029078437770703 2.073278776103622
831 0 2.485416171021493 2.182087327941677
832 0 2.838837191449571 2.59196906623747
833 0 2.654050598027826 1.622985078400482
834 0 1.804258456739285 0.5853821970152521
835 0 3.251467562371138 1.157529829015345
836 0 2.808606163707815 1.158889440132687
837 0 3.046043115393443 1.561399090508625
838 0 3.631392695025797 0.9263382659196943
839 0 3.745157273171003 0.5642143263931808
840 0 3.318817882517894 0.6477498156760637
841 0 3.650367872458423 1.310903003292753
842 0 2.413507826653544 2.750039109338658
843 0 3.458120376530153 1.746099772343471
844 0 3.448924891040968 2.223967801185355
845 0 3.819872654924526 2.123244195399834
846 0 2.407996523491399 0.5341051012307281
847 0 2.41405203063738 1.090569761697963
848 0 2.846924830964441 0.75132941523412
849 0 0.7132964520158355 2.814321726655268
850 0 1.213307594731179 2.893152014191392
851 0 3.933401159940126 2.905789600618138
852 0 4.398051094182678 2.822629450263163
853 0 3.864939172570655 0.2632070692495664
854 0 3.474571856059986 0.2488156167559172
855 0 4.247519515006161 2.032344480637726
856 0 4.032661037236097 1.62902404300245
857 0 2.141107651611281 1.671686076633549
858 0 1.629801961573681 1.682137618031579
859 0 1.900048437111333 2.175160301280887
860 0 1.908278426184911 1.157374202221703
861 0 1.485886769659538 2.534703953704041
862 0 1.598169876253946 2.956448664086197
863 0 1.04364143458947 2.476429343048246
864 0 3.5107359920432 2.94929338959571
865 0 3.660703350757493 2.552042231775115
866 0 4.077642032121715 2.42940527553061
867 0 1.085984843795578 0.3433367610577905
868 0 1.330936988565619 2.084437462990852
869 0 2.677712601719167 2.979511374079227
870 0 2.030282260672439 2.917241967682522
871 0 2.131694200560269 2.529424933692197
872 0 0.6466451149080795 2.376272640887056
873 0 3.254477975590394 2.557683326619546
874 0 2.684251793201095 0.3225526759928268
875 0 1.410705343442327 1.336223158443862
876 0 2.13140001470505 0.7376190188712112
877 0 3.068707611537351 0.3273288634992858
878 0 4.469833541745446 2.355821220194778
879 0 0.3047627683725658 2.962994297015976
880 0 4.46262452901988 1.640753959017319
881 0 4.81022678705128 1.639932911992388
882 0 4.680949884505531 1.220961416100857
883 0 4.670550376813837 0.7000642383367781
884 0 4.291506325801026 0.9353018498857789
885 0 0.6917682387122576 0.841986413342832
886 0 0.3754594220521075 0.6847186995141756
887 0 0.4217286641915823 1.108573115701447
888 0 4.758442079026605 2.560975297604905
889 0 4.690117595628095 2.039677323726353
890 0 4.31427235469212 1.28258357864414
891 0 3.981832717253598 1.146425681902688
892 0 1.087734922526612 1.667944506618618
893 0 0.834538160731282 2.059802961503336
894 0 0.5087633232916972 1.610198831621997
895 0 0.3895071799476548 2.143534984452977
896 0 0.34709648075487 2.57207832985449
897 0 4.21042601454356 0.5047718400865292
898 0 4.646872277347994 0.2793774416418277
899 0 0.7605309181061179 0.4717436190933899
900 0 0.4210421752107254 0.2713151542869098
901 0 3.970796018308125 0.7944033506713145
902 0 4.797390242603411 2.962009505734626
903 0 1.829216307342537 2.622595962217243
904 0 3.038587990480433 2.955548694820004
905 0 2.054245924826004 0.3025597357559956
906 0.7989539381269347 0 1.544837016703417
907 0.9739277840608461 0 1.26493340877209
908 1.104599158584564 0 1.529808894786187
909 1.441465258626147 0 1.284189691906882
910 1.717801291967889 0 0.445203718292316
911 1.307718139228967 0 0.5802994082887386
912 1.421657776269435 0 0.2605496788287728
913 2.300810913513665 0 0.6206042573992903
914 2.124875939795671 0 0.9010265983273494
915 1.993046770532746 0 0.6318993152574061
916 1.65582149107288 0 0.8859019323556847
917 1.381356311068452 0 1.72137710483244
918 1.791469229799 0 1.586225556648069
919 1.677963572081009 0 1.905160890308687
920 1.187783002119478 0 0.9300556735444849
921 1.910887301710743 0 1.237439604269527
922 0.9349870582546975 0 1.860431859474698
923 2.164522710858798 0 0.3043867558497265
924 0.8900102023133698 0 0.6668677499160528
925 0.9827694454012609 0 0.2772452624335176
926 2.209513466829654 0 1.499026121816865
927 2.116992324101804 0 1.888201795538935
928 2.288689161943995 0 1.16431448068425
929 0.8107653469079519 0 1.001709175689575
930 3.715660000000115 0 2.437500000000024
931 3.71566 0 2.02500000000051
932 3.71566 0 0.6749999999997054
933 3.71565999999987 0 0.2625000000000714
934 3.71566 0 1.12499999999952
935 3.71566 0 1.575000000000717
936 5.095660000000171 0 2.437500000000023
937 5.095659999999998 0 2.025000000000509
938 5.095659999999998 0 0.6749999999997052
939 5.095659999999999 0 0.2625000000000713
940 5.095659999999998 0 1.12499999999952
941 5.095659999999998 0 1.575000000000716
942 5.746595761896786 1.330344923763572 2.225142857069899
943 5.799534238103211 1.635309076236411 1.294857142930173
944 5.718090428619794 1.166133457421476 1.435809524248856
945 5.828039571380204 1.799520542578514 2.084190475751254
946 5.773064999999999 1.482826999999996 1.760000000000064
947 5.309907825447171 4.175889177027774 2.354635563038745
948 4.962208747065008 4.236243634244409 2.327569751324009
949 5.153366081523272 4.203062076162951 0.3558430532960585
950 5.562835148575129 4.131985433095886 0.4131182036161417
951 5.632026666666072 4.119975000000104 2.475000000000564
952 5.560844279478147 4.132331013027523 2.058780767584313
953 5.301431476592666 4.177360522412619 0.7728661683966741
954 4.916412323840597 4.244193089500469 0.6318609648211883
955 4.965442425783791 4.235682324376136 1.087650110419082
956 5.208127813857468 4.193556400603925 1.993979609773236
957 5.462925424766322 4.149328007540436 1.675942291241899
958 4.920830177231866 4.243426227693607 1.966803346685435
959 4.843813333333926 4.256794999999898 0.2249999999995667
960 5.400258177233804 4.160205941780827 1.228812246443974
961 5.032050429156293 4.224120344089802 1.580145938765012
962 2.21986782544734 4.712283568158528 2.354635563038745
963 1.872168747065089 4.772640966195584 2.327569751324009
964 2.0633260815231 4.739457791315548 0.3558430532960586
965 2.472795148575001 4.668377684980773 0.4131182036161401
966 2.541986666666262 4.656366666666739 2.475000000000564
967 2.470804279478217 4.668723281751042 2.058780767584313
968 2.211391476592606 4.713754985235921 0.7728661683966642
969 1.826372323840534 4.780590808795393 0.6318609648211885
970 1.875402425783768 4.772079628977045 1.087650110419082
971 2.118087813857528 4.729951652584648 1.993979609773236
972 2.372885424766343 4.685721104456456 1.675942291241899
973 1.830790177231874 4.779823909622547 1.966803346685437
974 1.753773333333802 4.793193333333251 0.2249999999995667
975 2.310218177233794 4.696599568733116 1.228812246443974
976 1.942010429156301 4.760517085323738 1.580145938765012
977 0.8404978254473326 4.951729177027744 2.354635563038741
978 0.492798747065143 5.012083634244384 2.327569751324001
979 0.6839560815231531 4.97890207616297 0.3558430532960746
980 1.093425148575023 4.907825433095902 0.4131182036161437
981 1.162616666666139 4.89581500000009 2.475000000000564
982 1.091434279478194 4.908171013027513 2.058780767584314
983 0.8320214765926247 4.953200522412625 0.7728661683966692
984 0.4470023238405584 5.020033089500475 0.6318609648211923
985 0.4960324257837765 5.011522324376138 1.087650110419084
986 0.7387178138575319 4.969396400603912 1.993979609773227
987 0.9935154247663396 4.925168007540431 1.675942291241898
988 0.451420177231881 5.019266227693602 1.966803346685401
989 0.3744033333338714 5.032634999999907 0.2249999999995667
990 0.9308481772337982 4.936045941780827 1.228812246443974
991 0.562640429156302 4.999960344089799 1.580145938765009
992 0 4.000694306225314 2.354635563038739
993 0 3.647795857500695 2.327569753249311
994 0 3.841811691781863 0.3558430532960586
995 0 4.257403816132585 0.4131182036161387
996 0 4.327629999999075 2.475000000000564
997 0 4.255383176275155 2.05878076758431
998 0 3.992091205013068 0.7728661683966557
999 0 3.601314610434194 0.6318609648211874
1000 0 3.651077891383444 1.087650110419079
1001 0 3.897392311919662 1.993979609773223
1002 0 4.156000077237572 1.675942291241893
1003 0 3.605798526860955 1.966803346685396
1004 0 3.527630000000332 0.2249999999995667
1005 0 4.092395725590794 1.22881224644397
1006 0 3.718681927555577 1.580145938765001
1007 0 1.096935693774336 0.3453644369613666
1008 0 1.4498341426364 0.3724302486760918
1009 0 1.255818308217923 2.344156946704047
1010 0 0.8402261838672813 2.286881796383955
1011 0 0.7700000000005965 0.2249999999995667
1012 0 0.8422468237247053 0.6412192324159021
1013 0 1.105538794986848 1.927133831603512
1014 0 1.496315389565712 2.06813903517902
1015 0 1.446552108616507 1.61234988958116
1016 0 1.200237688080204 0.7060203902269504
1017 0 0.9416299227623667 1.024057708758347
1018 0 1.491831473139036 0.733196653314778
1019 0 1.569999999999466 2.475000000000564
1020 0 1.005234274409165 1.471187753556254
1021 0 1.378948072444382 1.119854061235217
1022 1.2561930746166 0.3885791514749351 0
1023 0.8650801761175057 0.3438479909121828 0
1024 0.9989448372132508 0.7817413876656506 0
1025 2.963408498005939 1.027806260034142 0
1026 3.513407095370008 1.074701198764647 0
1027 3.372365059963621 0.5651228024486755 0
1028 3.213327249715153 1.510110692706675 0
1029 4.213950060558763 1.770987512846006 0
1030 3.838545660054939 1.401704731023425 0
1031 3.700329684251106 1.885989422892369 0
1032 0.3220821346661408 4.247625338567515 0
1033 4.066137750645469 2.267177932897369 0
1034 1.458381807789088 2.736942921605253 0
1035 1.35933101881789 3.094944801995215 0
1036 1.801839091673582 2.828715865811736 0
1037 1.689717341096773 3.266037797879945 0
1038 1.042198876164664 2.788401008275203 0
1039 1.25572318588252 2.382467977039438 0
1040 3.765340143161617 2.741616157210144 0
1041 3.283771758255797 2.559214164169899 0
1042 3.293202559576648 3.064209343924176 0
1043 1.480078202193135 1.98018835140873 0
1044 1.069563349496019 2.04186913543759 0
1045 1.212911261341149 1.647387387822021 0
1046 0.7468968878730126 4.612666175701221 0
1047 0.3909765317591731 4.60867608856103 0
1048 5.283064041239149 1.897841196708203 0
1049 4.930836876611272 1.519755157291696 0
1050 4.679037823002401 2.084418758756398 0
1051 2.11620995083475 2.401372754930428 0
1052 2.160660399792353 2.763580970271134 0
1053 5.480745318976791 2.78367195928246 0
1054 5.585319305994656 3.265273510229852 0
1055 0.894481699797268 1.316113813586707 0
1056 0.569657743049049 1.022007270984038 0
1057 1.360315440844286 1.163101538851395 0
1058 0.3843960410378248 3.314239698401315 0
1059 0.4622085976517756 3.791998657598925 0
1060 0.8563728587646313 3.329894380719462 0
1061 0.9308071586097973 3.876917926319033 0
1062 1.3074761374186 3.619676837679696 0
1063 0.446676757405128 0.5491509499370105 0
1064 2.142115842711132 3.176758407715519 0
1065 0.6572255399456735 4.257511949649137 0
1066 3.25866191472967 3.891641424085598 0
1067 2.967619905217162 4.156118855913843 0
1068 5.080916071010564 3.098893333192379 0
1069 4.848903927177286 3.490991656933051 0
1070 5.314667389310605 3.477681208589675 0
1071 3.689647841005643 3.993277266936861 0
1072 5.156025948378891 0.5492796030887576 0
1073 1.289405889485186 4.069321621536522 0
1074 1.090381929114141 4.407187511147098 0
1075 1.656371779090678 4.004433956752682 0
1076 4.498352978854231 3.868500472798886 0
1077 5.03415908693398 3.824888960285113 0
1078 1.738605790868813 0.4678292979626137 0
1079 1.464781060624141 0.7530110253036575 0
1080 2.188688662078562 0.5314475036656832 0
1081 1.544544217878456 4.387250874694348 0
1082 0.4374256158911491 1.419452615922255 0
1083 2.02341928623583 4.297731422833486 0
1084 5.580283312297253 3.747825814048118 0
1085 4.879359097813959 1.038044438691199 0
1086 5.318617653001712 1.104414211289839 0
1087 4.725194735227526 0.5121752181328701 0
1088 4.449211066012978 0.8075548553193255 0
1089 1.860754551102874 0.9851423401685412 0
1090 4.064519738104022 3.679771321179851 0
1091 4.450092723961542 3.512045942236596 0
1092 0.5812910386859084 2.914978606333982 0
1093 2.399576039480908 1.013986207253161 0
1094 2.153733390645352 1.338003780299221 0
1095 3.936544843066897 0.8709531316669706 0
1096 4.213681498431435 0.4637121366448724 0
1097 3.793326967750728 0.4204037834703824 0
1098 4.95145964619808 2.622240247240331 0
1099 5.419313358857594 2.346228574956256 0
1100 5.086262396730106 2.254224296498257 0
1101 0.3734815482888367 2.620488771135183 0
1102 0.7326141074678042 1.826220352268867 0
1103 4.074347869488064 3.190338099959293 0
1104 4.601935587506627 3.092005234626196 0
1105 2.0750647321312 3.933067285199967 0
1106 4.067357683503855 4.044416967417613 0
1107 2.591420970295072 0.6170470428315148 0
1108 2.318096811987528 3.615544535269335 0
1109 2.537643449863034 4.118978728044505 0
1110 1.838252407961545 3.619084341395939 0
1111 3.264747910332064 2.072553032656613 0
1112 3.605269474200245 2.293402635224129 0
1113 4.357211860035542 2.668009272133212 0
1114 1.647209882993193 1.532329992010165 0
1115 2.034945901801089 1.891877594269825 0
1116 2.592436853175258 1.530334291055745 0
1117 2.893416230158208 1.879806798351155 0
1118 2.890097412838672 2.307109269228219 0
1119 3.602528470049023 3.490337738954675 0
1120 2.820923607286874 3.76010134491978 0
1121 2.718030828508045 3.256552226820151 0
1122 4.60300215867597 1.641865993227738 0
1123 4.407349965340748 1.292980832321679 0
1124 1.686457279074934 2.36137342852384 0
1125 2.871637630180208 2.770281669282221 0
1126 2.524706370246391 2.511939966229996 0
1127 2.488650662420154 2.050748704476037 0
1128 2.890158905655761 0.4619952210628663 0
1129 0.3278001229907688 1.758274263760477 0
1130 0.4048197964312143 2.206517459382233 0
1131 0.7812969063270607 2.393927789970789 0
1132 5.33186914820663 1.527557779950127 0
1133 3.133669357134128 3.482501799325656 0
1134 3.677439729747714 3.148961651706486 0
1135 2.465350938855987 2.909701340065128 0
1136 1.908103216428332 2.321164314340368 1.65
1137 3.572377794690895 2.255368777594247 1.65
1138 4.523236432692508 1.538258491081742 2.055806538952697
1139 4.701341798211972 2.827674242088213 1.966530361923422
1140 2.779141730394126 3.272259119888715 1.328131600464857
1141 1.48264011056835 3.523515666758699 1.306726257712564
1142 1.272006260585953 1.277729050846149 1.266348293694636
1143 2.70191091818004 1.318733337092337 1.304302012433456
1144 3.855710079991368 1.241707748137217 1.145359111459498
1145 3.498632066449113 1.113415290322808 2.197180803993234
1146 1.96348999177917 1.289476328204855 2.17896206585678
1147 1.079673518135305 2.427309405073063 2.278068405094363
1148 1.079673518135305 2.427309405073062 1.021931594905637
1149 4.803331644671063 2.187880543394742 1.083939572402727
1150 2.367034088434615 3.038363902693933 2.266484637169708
1151 3.57415973919142 3.290765645649349 2.172037046449423
1152 0.9929161005924148 1.001848101651114 2.26531134772507
1153 3.867477621291902 3.180718600106255 1.101487403509284
1154 1.642769961342273 3.766067695928231 2.291752524701208
1155 2.729706202651159 2.021805120203619 2.253584127899721
1156 5.059727090666247 3.166835196101569 1.012066930080503
1157 4.725145350629337 0.9385374550892795 0.9170687451989001
1158 2.740634990932038 2.298244912423314 1.090530263416056
1159 1.937209316844524 1.86212899648562 0.8703661172055832
1160 2.038914482830518 2.888916886916231 0.9140449889870786
1161 0.8922339502732767 3.296924608326245 1.993892372315965
1162 0.8301436214104956 3.789463123694722 0.8304493950197457
1163 5.041529530760237 2.142480664434596 2.379524565103323
1164 1.996436702500377 0.8743250817371628 0.8907479493501116
1165 1.908103216428332 2.321164314340368 2.49243669344022
1166 0.8060361403611533 0.8011421262600928 0.7980255235354453
1167 2.871703867140506 3.726401262882355 2.448074885199861
1168 2.687612808099073 0.8465351850893977 2.41933110124869
1169 4.101974999378165 2.280675804416459 2.404312592097206
1170 5.2282329623123 3.395879003631715 1.761501664978451
1171 4.377397926831126 3.47941021805321 2.436860425489571
1172 3.530683170093812 2.453432419176755 0.827526534692916
1173 2.572613036819074 3.842863922960877 0.7812789409038569
1174 3.323275112817613 2.545771055300278 2.494095180069011
1175 0.8765644017811109 1.725874001353918 2.553103030729412
1176 0.8765644017811109 1.725874001353918 0.7468969692705869
1177 0.8448379648903044 3.990806662094516 2.484399507866359
1178 0.913848698545714 4.074528803867709 1.63429887378089
1179 3.194623543144894 0.8171318029648575 0.8381183784309315
1180 4.683399423568406 0.818262581581229 2.46539674189064
1181 4.175502761456747 0.8192108314588856 1.796737610431937
1182 1.370616784780665 1.769426106422171 1.903652009607005
1183 4.423731221621606 3.522245237481281 1.611136837265762
1184 1.540328685352185 3.018900226773376 2.524990162198826
1185 2.325180851151176 3.736461151167799 1.833290021912283
1186 3.248105142741411 1.681266362746146 0.8075825785487422
1187 4.928084948899232 0.8538135717226024 1.652022569925113
1188 3.331098578115122 3.640318265218365 0.7580795693911824
1189 0.824749828016962 0.7250430243537717 1.565322298090023
1190 2.913197215124685 2.664811568527132 1.823362418343164
1191 5.146808956169522 3.324723415592092 2.54651984334209
1192 1.540838094342883 0.8037053235448269 1.787106895319321
1193 0.8166569681306581 3.126938332567136 1.238327479911543
1194 1.792678497644614 4.006654390008362 0.7532233286244544
1195 1.3509282802423 3.080185984908861 0.7334645765393417
1196 5.086236156966457 1.645086481943486 1.573751208819864
1197 4.200793688410155 1.864686398338807 1.437662603526423
1198 2.003403968519009 0.6965823103157811 2.585188333065781
1199 3.516175165268574 1.797092096583726 2.564571274150117
1200 3.419956465618169 3.637058184588849 1.513076307758308
1201 4.271719360904341 2.630210039100573 0.7566051915523002
1202 4.445635086402759 3.557734020861921 0.7576051936616744
1203 2.742756613476778 2.910695374667811 0.6978694763499431
1204 5.273180873190512 2.561952531122906 0.6948966693601105
1205 1.769921048111692 3.043163900198828 1.809162617617265
1206 5.196545577479528 2.364782378500014 1.680224237052967
1207 1.979770851275507 1.399363499670547 1.446861950760827
1208 2.351281119353062 0.8070141096504746 1.740691060649955
1209 3.348672851317976 1.543506021644065 1.604384502339737
1210 3.177925254019427 0.8125978858142564 1.588670825225581
1211 1.58201783581031 1.703533245567541 2.608186625726131
1212 0.7273984912361185 1.760635746043036 1.494000011356505
1213 4.513552497569697 1.618663685709556 0.7027785421041829
1214 3.995000989131155 2.852900647546379 1.751239071739949
1215 5.064287160778393 1.432596435519834 2.527430766870876
1216 2.218715412030225 3.602615906939232 2.636309014923299
1217 4.081825074489183 1.316384903691207 2.611867981309138
1218 5.512943173230306 3.495141887198874 0.5985418932855413
1219 1.362473858283903 0.6437606176526411 2.657811046380587
1220 3.89984074497856 2.898756134432345 2.639356809362146
1221 1.336982521286948 0.6269826007065953 1.155453664388468
1222 2.474261083882896 1.908246104071211 1.609761598501894
1223 0.7083267808488509 2.474720027704152 1.65
1224 2.599028123035127 1.11456269103455 0.6519242243345317
1225 3.857910095196074 0.6661021622003351 2.577951295108953
1226 2.793753739873226 1.382257967263359 1.989972098732286
1227 0.8348698508607439 2.993943112810461 2.639038589872803
1228 2.47304651683315 1.482367804065939 2.618378299000204
1229 5.349366356618917 2.714836991496354 2.227545446533224
1230 3.884364900557491 0.6629618284153628 0.7252643402861703
1231 0.6362631498386793 4.359795975761593 1.105212203843747
1232 2.527502904242005 2.517605427966284 2.656743945234389
1233 2.819826083906424 3.950975700440278 1.410842302704134
1234 2.928309067995329 3.078373350923746 2.650560832079707
1235 1.403059873095068 1.075330174688155 0.633449015943639
1236 3.89830954510629 1.880830507152341 0.8283470159622375
1237 2.156183959201766 3.519342586378666 1.211097846638741
1238 5.138992754971561 1.391290855887523 0.6932591897608661
1239 0.6067190571982702 0.6040587215513027 2.602588764324011
1240 4.514479544519568 2.912407712287258 1.321701356468123
1241 1.63969593040014 2.419775337007617 0.6630969596321996
1242 3.314219503305181 2.862000449142605 1.318374022377428
1243 3.871062578294134 1.69755304825536 2.000760626191423
1244 1.058884549925365 4.313422094475356 0.5900879105102764
1245 2.58147250943098 1.795569445296834 0.6591199521687068
1246 2.333937863525235 2.820312136215896 1.53259467051874
1247 4.642388963416988 2.648583069904246 2.632965823073324
1248 4.589372807207689 2.176998195619088 1.879252283143974
1249 1.730936112020666 4.080422159835195 1.664621789548885
1250 2.626075455412481 0.6776112616626775 1.150659170153779
1251 1.415827622011439 1.918510666168204 1.265674038671422
1252 3.122247511951536 1.216755303905371 2.699040419359243
1253 3.529391341739161 3.795883413035226 2.636519207078734
1254 4.474304449806425 1.268945173773285 1.424799754724685
1255 2.956872695903829 3.303501685574272 1.956648404878209
1256 4.545605017706236 1.812116406059328 2.649496855945284
1257 2.301556892893783 2.375814769875022 0.6242159725018017
1258 1.336360723704483 2.617853087761359 1.584918369504119
1259 2.060393291539376 1.892370963757044 2.07121834672011
1260 5.534269590913761 3.480053225422487 1.238304122799309
1261 0.6199361057260425 2.289260281491722 2.693452793267186
1262 3.749029053593873 0.6442852931633398 1.351443811594039
1263 0.6195561383488144 2.28932558815035 0.6066612521396429
1264 3.504304381834412 3.045566528041647 0.597378335404362
1265 3.1612664335523 0.5933008088040572 2.727260968590488
1266 1.298782581954482 4.1024704574225 1.134652058690273
1267 1.412253125624751 4.224806657681157 2.68171289065281
1268 2.334960291741915 2.456343591451356 2.07121834672011
1269 0.5870004920672278 1.20449786100707 1.231021976430453
1270 2.156708812921476 4.125258555956562 2.295479220963632
1271 3.583569491268492 1.219049473311976 0.6040250708791217
1272 0.5622888866656617 1.210992124354719 2.643215736052242
1273 1.229424308876492 2.134659459261186 2.7492643849101
1274 1.908640639145194 1.24490917957781 2.757048196678687
1275 0.5582612211891188 3.520693400329995 2.726119567269431
1276 0.7293371821713222 2.928312684746082 0.6270222655755119
1277 5.029656270455312 0.5687972470113671 0.5563793635779022
1278 2.093954517099776 3.469479912889288 0.5748821145768612
1279 5.500862005669207 2.916849150864404 1.398723644667838
1280 5.30990476917012 1.967111727100408 0.8832593950052005
1281 4.039804978546986 2.441707864937918 1.29502748365424
1282 1.220799228382533 0.5419738732142008 0.5274013475357427
1283 0.6182174486041843 1.459700744831077 2.040126384411739
1284 0.5965849304639085 2.075551640216506 2.111539207157665
1285 3.911779489466873 3.798460282102383 1.921317375348167
1286 1.926046728990297 0.5628073407314178 1.397173886805217
1287 1.305359119301301 4.230691925098759 2.078664589110635
1288 0.6066451298756197 4.39964200046983 2.073353143058005
1289 1.425667914461504 1.871301407232615 0.5619907444382074
1290 2.064815679728284 2.868050498535823 2.739056223454308
1291 3.325060612895176 3.869698740877546 2.067709234303733
1292 1.274449225661288 1.219266246264514 2.732164607860222
1293 0.5827671029147741 4.4272377368838 2.773722843879069
1294 2.232039669369629 4.138914380581562 1.288918197730445
1295 1.227071854321574 0.5202931392242836 2.139081741905421
1296 4.271146850319922 1.089513357190683 0.553607197296951
1297 1.920001065867258 1.35868224056109 0.5540285836579278
1298 1.157524181107172 3.479549019722234 2.499515714524556
1299 4.357582918585594 0.5737165204707779 1.257561355940242
1300 0.5907843127797335 3.66183428129235 1.357463079275186
1301 4.929963249082453 3.67773948273081 1.313761465737837
1302 5.157560452039751 1.256654583030703 1.989610833736605
1303 0.5265023643165588 1.281778021048084 0.6686574655035609
1304 3.037006604335488 2.024753748684888 1.748536742616324
1305 2.751065825217637 0.556795726041124 0.5578480563893577
1306 4.94500726294819 3.711007935803797 0.5382428695529901
1307 3.04290884935105 2.200363918451991 0.5768716886786819
1308 3.880753423921561 3.497149120128157 0.6060964435228535
1309 1.966568296102489 0.5053570006834025 0.4989766580147187
1310 3.975297332514699 3.78299665692531 1.253025738377543
1311 5.591138055639451 3.591127957472985 2.764658658399487
1312 3.160159556013105 0.641129730791727 2.145921124952151
1313 4.67603936452679 3.034670401433423 0.5665212545298434
1314 1.549419979130998 3.558436082718066 0.5396936226432471
1315 1.620109944896174 2.564955973377176 2.07121834672011
1316 1.295304706710908 3.683632268455057 1.833144996285676
1317 3.466896288393066 2.756208947295621 1.972346822366637
1318 0.5476983687208832 2.630426912402225 1.117670976037801
1319 0.5609171889105885 2.809723574608021 2.131895892146985
1320 0.488910480976295 4.005703350451253 0.4868414272609706
1321 5.140430865549886 1.185057040090933 1.231194726932767
1322 2.299548134903598 2.005982536091605 2.760682783748989
1323 4.795914908465001 3.70867776773195 2.056965043467651
1324 1.69791042449739 3.487638418420299 2.759910154529726
1325 0.5803311813366447 0.5337442958429579 2.040237141153882
1326 2.962127647286396 1.768302071593328 2.713775172327362
1327 0.5722250985566177 3.785553022255255 2.010080403393404
1328 2.782393776249864 4.067159190057586 1.982649451982072
1329 4.604716397647495 1.263166543574564 2.784813714364526
1330 5.365182360094565 2.454741143053701 2.745562059812966
1331 3.267088189015311 2.102423481839778 1.192503062900335
1332 4.475115305258013 2.152668687476794 0.4649206383187383
1333 1.127189912928422 2.393624006430266 0.4950132145081193
1334 4.464327142700289 0.5582842135198005 0.588273771809027
1335 5.335990607726337 1.775843424325269 2.824158568279191
1336 1.546120202929786 2.562386129699249 2.803904646599459
1337 1.09513347240711 1.293172288709719 1.797760779524997
1338 0.4578421394979561 1.777940380016183 2.833985354986565
1339 2.196101325340958 2.408845184461732 1.17533190015707
1340 5.282649802885325 1.778375925562595 2.060015457942002
1341 3.70595405890025 1.106463796245633 1.672369449904525
1342 3.669752653258035 0.5949770674667856 1.907969045790527
1343 3.462057245966854 3.24329664584834 2.721906838698334
1344 1.585425993905994 2.976810145541589 1.232717445486089
1345 0.4888952381894912 0.4903205496201227 0.4985657814973545
1346 1.525128038506135 1.013113379570032 2.308059667398848
1347 4.786059284070324 3.710715939445691 2.758990991419807
1348 5.129088121997212 0.9389520870572403 2.775934023424908
1349 5.568239481040943 3.494021131347806 2.205620446824838
1350 2.862125003333254 3.432220386984556 0.5370081164238766
1351 3.020226522196559 4.025633387083496 0.5251323506047136
1352 4.031615148329373 3.904710052728321 2.445600184311285
1353 0.4800269995221199 3.379177109348996 0.8946749661686164
1354 2.270282187682051 1.4326196297074 0.9765545858013305
1355 2.374828940735915 0.994861511317933 2.825105286893403
1356 5.04002586518126 0.5550470605363318 1.186292937897486
1357 3.704732874275504 2.270537210419519 2.80205401844895
1358 5.051154251646984 0.5615778798169121 2.120540299330858
1359 0.6129925995621524 4.49025499616873 0.4411385306590401
1360 4.243241397823638 2.992439943231969 2.220973674142121
1361 3.631733595322683 1.097542595746309 2.789174468414516
1362 4.675164508492928 3.174828204982853 2.781140509907422
1363 3.606204579350965 2.187725528039664 2.192013813533659
1364 3.95184259704621 3.479663912383312 2.780511880755696
1365 3.310117659552215 1.255009141092663 1.142715734893974
1366 0.5245967554438514 0.5266879969889138 1.165319995722183
1367 4.066975534719605 2.326112852111106 1.863867121724825
1368 3.231676349915785 1.677113678641241 2.117698096663448
1369 1.634781006344499 2.401567643618091 1.197491736651591
1370 1.48132756314822 2.104745247651397 2.300354411697455
1371 4.017552100800749 1.831204934263592 2.764005246284325
1372 2.594860124259672 4.161876629168917 2.610852645650898
1373 1.26982084596113 3.151604930719903 1.635815030407716
1374 3.871982825985655 3.359093155890268 1.610684845908399
1375 2.008148624573339 3.410955458328083 2.120478990409737
1376 4.984739836734757 2.675749388396682 1.215915425541443
1377 1.963415444404097 0.5552016008837083 2.049107633336439
1378 4.990935501892324 1.852707935823078 0.4724779205551702
1379 4.889056554797282 1.661739390480996 1.078732755554848
1380 5.515493504783981 3.013360412082683 0.8042858997262688
1381 5.525857314636755 2.964694257705695 2.677617086023237
1382 3.451181106003662 0.4755656781177448 0.5077766325884834
1383 3.168507710561868 4.062280455981355 1.030444176455573
1384 4.339669479402853 0.4724181166122036 2.663147394788471
1385 1.221137507860685 1.459936106911001 2.283289648094996
1386 1.563226666139161 1.503958986743168 0.9014816763887326
1387 0.5184560660592892 3.085853135865564 1.678082962957751
1388 0.6612414549972441 2.113285501840505 1.104431066953117
1389 3.124609475324238 3.187563568705012 0.936884346332676
1390 1.761645820633309 2.890740705774025 0.470180514412215
1391 3.100133794481519 1.143725933309792 0.4566650414337712
1392 1.611380430078772 1.323248462560706 1.801722759416392
1393 3.692160420369713 1.81302840096123 1.308842887080881
1394 2.97998406618478 2.288120646000724 2.80035207560983
1395 5.476113960492141 2.460574706537053 1.163338752129442
1396 1.223843652849185 2.907963665317879 2.119367333231741
1397 1.11607165134759 2.142956893317403 1.634891030279388
1398 1.021081766942586 3.427348200952951 0.4636817399193682
1399 1.927340361923349 4.048660315260989 2.796525214788864
1400 1.691396420039898 2.096788203365036 2.84969266298555
1401 3.150319240992651 2.693154028534066 0.4681627276019927
1402 2.019764521601742 1.904614243082487 1.373929943417084
1403 2.290658633360944 2.859722106668431 0.4757546962808961
1404 2.852663114146157 1.789109691726955 1.132419631407453
1405 4.005510326213354 1.203803633731175 2.107195281474374
1406 0.9903695790379954 1.319234483927981 0.4632174863081335
1407 4.523151089092932 0.5106095258722737 2.059458048562998
1408 5.049697678259739 0.4411273073806763 2.780518480289478
1409 5.589688183526609 3.051070923652095 1.910052252353304
1410 2.28529994660196 1.496523838839021 1.842718149698904
1411 1.865566243254206 3.579966751250445 1.651590792099859
1412 3.928126528807004 2.303789546520928 0.4800853114080338
1413 3.923654761234565 2.810003746111586 0.4324669885958545
1414 2.807579970482728 2.755252396110953 1.324581157754531
1415 2.467829791113753 3.240719995333744 1.801730676410237
1416 5.444368526185873 2.172585130271969 0.4689181820617885
1417 4.596685467628765 1.03100407323477 2.00434117419603
1418 2.487318902151237 3.321819532857447 0.8710843448785235
1419 1.050143961306045 2.590839641190283 2.836615644438186
1420 5.400188637140833 2.001081194025868 1.384910699498667
1421 2.463599697529023 3.169632957154487 2.840000029109834
1422 4.729537872770664 1.249168205432962 0.452437238305917
1423 0.4764753351636693 3.28604819943685 2.284055348442105
1424 0.4864464788084767 4.338935604651851 1.586830960276918
1425 3.51285273625029 2.008842981283756 0.5185686709125846
1426 0.9911210365028928 0.4432478683007999 2.872819226590565
1427 0.9020359818600132 0.9233188318318829 2.845603835013498
1428 4.306879419212278 2.146111940341 0.9774777330532977
1429 1.701579288894033 1.005405083598079 1.284312667360011
1430 0.4004618295219383 3.845465921375048 0.9745169120225569
1431 3.095740812285238 4.010373452986412 2.816186968537704
1432 2.689383970790304 0.6175848446307419 2.868267049492875
1433 5.059629299230679 2.848699412565507 2.842154231949026
1434 4.094533861480471 3.93603534771264 0.7744552647612725
1435 5.24535901639427 0.9354666552035974 0.7640485372968383
1436 2.278247200250099 1.021441281948061 1.286454389025811
1437 4.525284565862645 2.419427532977519 1.438817219971376
1438 5.425282240279096 2.244370749335159 2.094816677289084
1439 2.664526105409329 0.4861577486946108 2.027946415645076
1440 4.806628214687343 2.209328252158423 2.822437000381484
1441 2.868856838742022 2.693642369595095 2.326876698196993
1442 5.645676747238713 3.66092240650277 1.699140348535138
1443 2.905348426813795 3.510103323691871 2.879816910966189
1444 0.4958900889187969 3.969658920132358 2.870351917544372
1445 2.409236694235457 0.4303557731549086 2.456672939990017
1446 1.226945495614572 3.167118852281556 2.860559923259224
1447 4.936881044274453 3.031566003532344 1.570010059256087
1448 2.182717858256271 0.9604279498586714 0.4469181880364433
1449 0.4330173640046968 3.365739802829958 0.4192678314077113
1450 3.375471664658215 3.174947161603019 1.708063857314251
1451 4.758355042828792 2.544518395259526 0.696360506531099
1452 5.23006330581907 3.707574279522824 0.9322440692760824
1453 1.768705180291593 3.339455632490477 0.9360339599139661
1454 1.029153288682639 4.468625860097079 2.440972486434695
1455 2.250151335479997 0.4371897870094781 0.9123262621327545
1456 0.4759084642004999 1.841001380614238 0.4501115945186553
1457 1.543664084687485 4.34481555027448 0.4888761872783584
1458 4.194654105547905 3.124761234413114 0.725579353053692
1459 0.499038046713931 1.000842319525557 2.195265577691063
$EndNodes
$Elements
6065
1 2 2 11 1 389 1 49
2 2 2 11 1 89 1 389
3 2 2 11 1 59 2 383
4 2 2 11 1 383 2 60
5 2 2 11 1 67 3 403
6 2 2 11 1 403 3 68
7 2 2 11 1 397 79 4
8 2 2 11 1 80 397 4
9 2 2 11 1 49 50 389
10 2 2 11 1 50 51 328
11 2 2 11 1 327 50 328
12 2 2 11 1 327 389 50
13 2 2 11 1 371 51 52
14 2 2 11 1 51 371 328
15 2 2 11 1 52 53 364
16 2 2 11 1 364 371 52
17 2 2 11 1 365 53 54
18 2 2 11 1 364 53 365
19 2 2 11 1 441 54 55
20 2 2 11 1 441 365 54
21 2 2 11 1 55 56 385
22 2 2 11 1 55 385 441
23 2 2 11 1 56 57 386
24 2 2 11 1 386 385 56
25 2 2 11 1 57 58 392
26 2 2 11 1 398 386 57
27 2 2 11 1 398 57 392
28 2 2 11 1 58 59 392
29 2 2 11 1 392 59 383
30 2 2 11 1 60 61 393
31 2 2 11 1 60 393 383
32 2 2 11 1 61 62 399
33 2 2 11 1 393 61 399
34 2 2 11 1 333 62 63
35 2 2 11 1 62 333 399
36 2 2 11 1 63 64 334
37 2 2 11 1 333 63 334
38 2 2 11 1 64 65 378
39 2 2 11 1 334 64 378
40 2 2 11 1 65 66 332
41 2 2 11 1 377 65 332
42 2 2 11 1 377 378 65
43 2 2 11 1 332 66 67
44 2 2 11 1 332 67 395
45 2 2 11 1 67 403 395
46 2 2 11 1 390 68 69
47 2 2 11 1 403 68 390
48 2 2 11 1 368 69 70
49 2 2 11 1 69 368 370
50 2 2 11 1 390 69 370
51 2 2 11 1 400 70 71
52 2 2 11 1 70 400 368
53 2 2 11 1 344 71 72
54 2 2 11 1 400 71 344
55 2 2 11 1 72 73 440
56 2 2 11 1 440 344 72
57 2 2 11 1 73 74 362
58 2 2 11 1 73 362 440
59 2 2 11 1 74 75 340
60 2 2 11 1 362 74 340
61 2 2 11 1 75 76 326
62 2 2 11 1 340 75 326
63 2 2 11 1 76 77 324
64 2 2 11 1 326 76 324
65 2 2 11 1 77 78 382
66 2 2 11 1 382 324 77
67 2 2 11 1 325 78 79
68 2 2 11 1 325 382 78
69 2 2 11 1 325 79 397
70 2 2 11 1 397 80 81
71 2 2 11 1 381 81 82
72 2 2 11 1 396 81 381
73 2 2 11 1 397 81 396
74 2 2 11 1 379 82 83
75 2 2 11 1 82 379 381
76 2 2 11 1 387 83 84
77 2 2 11 1 379 83 387
78 2 2 11 1 436 84 85
79 2 2 11 1 387 84 404
80 2 2 11 1 84 436 404
81 2 2 11 1 435 85 86
82 2 2 11 1 435 436 85
83 2 2 11 1 402 86 87
84 2 2 11 1 402 435 86
85 2 2 11 1 87 88 375
86 2 2 11 1 375 402 87
87 2 2 11 1 88 89 388
88 2 2 11 1 388 375 88
89 2 2 11 1 388 89 389
90 2 2 11 1 311 312 313
91 2 2 11 1 311 314 312
92 2 2 11 1 313 401 311
93 2 2 11 1 427 314 311
94 2 2 11 1 311 401 445
95 2 2 11 1 445 427 311
96 2 2 11 1 312 334 313
97 2 2 11 1 312 314 335
98 2 2 11 1 335 334 312
99 2 2 11 1 334 378 313
100 2 2 11 1 377 374 313
101 2 2 11 1 313 374 401
102 2 2 11 1 377 313 378
103 2 2 11 1 314 415 335
104 2 2 11 1 314 416 415
105 2 2 11 1 416 314 427
106 2 2 11 1 315 316 317
107 2 2 11 1 316 315 375
108 2 2 11 1 317 353 315
109 2 2 11 1 409 315 353
110 2 2 11 1 402 375 315
111 2 2 11 1 409 402 315
112 2 2 11 1 316 318 317
113 2 2 11 1 388 318 316
114 2 2 11 1 375 388 316
115 2 2 11 1 373 317 318
116 2 2 11 1 317 354 353
117 2 2 11 1 354 317 421
118 2 2 11 1 372 317 373
119 2 2 11 1 421 317 372
120 2 2 11 1 327 328 318
121 2 2 11 1 327 318 388
122 2 2 11 1 328 373 318
123 2 2 11 1 319 320 321
124 2 2 11 1 320 319 382
125 2 2 11 1 319 321 323
126 2 2 11 1 323 324 319
127 2 2 11 1 324 382 319
128 2 2 11 1 320 322 321
129 2 2 11 1 320 396 322
130 2 2 11 1 382 325 320
131 2 2 11 1 325 397 320
132 2 2 11 1 396 320 397
133 2 2 11 1 380 321 322
134 2 2 11 1 323 321 406
135 2 2 11 1 380 406 321
136 2 2 11 1 379 380 322
137 2 2 11 1 322 381 379
138 2 2 11 1 381 322 396
139 2 2 11 1 323 326 324
140 2 2 11 1 341 326 323
141 2 2 11 1 420 341 323
142 2 2 11 1 323 406 420
143 2 2 11 1 340 326 341
144 2 2 11 1 388 389 327
145 2 2 11 1 373 328 371
146 2 2 11 1 329 330 331
147 2 2 11 1 329 336 330
148 2 2 11 1 329 331 417
149 2 2 11 1 355 336 329
150 2 2 11 1 329 410 355
151 2 2 11 1 417 410 329
152 2 2 11 1 434 331 330
153 2 2 11 1 336 412 330
154 2 2 11 1 330 412 434
155 2 2 11 1 411 331 352
156 2 2 11 1 434 352 331
157 2 2 11 1 417 331 411
158 2 2 11 1 377 332 376
159 2 2 11 1 395 376 332
160 2 2 11 1 333 334 335
161 2 2 11 1 335 399 333
162 2 2 11 1 335 394 399
163 2 2 11 1 415 394 335
164 2 2 11 1 341 412 336
165 2 2 11 1 446 341 336
166 2 2 11 1 336 355 357
167 2 2 11 1 336 357 446
168 2 2 11 1 337 338 339
169 2 2 11 1 338 337 438
170 2 2 11 1 405 337 339
171 2 2 11 1 405 404 337
172 2 2 11 1 337 404 436
173 2 2 11 1 337 436 438
174 2 2 11 1 338 346 339
175 2 2 11 1 338 442 346
176 2 2 11 1 438 442 338
177 2 2 11 1 339 346 347
178 2 2 11 1 339 347 348
179 2 2 11 1 339 348 405
180 2 2 11 1 340 341 446
181 2 2 11 1 361 340 357
182 2 2 11 1 446 357 340
183 2 2 11 1 361 362 340
184 2 2 11 1 412 341 420
185 2 2 11 1 342 343 344
186 2 2 11 1 342 345 343
187 2 2 11 1 342 344 428
188 2 2 11 1 345 342 366
189 2 2 11 1 342 430 366
190 2 2 11 1 428 430 342
191 2 2 11 1 343 400 344
192 2 2 11 1 343 345 369
193 2 2 11 1 369 400 343
194 2 2 11 1 428 344 429
195 2 2 11 1 429 344 440
196 2 2 11 1 345 366 367
197 2 2 11 1 445 345 367
198 2 2 11 1 345 401 369
199 2 2 11 1 445 401 345
200 2 2 11 1 350 347 346
201 2 2 11 1 346 351 350
202 2 2 11 1 346 354 351
203 2 2 11 1 354 346 442
204 2 2 11 1 434 348 347
205 2 2 11 1 352 347 350
206 2 2 11 1 347 352 434
207 2 2 11 1 405 348 447
208 2 2 11 1 434 412 348
209 2 2 11 1 447 348 412
210 2 2 11 1 349 350 351
211 2 2 11 1 349 352 350
212 2 2 11 1 349 351 422
213 2 2 11 1 411 352 349
214 2 2 11 1 411 349 359
215 2 2 11 1 359 349 422
216 2 2 11 1 354 421 351
217 2 2 11 1 421 422 351
218 2 2 11 1 354 442 353
219 2 2 11 1 353 442 409
220 2 2 11 1 355 356 357
221 2 2 11 1 355 430 356
222 2 2 11 1 430 355 410
223 2 2 11 1 356 361 357
224 2 2 11 1 429 361 356
225 2 2 11 1 429 356 428
226 2 2 11 1 428 356 430
227 2 2 11 1 358 359 360
228 2 2 11 1 432 359 358
229 2 2 11 1 424 358 360
230 2 2 11 1 358 424 413
231 2 2 11 1 413 443 358
232 2 2 11 1 358 431 432
233 2 2 11 1 431 358 443
234 2 2 11 1 422 360 359
235 2 2 11 1 359 432 411
236 2 2 11 1 360 363 424
237 2 2 11 1 363 360 439
238 2 2 11 1 439 360 422
239 2 2 11 1 361 429 362
240 2 2 11 1 440 362 429
241 2 2 11 1 363 364 365
242 2 2 11 1 364 363 425
243 2 2 11 1 424 363 365
244 2 2 11 1 363 439 425
245 2 2 11 1 364 425 371
246 2 2 11 1 414 424 365
247 2 2 11 1 414 365 441
248 2 2 11 1 423 367 366
249 2 2 11 1 366 430 423
250 2 2 11 1 367 418 419
251 2 2 11 1 367 423 418
252 2 2 11 1 419 427 367
253 2 2 11 1 367 427 445
254 2 2 11 1 368 369 370
255 2 2 11 1 369 368 400
256 2 2 11 1 369 374 370
257 2 2 11 1 369 401 374
258 2 2 11 1 370 374 376
259 2 2 11 1 390 370 376
260 2 2 11 1 371 372 373
261 2 2 11 1 372 371 425
262 2 2 11 1 372 439 421
263 2 2 11 1 425 439 372
264 2 2 11 1 376 374 377
265 2 2 11 1 395 390 376
266 2 2 11 1 380 379 387
267 2 2 11 1 380 387 404
268 2 2 11 1 404 405 380
269 2 2 11 1 405 406 380
270 2 2 11 1 383 391 392
271 2 2 11 1 383 393 391
272 2 2 11 1 384 385 386
273 2 2 11 1 384 413 385
274 2 2 11 1 407 384 386
275 2 2 11 1 384 407 444
276 2 2 11 1 384 443 413
277 2 2 11 1 384 444 443
278 2 2 11 1 413 414 385
279 2 2 11 1 441 385 414
280 2 2 11 1 386 398 407
281 2 2 11 1 390 395 403
282 2 2 11 1 398 392 391
283 2 2 11 1 394 391 393
284 2 2 11 1 394 408 391
285 2 2 11 1 398 391 408
286 2 2 11 1 394 393 399
287 2 2 11 1 408 394 415
288 2 2 11 1 398 408 407
289 2 2 11 1 409 435 402
290 2 2 11 1 447 406 405
291 2 2 11 1 420 406 412
292 2 2 11 1 412 406 447
293 2 2 11 1 416 407 408
294 2 2 11 1 407 416 426
295 2 2 11 1 444 407 426
296 2 2 11 1 415 416 408
297 2 2 11 1 435 409 438
298 2 2 11 1 438 409 442
299 2 2 11 1 437 410 417
300 2 2 11 1 410 423 430
301 2 2 11 1 423 410 437
302 2 2 11 1 417 411 437
303 2 2 11 1 432 433 411
304 2 2 11 1 437 411 433
305 2 2 11 1 413 424 414
306 2 2 11 1 416 427 426
307 2 2 11 1 433 419 418
308 2 2 11 1 423 437 418
309 2 2 11 1 418 437 433
310 2 2 11 1 426 427 419
311 2 2 11 1 426 419 431
312 2 2 11 1 419 433 431
313 2 2 11 1 421 439 422
314 2 2 11 1 426 431 444
315 2 2 11 1 432 431 433
316 2 2 11 1 443 444 431
317 2 2 11 1 438 436 435
318 2 2 11 2 526 5 90
319 2 2 11 2 130 5 526
320 2 2 11 2 100 6 520
321 2 2 11 2 520 6 101
322 2 2 11 2 108 7 540
323 2 2 11 2 540 7 109
324 2 2 11 2 534 120 8
325 2 2 11 2 121 534 8
326 2 2 11 2 90 91 526
327 2 2 11 2 91 92 465
328 2 2 11 2 464 91 465
329 2 2 11 2 464 526 91
330 2 2 11 2 508 92 93
331 2 2 11 2 92 508 465
332 2 2 11 2 93 94 501
333 2 2 11 2 501 508 93
334 2 2 11 2 502 94 95
335 2 2 11 2 501 94 502
336 2 2 11 2 578 95 96
337 2 2 11 2 578 502 95
338 2 2 11 2 96 97 522
339 2 2 11 2 96 522 578
340 2 2 11 2 97 98 523
341 2 2 11 2 523 522 97
342 2 2 11 2 98 99 529
343 2 2 11 2 535 523 98
344 2 2 11 2 535 98 529
345 2 2 11 2 99 100 529
346 2 2 11 2 529 100 520
347 2 2 11 2 101 102 530
348 2 2 11 2 101 530 520
349 2 2 11 2 102 103 536
350 2 2 11 2 530 102 536
351 2 2 11 2 470 103 104
352 2 2 11 2 103 470 536
353 2 2 11 2 104 105 471
354 2 2 11 2 470 104 471
355 2 2 11 2 105 106 515
356 2 2 11 2 471 105 515
357 2 2 11 2 106 107 469
358 2 2 11 2 514 106 469
359 2 2 11 2 514 515 106
360 2 2 11 2 469 107 108
361 2 2 11 2 469 108 532
362 2 2 11 2 108 540 532
363 2 2 11 2 527 109 110
364 2 2 11 2 540 109 527
365 2 2 11 2 505 110 111
366 2 2 11 2 110 505 507
367 2 2 11 2 527 110 507
368 2 2 11 2 537 111 112
369 2 2 11 2 111 537 505
370 2 2 11 2 481 112 113
371 2 2 11 2 537 112 481
372 2 2 11 2 113 114 577
373 2 2 11 2 577 481 113
374 2 2 11 2 114 115 499
375 2 2 11 2 114 499 577
376 2 2 11 2 115 116 477
377 2 2 11 2 499 115 477
378 2 2 11 2 116 117 463
379 2 2 11 2 477 116 463
380 2 2 11 2 117 118 461
381 2 2 11 2 463 117 461
382 2 2 11 2 118 119 519
383 2 2 11 2 519 461 118
384 2 2 11 2 462 119 120
385 2 2 11 2 462 519 119
386 2 2 11 2 462 120 534
387 2 2 11 2 534 121 122
388 2 2 11 2 518 122 123
389 2 2 11 2 533 122 518
390 2 2 11 2 534 122 533
391 2 2 11 2 516 123 124
392 2 2 11 2 123 516 518
393 2 2 11 2 524 124 125
394 2 2 11 2 516 124 524
395 2 2 11 2 573 125 126
396 2 2 11 2 524 125 541
397 2 2 11 2 125 573 541
398 2 2 11 2 572 126 127
399 2 2 11 2 572 573 126
400 2 2 11 2 539 127 128
401 2 2 11 2 539 572 127
402 2 2 11 2 128 129 512
403 2 2 11 2 512 539 128
404 2 2 11 2 129 130 525
405 2 2 11 2 525 512 129
406 2 2 11 2 525 130 526
407 2 2 11 2 448 449 450
408 2 2 11 2 448 451 449
409 2 2 11 2 450 538 448
410 2 2 11 2 564 451 448
411 2 2 11 2 448 538 582
412 2 2 11 2 582 564 448
413 2 2 11 2 449 471 450
414 2 2 11 2 449 451 472
415 2 2 11 2 472 471 449
416 2 2 11 2 471 515 450
417 2 2 11 2 514 511 450
418 2 2 11 2 450 511 538
419 2 2 11 2 514 450 515
420 2 2 11 2 451 552 472
421 2 2 11 2 451 553 552
422 2 2 11 2 553 451 564
423 2 2 11 2 452 453 454
424 2 2 11 2 453 452 512
425 2 2 11 2 454 490 452
426 2 2 11 2 546 452 490
427 2 2 11 2 539 512 452
428 2 2 11 2 546 539 452
429 2 2 11 2 453 455 454
430 2 2 11 2 525 455 453
431 2 2 11 2 512 525 453
432 2 2 11 2 510 454 455
433 2 2 11 2 454 491 490
434 2 2 11 2 491 454 558
435 2 2 11 2 509 454 510
436 2 2 11 2 558 454 509
437 2 2 11 2 464 465 455
438 2 2 11 2 464 455 525
439 2 2 11 2 465 510 455
440 2 2 11 2 456 457 458
441 2 2 11 2 457 456 519
442 2 2 11 2 456 458 460
443 2 2 11 2 460 461 456
444 2 2 11 2 461 519 456
445 2 2 11 2 457 459 458
446 2 2 11 2 457 533 459
447 2 2 11 2 519 462 457
448 2 2 11 2 462 534 457
449 2 2 11 2 533 457 534
450 2 2 11 2 517 458 459
451 2 2 11 2 460 458 543
452 2 2 11 2 517 543 458
453 2 2 11 2 516 517 459
454 2 2 11 2 459 518 516
455 2 2 11 2 518 459 533
456 2 2 11 2 460 463 461
457 2 2 11 2 478 463 460
458 2 2 11 2 557 478 460
459 2 2 11 2 460 543 557
460 2 2 11 2 477 463 478
461 2 2 11 2 525 526 464
462 2 2 11 2 510 465 508
463 2 2 11 2 466 467 468
464 2 2 11 2 466 473 467
465 2 2 11 2 466 468 554
466 2 2 11 2 492 473 466
467 2 2 11 2 466 547 492
468 2 2 11 2 554 547 466
469 2 2 11 2 571 468 467
470 2 2 11 2 473 549 467
471 2 2 11 2 467 549 571
472 2 2 11 2 548 468 489
473 2 2 11 2 571 489 468
474 2 2 11 2 554 468 548
475 2 2 11 2 514 469 513
476 2 2 11 2 532 513 469
477 2 2 11 2 470 471 472
478 2 2 11 2 472 536 470
479 2 2 11 2 472 531 536
480 2 2 11 2 552 531 472
481 2 2 11 2 478 549 473
482 2 2 11 2 583 478 473
483 2 2 11 2 473 492 494
484 2 2 11 2 473 494 583
485 2 2 11 2 474 475 476
486 2 2 11 2 475 474 575
487 2 2 11 2 542 474 476
488 2 2 11 2 542 541 474
489 2 2 11 2 474 541 573
490 2 2 11 2 474 573 575
491 2 2 11 2 475 483 476
492 2 2 11 2 475 579 483
493 2 2 11 2 575 579 475
494 2 2 11 2 476 483 484
495 2 2 11 2 476 484 485
496 2 2 11 2 476 485 542
497 2 2 11 2 477 478 583
498 2 2 11 2 498 477 494
499 2 2 11 2 583 494 477
500 2 2 11 2 498 499 477
501 2 2 11 2 549 478 557
502 2 2 11 2 479 480 481
503 2 2 11 2 479 482 480
504 2 2 11 2 479 481 565
505 2 2 11 2 482 479 503
506 2 2 11 2 479 567 503
507 2 2 11 2 565 567 479
508 2 2 11 2 480 537 481
509 2 2 11 2 480 482 506
510 2 2 11 2 506 537 480
511 2 2 11 2 565 481 566
512 2 2 11 2 566 481 577
513 2 2 11 2 482 503 504
514 2 2 11 2 582 482 504
515 2 2 11 2 482 538 506
516 2 2 11 2 582 538 482
517 2 2 11 2 487 484 483
518 2 2 11 2 483 488 487
519 2 2 11 2 483 491 488
520 2 2 11 2 491 483 579
521 2 2 11 2 571 485 484
522 2 2 11 2 489 484 487
523 2 2 11 2 484 489 571
524 2 2 11 2 542 485 584
525 2 2 11 2 571 549 485
526 2 2 11 2 584 485 549
527 2 2 11 2 486 487 488
528 2 2 11 2 486 489 487
529 2 2 11 2 486 488 559
530 2 2 11 2 548 489 486
531 2 2 11 2 548 486 496
532 2 2 11 2 496 486 559
533 2 2 11 2 491 558 488
534 2 2 11 2 558 559 488
535 2 2 11 2 491 579 490
536 2 2 11 2 490 579 546
537 2 2 11 2 492 493 494
538 2 2 11 2 492 567 493
539 2 2 11 2 567 492 547
540 2 2 11 2 493 498 494
541 2 2 11 2 566 498 493
542 2 2 11 2 566 493 565
543 2 2 11 2 565 493 567
544 2 2 11 2 495 496 497
545 2 2 11 2 569 496 495
546 2 2 11 2 561 495 497
547 2 2 11 2 495 561 550
548 2 2 11 2 550 580 495
549 2 2 11 2 495 568 569
550 2 2 11 2 568 495 580
551 2 2 11 2 559 497 496
552 2 2 11 2 496 569 548
553 2 2 11 2 497 500 561
554 2 2 11 2 500 497 576
555 2 2 11 2 576 497 559
556 2 2 11 2 498 566 499
557 2 2 11 2 577 499 566
558 2 2 11 2 500 501 502
559 2 2 11 2 501 500 562
560 2 2 11 2 561 500 502
561 2 2 11 2 500 576 562
562 2 2 11 2 501 562 508
563 2 2 11 2 551 561 502
564 2 2 11 2 551 502 578
565 2 2 11 2 560 504 503
566 2 2 11 2 503 567 560
567 2 2 11 2 504 555 556
568 2 2 11 2 504 560 555
569 2 2 11 2 556 564 504
570 2 2 11 2 504 564 582
571 2 2 11 2 505 506 507
572 2 2 11 2 506 505 537
573 2 2 11 2 506 511 507
574 2 2 11 2 506 538 511
575 2 2 11 2 507 511 513
576 2 2 11 2 527 507 513
577 2 2 11 2 508 509 510
578 2 2 11 2 509 508 562
579 2 2 11 2 509 576 558
580 2 2 11 2 562 576 509
581 2 2 11 2 513 511 514
582 2 2 11 2 532 527 513
583 2 2 11 2 517 516 524
584 2 2 11 2 517 524 541
585 2 2 11 2 541 542 517
586 2 2 11 2 542 543 517
587 2 2 11 2 520 528 529
588 2 2 11 2 520 530 528
589 2 2 11 2 521 522 523
590 2 2 11 2 521 550 522
591 2 2 11 2 544 521 523
592 2 2 11 2 521 544 581
593 2 2 11 2 521 580 550
594 2 2 11 2 521 581 580
595 2 2 11 2 550 551 522
596 2 2 11 2 578 522 551
597 2 2 11 2 523 535 544
598 2 2 11 2 527 532 540
599 2 2 11 2 535 529 528
600 2 2 11 2 531 528 530
601 2 2 11 2 531 545 528
602 2 2 11 2 535 528 545
603 2 2 11 2 531 530 536
604 2 2 11 2 545 531 552
605 2 2 11 2 535 545 544
606 2 2 11 2 546 572 539
607 2 2 11 2 584 543 542
608 2 2 11 2 557 543 549
609 2 2 11 2 549 543 584
610 2 2 11 2 553 544 545
611 2 2 11 2 544 553 563
612 2 2 11 2 581 544 563
613 2 2 11 2 552 553 545
614 2 2 11 2 572 546 575
615 2 2 11 2 575 546 579
616 2 2 11 2 574 547 554
617 2 2 11 2 547 560 567
618 2 2 11 2 560 547 574
619 2 2 11 2 554 548 574
620 2 2 11 2 569 570 548
621 2 2 11 2 574 548 570
622 2 2 11 2 550 561 551
623 2 2 11 2 553 564 563
624 2 2 11 2 570 556 555
625 2 2 11 2 560 574 555
626 2 2 11 2 555 574 570
627 2 2 11 2 563 564 556
628 2 2 11 2 563 556 568
629 2 2 11 2 556 570 568
630 2 2 11 2 558 576 559
631 2 2 11 2 563 568 581
632 2 2 11 2 569 568 570
633 2 2 11 2 580 581 568
634 2 2 11 2 575 573 572
635 2 2 11 3 655 1 49
636 2 2 11 3 131 1 655
637 2 2 11 3 59 2 665
638 2 2 11 3 665 2 137
639 2 2 11 3 90 5 664
640 2 2 11 3 664 5 136
641 2 2 11 3 623 6 100
642 2 2 11 3 142 6 623
643 2 2 11 3 49 50 655
644 2 2 11 3 50 51 596
645 2 2 11 3 626 50 596
646 2 2 11 3 626 655 50
647 2 2 11 3 597 51 52
648 2 2 11 3 596 51 597
649 2 2 11 3 651 52 53
650 2 2 11 3 597 52 651
651 2 2 11 3 591 53 54
652 2 2 11 3 53 591 650
653 2 2 11 3 650 651 53
654 2 2 11 3 54 55 592
655 2 2 11 3 591 54 592
656 2 2 11 3 55 56 669
657 2 2 11 3 55 669 592
658 2 2 11 3 57 585 56
659 2 2 11 3 589 56 585
660 2 2 11 3 669 56 589
661 2 2 11 3 616 57 58
662 2 2 11 3 57 616 585
663 2 2 11 3 662 58 59
664 2 2 11 3 616 58 662
665 2 2 11 3 665 662 59
666 2 2 11 3 610 91 90
667 2 2 11 3 664 610 90
668 2 2 11 3 609 92 91
669 2 2 11 3 609 91 610
670 2 2 11 3 93 92 620
671 2 2 11 3 609 620 92
672 2 2 11 3 637 94 93
673 2 2 11 3 93 620 637
674 2 2 11 3 625 95 94
675 2 2 11 3 633 625 94
676 2 2 11 3 633 94 637
677 2 2 11 3 96 95 625
678 2 2 11 3 97 96 602
679 2 2 11 3 96 611 602
680 2 2 11 3 96 625 611
681 2 2 11 3 618 98 97
682 2 2 11 3 618 97 602
683 2 2 11 3 99 98 608
684 2 2 11 3 98 618 608
685 2 2 11 3 100 99 607
686 2 2 11 3 607 99 608
687 2 2 11 3 100 607 623
688 2 2 11 3 132 131 645
689 2 2 11 3 645 131 655
690 2 2 11 3 133 132 644
691 2 2 11 3 645 644 132
692 2 2 11 3 134 133 661
693 2 2 11 3 644 661 133
694 2 2 11 3 134 657 135
695 2 2 11 3 134 661 657
696 2 2 11 3 656 136 135
697 2 2 11 3 135 657 656
698 2 2 11 3 664 136 656
699 2 2 11 3 648 137 138
700 2 2 11 3 665 137 648
701 2 2 11 3 649 138 139
702 2 2 11 3 138 649 648
703 2 2 11 3 660 139 140
704 2 2 11 3 139 660 649
705 2 2 11 3 141 639 140
706 2 2 11 3 639 660 140
707 2 2 11 3 141 142 640
708 2 2 11 3 640 639 141
709 2 2 11 3 640 142 623
710 2 2 11 3 585 586 587
711 2 2 11 3 616 586 585
712 2 2 11 3 587 589 585
713 2 2 11 3 586 588 587
714 2 2 11 3 647 588 586
715 2 2 11 3 616 662 586
716 2 2 11 3 586 662 647
717 2 2 11 3 634 587 588
718 2 2 11 3 589 587 666
719 2 2 11 3 587 634 615
720 2 2 11 3 666 587 615
721 2 2 11 3 588 659 634
722 2 2 11 3 588 647 649
723 2 2 11 3 649 660 588
724 2 2 11 3 660 659 588
725 2 2 11 3 666 642 589
726 2 2 11 3 589 642 669
727 2 2 11 3 590 591 592
728 2 2 11 3 591 590 663
729 2 2 11 3 590 592 642
730 2 2 11 3 590 635 636
731 2 2 11 3 590 642 635
732 2 2 11 3 663 590 636
733 2 2 11 3 663 650 591
734 2 2 11 3 592 669 642
735 2 2 11 3 593 594 595
736 2 2 11 3 594 593 627
737 2 2 11 3 595 606 593
738 2 2 11 3 606 601 593
739 2 2 11 3 654 593 601
740 2 2 11 3 627 593 654
741 2 2 11 3 597 595 594
742 2 2 11 3 596 597 594
743 2 2 11 3 594 626 596
744 2 2 11 3 627 626 594
745 2 2 11 3 595 597 651
746 2 2 11 3 595 650 606
747 2 2 11 3 651 650 595
748 2 2 11 3 598 599 600
749 2 2 11 3 621 599 598
750 2 2 11 3 638 598 600
751 2 2 11 3 598 620 621
752 2 2 11 3 637 620 598
753 2 2 11 3 598 638 637
754 2 2 11 3 599 601 600
755 2 2 11 3 599 652 601
756 2 2 11 3 599 621 622
757 2 2 11 3 599 622 668
758 2 2 11 3 668 652 599
759 2 2 11 3 601 646 600
760 2 2 11 3 600 631 629
761 2 2 11 3 600 629 638
762 2 2 11 3 646 631 600
763 2 2 11 3 606 646 601
764 2 2 11 3 601 652 654
765 2 2 11 3 602 611 604
766 2 2 11 3 602 604 667
767 2 2 11 3 618 602 667
768 2 2 11 3 603 604 605
769 2 2 11 3 603 614 604
770 2 2 11 3 629 603 605
771 2 2 11 3 603 612 614
772 2 2 11 3 630 612 603
773 2 2 11 3 629 630 603
774 2 2 11 3 604 611 605
775 2 2 11 3 667 604 614
776 2 2 11 3 605 611 625
777 2 2 11 3 625 633 605
778 2 2 11 3 629 605 633
779 2 2 11 3 636 631 606
780 2 2 11 3 606 631 646
781 2 2 11 3 663 636 606
782 2 2 11 3 650 663 606
783 2 2 11 3 619 607 608
784 2 2 11 3 607 619 632
785 2 2 11 3 640 623 607
786 2 2 11 3 607 632 640
787 2 2 11 3 617 608 618
788 2 2 11 3 617 619 608
789 2 2 11 3 609 610 622
790 2 2 11 3 620 609 621
791 2 2 11 3 609 622 621
792 2 2 11 3 643 622 610
793 2 2 11 3 656 643 610
794 2 2 11 3 610 664 656
795 2 2 11 3 612 613 614
796 2 2 11 3 615 613 612
797 2 2 11 3 615 612 635
798 2 2 11 3 635 612 630
799 2 2 11 3 614 613 624
800 2 2 11 3 634 613 615
801 2 2 11 3 613 659 624
802 2 2 11 3 634 659 613
803 2 2 11 3 614 624 617
804 2 2 11 3 614 617 667
805 2 2 11 3 666 615 635
806 2 2 11 3 618 667 617
807 2 2 11 3 619 617 624
808 2 2 11 3 641 619 624
809 2 2 11 3 641 632 619
810 2 2 11 3 622 643 658
811 2 2 11 3 668 622 658
812 2 2 11 3 659 641 624
813 2 2 11 3 626 627 628
814 2 2 11 3 628 645 626
815 2 2 11 3 655 626 645
816 2 2 11 3 628 627 653
817 2 2 11 3 653 627 654
818 2 2 11 3 644 645 628
819 2 2 11 3 628 653 644
820 2 2 11 3 631 630 629
821 2 2 11 3 638 629 633
822 2 2 11 3 636 630 631
823 2 2 11 3 635 630 636
824 2 2 11 3 632 639 640
825 2 2 11 3 632 641 639
826 2 2 11 3 633 637 638
827 2 2 11 3 642 666 635
828 2 2 11 3 641 660 639
829 2 2 11 3 660 641 659
830 2 2 11 3 656 657 643
831 2 2 11 3 657 658 643
832 2 2 11 3 661 644 653
833 2 2 11 3 647 648 649
834 2 2 11 3 647 662 648
835 2 2 11 3 662 665 648
836 2 2 11 3 652 653 654
837 2 2 11 3 653 652 661
838 2 2 11 3 652 658 661
839 2 2 11 3 658 652 668
840 2 2 11 3 657 661 658
841 2 2 11 4 728 2 60
842 2 2 11 4 137 2 728
843 2 2 11 4 67 3 729
844 2 2 11 4 729 3 143
845 2 2 11 4 101 6 703
846 2 2 11 4 703 6 142
847 2 2 11 4 707 7 108
848 2 2 11 4 148 7 707
849 2 2 11 4 60 61 728
850 2 2 11 4 61 62 695
851 2 2 11 4 727 61 695
852 2 2 11 4 727 728 61
853 2 2 11 4 62 63 688
854 2 2 11 4 62 688 682
855 2 2 11 4 682 695 62
856 2 2 11 4 700 63 64
857 2 2 11 4 63 700 688
858 2 2 11 4 64 65 701
859 2 2 11 4 700 64 701
860 2 2 11 4 65 66 698
861 2 2 11 4 65 698 699
862 2 2 11 4 701 65 699
863 2 2 11 4 729 66 67
864 2 2 11 4 698 66 729
865 2 2 11 4 703 102 101
866 2 2 11 4 697 103 102
867 2 2 11 4 696 697 102
868 2 2 11 4 696 102 703
869 2 2 11 4 104 103 685
870 2 2 11 4 697 685 103
871 2 2 11 4 684 105 104
872 2 2 11 4 684 104 685
873 2 2 11 4 709 106 105
874 2 2 11 4 709 105 684
875 2 2 11 4 689 107 106
876 2 2 11 4 689 106 690
877 2 2 11 4 106 709 690
878 2 2 11 4 108 107 707
879 2 2 11 4 707 107 689
880 2 2 11 4 138 137 712
881 2 2 11 4 712 137 728
882 2 2 11 4 139 138 711
883 2 2 11 4 712 711 138
884 2 2 11 4 140 139 674
885 2 2 11 4 711 674 139
886 2 2 11 4 673 141 140
887 2 2 11 4 673 140 674
888 2 2 11 4 704 142 141
889 2 2 11 4 141 673 704
890 2 2 11 4 703 142 704
891 2 2 11 4 724 143 144
892 2 2 11 4 729 143 724
893 2 2 11 4 725 144 145
894 2 2 11 4 144 725 724
895 2 2 11 4 671 145 146
896 2 2 11 4 145 671 725
897 2 2 11 4 146 147 672
898 2 2 11 4 671 146 672
899 2 2 11 4 147 148 706
900 2 2 11 4 706 672 147
901 2 2 11 4 706 148 707
902 2 2 11 4 670 671 672
903 2 2 11 4 671 670 722
904 2 2 11 4 706 670 672
905 2 2 11 4 670 706 710
906 2 2 11 4 670 710 723
907 2 2 11 4 722 670 723
908 2 2 11 4 671 722 735
909 2 2 11 4 735 725 671
910 2 2 11 4 673 674 675
911 2 2 11 4 673 675 704
912 2 2 11 4 678 675 674
913 2 2 11 4 734 678 674
914 2 2 11 4 674 711 734
915 2 2 11 4 721 675 678
916 2 2 11 4 705 704 675
917 2 2 11 4 675 721 705
918 2 2 11 4 676 677 678
919 2 2 11 4 676 679 677
920 2 2 11 4 676 678 683
921 2 2 11 4 676 733 679
922 2 2 11 4 683 680 676
923 2 2 11 4 680 733 676
924 2 2 11 4 678 677 721
925 2 2 11 4 731 677 679
926 2 2 11 4 721 677 726
927 2 2 11 4 726 677 731
928 2 2 11 4 683 678 734
929 2 2 11 4 718 691 679
930 2 2 11 4 679 691 731
931 2 2 11 4 733 718 679
932 2 2 11 4 680 681 682
933 2 2 11 4 680 683 681
934 2 2 11 4 680 682 687
935 2 2 11 4 733 680 687
936 2 2 11 4 682 681 695
937 2 2 11 4 681 683 713
938 2 2 11 4 681 727 695
939 2 2 11 4 713 727 681
940 2 2 11 4 687 682 688
941 2 2 11 4 711 713 683
942 2 2 11 4 734 711 683
943 2 2 11 4 684 685 686
944 2 2 11 4 684 686 732
945 2 2 11 4 709 684 716
946 2 2 11 4 684 732 716
947 2 2 11 4 685 697 686
948 2 2 11 4 697 705 686
949 2 2 11 4 726 686 705
950 2 2 11 4 732 686 726
951 2 2 11 4 688 700 687
952 2 2 11 4 700 702 687
953 2 2 11 4 715 687 702
954 2 2 11 4 715 733 687
955 2 2 11 4 710 689 690
956 2 2 11 4 706 707 689
957 2 2 11 4 689 710 706
958 2 2 11 4 708 690 709
959 2 2 11 4 708 710 690
960 2 2 11 4 691 692 693
961 2 2 11 4 691 694 692
962 2 2 11 4 731 691 693
963 2 2 11 4 718 694 691
964 2 2 11 4 692 708 693
965 2 2 11 4 692 694 723
966 2 2 11 4 723 708 692
967 2 2 11 4 693 708 716
968 2 2 11 4 716 732 693
969 2 2 11 4 693 732 731
970 2 2 11 4 717 694 718
971 2 2 11 4 717 722 694
972 2 2 11 4 694 722 723
973 2 2 11 4 697 696 705
974 2 2 11 4 696 703 704
975 2 2 11 4 704 705 696
976 2 2 11 4 698 719 699
977 2 2 11 4 698 720 719
978 2 2 11 4 698 729 720
979 2 2 11 4 699 702 701
980 2 2 11 4 702 699 714
981 2 2 11 4 699 719 714
982 2 2 11 4 700 701 702
983 2 2 11 4 714 715 702
984 2 2 11 4 721 726 705
985 2 2 11 4 709 716 708
986 2 2 11 4 710 708 723
987 2 2 11 4 711 712 713
988 2 2 11 4 712 727 713
989 2 2 11 4 712 728 727
990 2 2 11 4 715 714 718
991 2 2 11 4 714 717 718
992 2 2 11 4 719 717 714
993 2 2 11 4 718 733 715
994 2 2 11 4 730 717 719
995 2 2 11 4 730 722 717
996 2 2 11 4 720 730 719
997 2 2 11 4 720 724 725
998 2 2 11 4 720 729 724
999 2 2 11 4 730 720 725
1000 2 2 11 4 735 722 730
1001 2 2 11 4 730 725 735
1002 2 2 11 4 731 732 726
1003 2 2 11 5 815 3 68
1004 2 2 11 5 143 3 815
1005 2 2 11 5 79 4 818
1006 2 2 11 5 818 4 149
1007 2 2 11 5 109 7 737
1008 2 2 11 5 737 7 148
1009 2 2 11 5 738 8 120
1010 2 2 11 5 154 8 738
1011 2 2 11 5 816 68 69
1012 2 2 11 5 815 68 816
1013 2 2 11 5 758 69 70
1014 2 2 11 5 69 758 816
1015 2 2 11 5 807 70 71
1016 2 2 11 5 758 70 807
1017 2 2 11 5 808 71 72
1018 2 2 11 5 808 807 71
1019 2 2 11 5 72 73 801
1020 2 2 11 5 72 801 803
1021 2 2 11 5 808 72 803
1022 2 2 11 5 73 74 797
1023 2 2 11 5 801 73 797
1024 2 2 11 5 74 75 798
1025 2 2 11 5 797 74 798
1026 2 2 11 5 75 76 809
1027 2 2 11 5 798 75 793
1028 2 2 11 5 75 809 793
1029 2 2 11 5 76 77 810
1030 2 2 11 5 809 76 810
1031 2 2 11 5 77 78 757
1032 2 2 11 5 810 77 757
1033 2 2 11 5 78 79 817
1034 2 2 11 5 817 757 78
1035 2 2 11 5 817 79 818
1036 2 2 11 5 110 109 821
1037 2 2 11 5 821 109 737
1038 2 2 11 5 111 110 791
1039 2 2 11 5 791 110 821
1040 2 2 11 5 112 111 790
1041 2 2 11 5 790 111 791
1042 2 2 11 5 113 112 802
1043 2 2 11 5 112 790 802
1044 2 2 11 5 754 114 113
1045 2 2 11 5 113 802 754
1046 2 2 11 5 749 115 114
1047 2 2 11 5 749 114 754
1048 2 2 11 5 745 116 115
1049 2 2 11 5 745 115 749
1050 2 2 11 5 744 117 116
1051 2 2 11 5 744 116 745
1052 2 2 11 5 786 118 117
1053 2 2 11 5 752 117 744
1054 2 2 11 5 752 786 117
1055 2 2 11 5 822 119 118
1056 2 2 11 5 777 118 786
1057 2 2 11 5 118 777 822
1058 2 2 11 5 820 120 119
1059 2 2 11 5 119 822 820
1060 2 2 11 5 738 120 820
1061 2 2 11 5 815 144 143
1062 2 2 11 5 145 144 812
1063 2 2 11 5 812 144 815
1064 2 2 11 5 823 146 145
1065 2 2 11 5 812 774 145
1066 2 2 11 5 774 823 145
1067 2 2 11 5 147 146 823
1068 2 2 11 5 148 147 736
1069 2 2 11 5 147 771 736
1070 2 2 11 5 147 823 771
1071 2 2 11 5 148 736 737
1072 2 2 11 5 149 150 818
1073 2 2 11 5 150 151 763
1074 2 2 11 5 819 150 763
1075 2 2 11 5 819 818 150
1076 2 2 11 5 761 151 152
1077 2 2 11 5 151 761 763
1078 2 2 11 5 153 767 152
1079 2 2 11 5 152 767 761
1080 2 2 11 5 739 153 154
1081 2 2 11 5 739 767 153
1082 2 2 11 5 738 739 154
1083 2 2 11 5 821 737 736
1084 2 2 11 5 773 736 771
1085 2 2 11 5 736 773 821
1086 2 2 11 5 739 738 820
1087 2 2 11 5 767 739 769
1088 2 2 11 5 820 769 739
1089 2 2 11 5 740 741 742
1090 2 2 11 5 740 743 741
1091 2 2 11 5 742 747 740
1092 2 2 11 5 748 743 740
1093 2 2 11 5 746 740 747
1094 2 2 11 5 746 748 740
1095 2 2 11 5 752 742 741
1096 2 2 11 5 743 779 741
1097 2 2 11 5 741 776 752
1098 2 2 11 5 741 779 776
1099 2 2 11 5 744 745 742
1100 2 2 11 5 752 744 742
1101 2 2 11 5 742 745 747
1102 2 2 11 5 794 743 748
1103 2 2 11 5 784 779 743
1104 2 2 11 5 784 743 794
1105 2 2 11 5 745 749 747
1106 2 2 11 5 747 751 746
1107 2 2 11 5 753 748 746
1108 2 2 11 5 750 746 751
1109 2 2 11 5 750 753 746
1110 2 2 11 5 747 749 751
1111 2 2 11 5 796 748 753
1112 2 2 11 5 794 748 796
1113 2 2 11 5 749 754 751
1114 2 2 11 5 751 765 750
1115 2 2 11 5 780 753 750
1116 2 2 11 5 764 750 765
1117 2 2 11 5 764 780 750
1118 2 2 11 5 751 754 765
1119 2 2 11 5 752 776 786
1120 2 2 11 5 800 753 780
1121 2 2 11 5 796 753 800
1122 2 2 11 5 754 802 765
1123 2 2 11 5 755 756 757
1124 2 2 11 5 781 756 755
1125 2 2 11 5 757 817 755
1126 2 2 11 5 755 819 781
1127 2 2 11 5 817 819 755
1128 2 2 11 5 756 810 757
1129 2 2 11 5 756 781 782
1130 2 2 11 5 756 782 783
1131 2 2 11 5 756 783 810
1132 2 2 11 5 758 759 760
1133 2 2 11 5 758 807 759
1134 2 2 11 5 760 816 758
1135 2 2 11 5 785 760 759
1136 2 2 11 5 759 806 785
1137 2 2 11 5 759 805 806
1138 2 2 11 5 807 805 759
1139 2 2 11 5 760 785 814
1140 2 2 11 5 814 813 760
1141 2 2 11 5 760 813 816
1142 2 2 11 5 761 762 763
1143 2 2 11 5 766 762 761
1144 2 2 11 5 761 767 766
1145 2 2 11 5 762 781 763
1146 2 2 11 5 762 766 778
1147 2 2 11 5 762 778 782
1148 2 2 11 5 781 762 782
1149 2 2 11 5 781 819 763
1150 2 2 11 5 764 765 802
1151 2 2 11 5 792 780 764
1152 2 2 11 5 787 764 788
1153 2 2 11 5 787 792 764
1154 2 2 11 5 788 764 802
1155 2 2 11 5 766 767 768
1156 2 2 11 5 778 766 768
1157 2 2 11 5 767 769 768
1158 2 2 11 5 769 777 768
1159 2 2 11 5 776 768 777
1160 2 2 11 5 776 778 768
1161 2 2 11 5 822 777 769
1162 2 2 11 5 820 822 769
1163 2 2 11 5 770 771 772
1164 2 2 11 5 770 773 771
1165 2 2 11 5 825 770 772
1166 2 2 11 5 770 824 773
1167 2 2 11 5 770 811 787
1168 2 2 11 5 770 787 824
1169 2 2 11 5 811 770 825
1170 2 2 11 5 772 771 823
1171 2 2 11 5 774 775 772
1172 2 2 11 5 823 774 772
1173 2 2 11 5 772 775 825
1174 2 2 11 5 791 821 773
1175 2 2 11 5 824 791 773
1176 2 2 11 5 812 775 774
1177 2 2 11 5 775 785 811
1178 2 2 11 5 814 785 775
1179 2 2 11 5 825 775 811
1180 2 2 11 5 812 814 775
1181 2 2 11 5 776 777 786
1182 2 2 11 5 779 778 776
1183 2 2 11 5 782 778 779
1184 2 2 11 5 782 779 784
1185 2 2 11 5 804 780 792
1186 2 2 11 5 800 780 804
1187 2 2 11 5 783 782 784
1188 2 2 11 5 809 783 784
1189 2 2 11 5 809 810 783
1190 2 2 11 5 793 784 794
1191 2 2 11 5 809 784 793
1192 2 2 11 5 806 811 785
1193 2 2 11 5 787 788 789
1194 2 2 11 5 824 787 789
1195 2 2 11 5 811 792 787
1196 2 2 11 5 789 788 790
1197 2 2 11 5 802 790 788
1198 2 2 11 5 789 790 791
1199 2 2 11 5 789 791 824
1200 2 2 11 5 804 792 806
1201 2 2 11 5 806 792 811
1202 2 2 11 5 794 795 793
1203 2 2 11 5 795 798 793
1204 2 2 11 5 795 794 796
1205 2 2 11 5 796 799 795
1206 2 2 11 5 795 797 798
1207 2 2 11 5 799 797 795
1208 2 2 11 5 799 796 800
1209 2 2 11 5 799 801 797
1210 2 2 11 5 800 803 799
1211 2 2 11 5 803 801 799
1212 2 2 11 5 803 800 804
1213 2 2 11 5 808 803 804
1214 2 2 11 5 805 804 806
1215 2 2 11 5 808 804 805
1216 2 2 11 5 805 807 808
1217 2 2 11 5 812 813 814
1218 2 2 11 5 812 815 813
1219 2 2 11 5 813 815 816
1220 2 2 11 5 817 818 819
1221 2 2 11 6 89 1 900
1222 2 2 11 6 900 1 131
1223 2 2 11 6 898 4 80
1224 2 2 11 6 149 4 898
1225 2 2 11 6 879 5 130
1226 2 2 11 6 136 5 879
1227 2 2 11 6 121 8 902
1228 2 2 11 6 902 8 154
1229 2 2 11 6 80 81 898
1230 2 2 11 6 81 82 853
1231 2 2 11 6 897 81 853
1232 2 2 11 6 897 898 81
1233 2 2 11 6 854 82 83
1234 2 2 11 6 853 82 854
1235 2 2 11 6 877 83 84
1236 2 2 11 6 854 83 877
1237 2 2 11 6 874 84 85
1238 2 2 11 6 874 877 84
1239 2 2 11 6 85 86 905
1240 2 2 11 6 846 874 85
1241 2 2 11 6 905 846 85
1242 2 2 11 6 87 826 86
1243 2 2 11 6 834 86 826
1244 2 2 11 6 905 86 834
1245 2 2 11 6 867 87 88
1246 2 2 11 6 87 867 826
1247 2 2 11 6 900 88 89
1248 2 2 11 6 867 88 899
1249 2 2 11 6 88 900 899
1250 2 2 11 6 852 122 121
1251 2 2 11 6 902 852 121
1252 2 2 11 6 851 123 122
1253 2 2 11 6 851 122 852
1254 2 2 11 6 124 123 864
1255 2 2 11 6 851 864 123
1256 2 2 11 6 125 124 904
1257 2 2 11 6 124 864 904
1258 2 2 11 6 126 125 869
1259 2 2 11 6 125 904 869
1260 2 2 11 6 127 126 870
1261 2 2 11 6 126 869 842
1262 2 2 11 6 126 842 870
1263 2 2 11 6 862 128 127
1264 2 2 11 6 862 127 870
1265 2 2 11 6 129 128 850
1266 2 2 11 6 128 862 850
1267 2 2 11 6 130 129 849
1268 2 2 11 6 849 129 850
1269 2 2 11 6 130 849 879
1270 2 2 11 6 886 131 132
1271 2 2 11 6 900 131 886
1272 2 2 11 6 887 132 133
1273 2 2 11 6 132 887 886
1274 2 2 11 6 894 133 134
1275 2 2 11 6 133 894 887
1276 2 2 11 6 135 895 134
1277 2 2 11 6 895 894 134
1278 2 2 11 6 135 136 896
1279 2 2 11 6 896 895 135
1280 2 2 11 6 896 136 879
1281 2 2 11 6 150 149 883
1282 2 2 11 6 883 149 898
1283 2 2 11 6 151 150 882
1284 2 2 11 6 883 882 150
1285 2 2 11 6 152 151 881
1286 2 2 11 6 881 151 882
1287 2 2 11 6 152 889 153
1288 2 2 11 6 881 889 152
1289 2 2 11 6 888 154 153
1290 2 2 11 6 153 889 888
1291 2 2 11 6 902 154 888
1292 2 2 11 6 826 827 828
1293 2 2 11 6 867 827 826
1294 2 2 11 6 828 834 826
1295 2 2 11 6 827 829 828
1296 2 2 11 6 885 829 827
1297 2 2 11 6 867 899 827
1298 2 2 11 6 827 899 885
1299 2 2 11 6 875 828 829
1300 2 2 11 6 834 828 860
1301 2 2 11 6 828 875 860
1302 2 2 11 6 829 892 875
1303 2 2 11 6 829 885 887
1304 2 2 11 6 887 894 829
1305 2 2 11 6 894 892 829
1306 2 2 11 6 830 831 832
1307 2 2 11 6 830 833 831
1308 2 2 11 6 830 832 873
1309 2 2 11 6 837 833 830
1310 2 2 11 6 843 837 830
1311 2 2 11 6 843 830 844
1312 2 2 11 6 844 830 873
1313 2 2 11 6 832 831 842
1314 2 2 11 6 833 857 831
1315 2 2 11 6 831 871 842
1316 2 2 11 6 831 857 859
1317 2 2 11 6 831 859 871
1318 2 2 11 6 832 842 869
1319 2 2 11 6 869 904 832
1320 2 2 11 6 873 832 904
1321 2 2 11 6 836 833 837
1322 2 2 11 6 847 833 836
1323 2 2 11 6 847 857 833
1324 2 2 11 6 834 860 876
1325 2 2 11 6 834 876 905
1326 2 2 11 6 835 836 837
1327 2 2 11 6 835 848 836
1328 2 2 11 6 835 837 843
1329 2 2 11 6 840 835 838
1330 2 2 11 6 838 835 841
1331 2 2 11 6 840 848 835
1332 2 2 11 6 835 843 841
1333 2 2 11 6 836 848 847
1334 2 2 11 6 838 839 840
1335 2 2 11 6 839 838 901
1336 2 2 11 6 891 838 841
1337 2 2 11 6 901 838 891
1338 2 2 11 6 854 840 839
1339 2 2 11 6 853 854 839
1340 2 2 11 6 839 897 853
1341 2 2 11 6 901 897 839
1342 2 2 11 6 877 848 840
1343 2 2 11 6 840 854 877
1344 2 2 11 6 843 856 841
1345 2 2 11 6 841 856 891
1346 2 2 11 6 870 842 871
1347 2 2 11 6 843 844 845
1348 2 2 11 6 845 856 843
1349 2 2 11 6 844 865 845
1350 2 2 11 6 873 865 844
1351 2 2 11 6 855 856 845
1352 2 2 11 6 845 866 855
1353 2 2 11 6 845 865 866
1354 2 2 11 6 846 847 848
1355 2 2 11 6 846 876 847
1356 2 2 11 6 874 846 848
1357 2 2 11 6 876 846 905
1358 2 2 11 6 860 857 847
1359 2 2 11 6 876 860 847
1360 2 2 11 6 848 877 874
1361 2 2 11 6 863 849 850
1362 2 2 11 6 849 863 872
1363 2 2 11 6 849 872 896
1364 2 2 11 6 896 879 849
1365 2 2 11 6 861 850 862
1366 2 2 11 6 861 863 850
1367 2 2 11 6 851 852 866
1368 2 2 11 6 864 851 865
1369 2 2 11 6 851 866 865
1370 2 2 11 6 878 866 852
1371 2 2 11 6 888 878 852
1372 2 2 11 6 852 902 888
1373 2 2 11 6 856 855 880
1374 2 2 11 6 866 878 855
1375 2 2 11 6 889 855 878
1376 2 2 11 6 889 880 855
1377 2 2 11 6 890 856 880
1378 2 2 11 6 891 856 890
1379 2 2 11 6 857 858 859
1380 2 2 11 6 860 858 857
1381 2 2 11 6 859 858 868
1382 2 2 11 6 875 858 860
1383 2 2 11 6 858 892 868
1384 2 2 11 6 875 892 858
1385 2 2 11 6 859 868 861
1386 2 2 11 6 859 861 903
1387 2 2 11 6 903 871 859
1388 2 2 11 6 862 903 861
1389 2 2 11 6 863 861 868
1390 2 2 11 6 862 870 903
1391 2 2 11 6 893 863 868
1392 2 2 11 6 893 872 863
1393 2 2 11 6 873 864 865
1394 2 2 11 6 904 864 873
1395 2 2 11 6 892 893 868
1396 2 2 11 6 870 871 903
1397 2 2 11 6 872 893 895
1398 2 2 11 6 872 895 896
1399 2 2 11 6 888 889 878
1400 2 2 11 6 880 881 882
1401 2 2 11 6 880 889 881
1402 2 2 11 6 880 882 890
1403 2 2 11 6 882 883 884
1404 2 2 11 6 884 890 882
1405 2 2 11 6 884 883 897
1406 2 2 11 6 898 897 883
1407 2 2 11 6 884 891 890
1408 2 2 11 6 901 891 884
1409 2 2 11 6 897 901 884
1410 2 2 11 6 885 886 887
1411 2 2 11 6 885 899 886
1412 2 2 11 6 886 899 900
1413 2 2 11 6 894 893 892
1414 2 2 11 6 893 894 895
1415 2 2 14 7 906 907 908
1416 2 2 14 7 908 907 909
1417 2 2 14 7 910 911 912
1418 2 2 14 7 164 907 906
1419 2 2 14 7 913 914 915
1420 2 2 14 7 915 914 916
1421 2 2 14 7 917 918 919
1422 2 2 14 7 156 914 913
1423 2 2 14 7 920 916 909
1424 2 2 14 7 911 916 920
1425 2 2 14 7 921 909 916
1426 2 2 14 7 918 909 921
1427 2 2 14 7 907 920 909
1428 2 2 14 7 922 906 908
1429 2 2 14 7 914 921 916
1430 2 2 14 7 917 922 908
1431 2 2 14 7 922 917 161
1432 2 2 14 7 923 913 915
1433 2 2 14 7 910 923 915
1434 2 2 14 7 923 910 169
1435 2 2 14 7 924 925 911
1436 2 2 14 7 911 925 912
1437 2 2 14 7 926 927 918
1438 2 2 14 7 918 927 919
1439 2 2 14 7 922 163 906
1440 2 2 14 7 922 11 163
1441 2 2 14 7 162 11 922
1442 2 2 14 7 170 9 923
1443 2 2 14 7 923 155 913
1444 2 2 14 7 923 9 155
1445 2 2 14 7 924 911 920
1446 2 2 14 7 156 928 914
1447 2 2 14 7 926 918 921
1448 2 2 14 7 156 157 928
1449 2 2 14 7 918 917 909
1450 2 2 14 7 924 166 925
1451 2 2 14 7 911 910 916
1452 2 2 14 7 926 158 927
1453 2 2 14 7 167 168 925
1454 2 2 14 7 925 168 912
1455 2 2 14 7 159 160 927
1456 2 2 14 7 927 160 919
1457 2 2 14 7 925 12 167
1458 2 2 14 7 166 12 925
1459 2 2 14 7 906 163 164
1460 2 2 14 7 927 10 159
1461 2 2 14 7 158 10 927
1462 2 2 14 7 165 166 924
1463 2 2 14 7 157 158 926
1464 2 2 14 7 164 929 907
1465 2 2 14 7 919 160 161
1466 2 2 14 7 913 155 156
1467 2 2 14 7 164 165 929
1468 2 2 14 7 165 924 929
1469 2 2 14 7 161 917 919
1470 2 2 14 7 912 168 169
1471 2 2 14 7 169 170 923
1472 2 2 14 7 169 910 912
1473 2 2 14 7 920 907 929
1474 2 2 14 7 916 910 915
1475 2 2 14 7 909 917 908
1476 2 2 14 7 161 162 922
1477 2 2 14 7 929 924 920
1478 2 2 14 7 928 926 921
1479 2 2 14 7 921 914 928
1480 2 2 14 7 157 926 928
1481 2 2 14 8 930 178 931
1482 2 2 14 8 930 16 178
1483 2 2 14 8 177 16 930
1484 2 2 14 8 932 182 933
1485 2 2 14 8 932 934 181
1486 2 2 14 8 932 173 934
1487 2 2 14 8 931 176 930
1488 2 2 14 8 933 172 932
1489 2 2 14 8 934 935 180
1490 2 2 14 8 934 174 935
1491 2 2 14 8 935 931 179
1492 2 2 14 8 935 175 931
1493 2 2 14 8 182 13 933
1494 2 2 14 8 933 13 171
1495 2 2 14 8 932 172 173
1496 2 2 14 8 932 181 182
1497 2 2 14 8 931 175 176
1498 2 2 14 8 930 15 177
1499 2 2 14 8 934 173 174
1500 2 2 14 8 934 180 181
1501 2 2 14 8 176 15 930
1502 2 2 14 8 931 178 179
1503 2 2 14 8 935 174 175
1504 2 2 14 8 935 179 180
1505 2 2 14 8 933 14 172
1506 2 2 14 8 171 14 933
1507 2 2 14 9 936 190 937
1508 2 2 14 9 936 20 190
1509 2 2 14 9 189 20 936
1510 2 2 14 9 938 194 939
1511 2 2 14 9 939 184 938
1512 2 2 14 9 940 941 192
1513 2 2 14 9 940 186 941
1514 2 2 14 9 938 940 193
1515 2 2 14 9 938 185 940
1516 2 2 14 9 941 937 191
1517 2 2 14 9 941 187 937
1518 2 2 14 9 937 188 936
1519 2 2 14 9 194 17 939
1520 2 2 14 9 939 17 183
1521 2 2 14 9 938 184 185
1522 2 2 14 9 938 193 194
1523 2 2 14 9 937 187 188
1524 2 2 14 9 936 19 189
1525 2 2 14 9 188 19 936
1526 2 2 14 9 937 190 191
1527 2 2 14 9 940 192 193
1528 2 2 14 9 940 185 186
1529 2 2 14 9 941 186 187
1530 2 2 14 9 941 191 192
1531 2 2 14 9 183 18 939
1532 2 2 14 9 939 18 184
1533 2 2 14 10 199 942 23
1534 2 2 14 10 23 942 198
1535 2 2 14 10 21 943 202
1536 2 2 14 10 195 943 21
1537 2 2 14 10 944 201 943
1538 2 2 14 10 944 24 201
1539 2 2 14 10 200 24 944
1540 2 2 14 10 945 197 942
1541 2 2 14 10 945 22 197
1542 2 2 14 10 201 202 943
1543 2 2 14 10 196 22 945
1544 2 2 14 10 197 198 942
1545 2 2 14 10 199 944 946
1546 2 2 14 10 199 200 944
1547 2 2 14 10 942 946 945
1548 2 2 14 10 195 945 946
1549 2 2 14 10 943 946 944
1550 2 2 14 10 195 946 943
1551 2 2 14 10 195 196 945
1552 2 2 14 10 199 946 942
1553 2 2 14 11 947 948 210
1554 2 2 14 11 211 947 210
1555 2 2 14 11 949 950 203
1556 2 2 14 11 204 949 203
1557 2 2 14 11 951 952 947
1558 2 2 14 11 951 212 952
1559 2 2 14 11 216 25 950
1560 2 2 14 11 950 25 203
1561 2 2 14 11 953 954 955
1562 2 2 14 11 955 954 206
1563 2 2 14 11 948 27 210
1564 2 2 14 11 209 27 948
1565 2 2 14 11 956 952 957
1566 2 2 14 11 957 952 213
1567 2 2 14 11 956 958 948
1568 2 2 14 11 956 947 952
1569 2 2 14 11 948 947 956
1570 2 2 14 11 950 215 216
1571 2 2 14 11 950 949 953
1572 2 2 14 11 953 949 954
1573 2 2 14 11 959 954 949
1574 2 2 14 11 959 205 954
1575 2 2 14 11 960 214 215
1576 2 2 14 11 953 215 950
1577 2 2 14 11 955 961 960
1578 2 2 14 11 957 961 956
1579 2 2 14 11 955 207 961
1580 2 2 14 11 957 960 961
1581 2 2 14 11 960 957 214
1582 2 2 14 11 215 953 960
1583 2 2 14 11 961 958 956
1584 2 2 14 11 961 208 958
1585 2 2 14 11 204 26 959
1586 2 2 14 11 207 208 961
1587 2 2 14 11 206 207 955
1588 2 2 14 11 208 209 958
1589 2 2 14 11 960 953 955
1590 2 2 14 11 205 206 954
1591 2 2 14 11 951 947 211
1592 2 2 14 11 213 214 957
1593 2 2 14 11 951 28 212
1594 2 2 14 11 212 213 952
1595 2 2 14 11 948 958 209
1596 2 2 14 11 211 28 951
1597 2 2 14 11 959 949 204
1598 2 2 14 11 959 26 205
1599 2 2 14 12 962 963 224
1600 2 2 14 12 225 962 224
1601 2 2 14 12 964 965 217
1602 2 2 14 12 218 964 217
1603 2 2 14 12 966 967 962
1604 2 2 14 12 966 226 967
1605 2 2 14 12 230 29 965
1606 2 2 14 12 965 29 217
1607 2 2 14 12 968 969 970
1608 2 2 14 12 970 969 220
1609 2 2 14 12 963 31 224
1610 2 2 14 12 223 31 963
1611 2 2 14 12 971 967 972
1612 2 2 14 12 972 967 227
1613 2 2 14 12 971 973 963
1614 2 2 14 12 971 962 967
1615 2 2 14 12 963 962 971
1616 2 2 14 12 965 229 230
1617 2 2 14 12 965 964 968
1618 2 2 14 12 968 964 969
1619 2 2 14 12 974 969 964
1620 2 2 14 12 974 219 969
1621 2 2 14 12 975 228 229
1622 2 2 14 12 968 229 965
1623 2 2 14 12 970 976 975
1624 2 2 14 12 972 976 971
1625 2 2 14 12 970 221 976
1626 2 2 14 12 972 975 976
1627 2 2 14 12 975 972 228
1628 2 2 14 12 229 968 975
1629 2 2 14 12 976 973 971
1630 2 2 14 12 976 222 973
1631 2 2 14 12 218 30 974
1632 2 2 14 12 221 222 976
1633 2 2 14 12 220 221 970
1634 2 2 14 12 222 223 973
1635 2 2 14 12 975 968 970
1636 2 2 14 12 219 220 969
1637 2 2 14 12 966 962 225
1638 2 2 14 12 227 228 972
1639 2 2 14 12 966 32 226
1640 2 2 14 12 226 227 967
1641 2 2 14 12 963 973 223
1642 2 2 14 12 225 32 966
1643 2 2 14 12 974 964 218
1644 2 2 14 12 974 30 219
1645 2 2 14 13 977 978 238
1646 2 2 14 13 239 977 238
1647 2 2 14 13 979 980 231
1648 2 2 14 13 232 979 231
1649 2 2 14 13 981 982 977
1650 2 2 14 13 981 240 982
1651 2 2 14 13 244 33 980
1652 2 2 14 13 980 33 231
1653 2 2 14 13 983 984 985
1654 2 2 14 13 985 984 234
1655 2 2 14 13 978 35 238
1656 2 2 14 13 237 35 978
1657 2 2 14 13 986 982 987
1658 2 2 14 13 987 982 241
1659 2 2 14 13 986 988 978
1660 2 2 14 13 986 977 982
1661 2 2 14 13 978 977 986
1662 2 2 14 13 980 243 244
1663 2 2 14 13 980 979 983
1664 2 2 14 13 983 979 984
1665 2 2 14 13 989 984 979
1666 2 2 14 13 989 233 984
1667 2 2 14 13 990 242 243
1668 2 2 14 13 983 243 980
1669 2 2 14 13 985 991 990
1670 2 2 14 13 987 991 986
1671 2 2 14 13 985 235 991
1672 2 2 14 13 987 990 991
1673 2 2 14 13 990 987 242
1674 2 2 14 13 243 983 990
1675 2 2 14 13 991 988 986
1676 2 2 14 13 991 236 988
1677 2 2 14 13 232 34 989
1678 2 2 14 13 235 236 991
1679 2 2 14 13 234 235 985
1680 2 2 14 13 236 237 988
1681 2 2 14 13 990 983 985
1682 2 2 14 13 233 234 984
1683 2 2 14 13 981 977 239
1684 2 2 14 13 241 242 987
1685 2 2 14 13 981 36 240
1686 2 2 14 13 240 241 982
1687 2 2 14 13 978 988 237
1688 2 2 14 13 239 36 981
1689 2 2 14 13 989 979 232
1690 2 2 14 13 989 34 233
1691 2 2 14 14 992 993 252
1692 2 2 14 14 253 992 252
1693 2 2 14 14 994 995 245
1694 2 2 14 14 246 994 245
1695 2 2 14 14 996 997 992
1696 2 2 14 14 996 254 997
1697 2 2 14 14 258 37 995
1698 2 2 14 14 995 37 245
1699 2 2 14 14 998 999 1000
1700 2 2 14 14 1000 999 248
1701 2 2 14 14 993 39 252
1702 2 2 14 14 251 39 993
1703 2 2 14 14 1001 997 1002
1704 2 2 14 14 1002 997 255
1705 2 2 14 14 1001 1003 993
1706 2 2 14 14 1001 992 997
1707 2 2 14 14 993 992 1001
1708 2 2 14 14 995 257 258
1709 2 2 14 14 995 994 998
1710 2 2 14 14 998 994 999
1711 2 2 14 14 1004 999 994
1712 2 2 14 14 1004 247 999
1713 2 2 14 14 1005 256 257
1714 2 2 14 14 998 257 995
1715 2 2 14 14 1000 1006 1005
1716 2 2 14 14 1002 1006 1001
1717 2 2 14 14 1000 249 1006
1718 2 2 14 14 1002 1005 1006
1719 2 2 14 14 1005 1002 256
1720 2 2 14 14 257 998 1005
1721 2 2 14 14 1006 1003 1001
1722 2 2 14 14 1006 250 1003
1723 2 2 14 14 246 38 1004
1724 2 2 14 14 249 250 1006
1725 2 2 14 14 248 249 1000
1726 2 2 14 14 250 251 1003
1727 2 2 14 14 1005 998 1000
1728 2 2 14 14 247 248 999
1729 2 2 14 14 996 992 253
1730 2 2 14 14 255 256 1002
1731 2 2 14 14 996 40 254
1732 2 2 14 14 254 255 997
1733 2 2 14 14 993 1003 251
1734 2 2 14 14 253 40 996
1735 2 2 14 14 1004 994 246
1736 2 2 14 14 1004 38 247
1737 2 2 14 15 1007 1008 266
1738 2 2 14 15 267 1007 266
1739 2 2 14 15 1009 1010 259
1740 2 2 14 15 260 1009 259
1741 2 2 14 15 1011 1012 1007
1742 2 2 14 15 1011 268 1012
1743 2 2 14 15 272 41 1010
1744 2 2 14 15 1010 41 259
1745 2 2 14 15 1013 1014 1015
1746 2 2 14 15 1015 1014 262
1747 2 2 14 15 1008 43 266
1748 2 2 14 15 265 43 1008
1749 2 2 14 15 1016 1012 1017
1750 2 2 14 15 1017 1012 269
1751 2 2 14 15 1016 1018 1008
1752 2 2 14 15 1016 1007 1012
1753 2 2 14 15 1008 1007 1016
1754 2 2 14 15 1010 271 272
1755 2 2 14 15 1010 1009 1013
1756 2 2 14 15 1013 1009 1014
1757 2 2 14 15 1019 1014 1009
1758 2 2 14 15 1019 261 1014
1759 2 2 14 15 1020 270 271
1760 2 2 14 15 1013 271 1010
1761 2 2 14 15 1015 1021 1020
1762 2 2 14 15 1017 1021 1016
1763 2 2 14 15 1015 263 1021
1764 2 2 14 15 1017 1020 1021
1765 2 2 14 15 1020 1017 270
1766 2 2 14 15 271 1013 1020
1767 2 2 14 15 1021 1018 1016
1768 2 2 14 15 1021 264 1018
1769 2 2 14 15 260 42 1019
1770 2 2 14 15 263 264 1021
1771 2 2 14 15 262 263 1015
1772 2 2 14 15 264 265 1018
1773 2 2 14 15 1020 1013 1015
1774 2 2 14 15 261 262 1014
1775 2 2 14 15 1011 1007 267
1776 2 2 14 15 269 270 1017
1777 2 2 14 15 1011 44 268
1778 2 2 14 15 268 269 1012
1779 2 2 14 15 1008 1018 265
1780 2 2 14 15 267 44 1011
1781 2 2 14 15 1019 1009 260
1782 2 2 14 15 1019 42 261
1783 2 2 13 16 1022 1023 1024
1784 2 2 13 16 1022 288 1023
1785 2 2 13 16 1025 1026 1027
1786 2 2 13 16 1025 1028 1026
1787 2 2 13 16 1029 1030 1031
1788 2 2 13 16 1032 297 298
1789 2 2 13 16 1031 1033 1029
1790 2 2 13 16 1034 1035 1036
1791 2 2 13 16 1035 1037 1036
1792 2 2 13 16 1038 1034 1039
1793 2 2 13 16 1040 1041 1042
1794 2 2 13 16 1038 1035 1034
1795 2 2 13 16 1039 1043 1044
1796 2 2 13 16 1043 1045 1044
1797 2 2 13 16 299 1046 1047
1798 2 2 13 16 299 300 1046
1799 2 2 13 16 1048 1049 1050
1800 2 2 13 16 1051 1036 1052
1801 2 2 13 16 274 1053 1054
1802 2 2 13 16 1053 274 275
1803 2 2 13 16 1055 1024 1056
1804 2 2 13 16 1057 1024 1055
1805 2 2 13 16 1058 1059 1060
1806 2 2 13 16 1059 1061 1060
1807 2 2 13 16 1060 1062 1035
1808 2 2 13 16 1061 1062 1060
1809 2 2 13 16 1063 1024 1023
1810 2 2 13 16 1056 1024 1063
1811 2 2 13 16 1036 1037 1064
1812 2 2 13 16 1032 1065 1059
1813 2 2 13 16 1065 1061 1059
1814 2 2 13 16 1066 1067 305
1815 2 2 13 16 1068 1069 1070
1816 2 2 13 16 305 1071 1066
1817 2 2 13 16 1054 1068 1070
1818 2 2 13 16 1072 46 280
1819 2 2 13 16 279 46 1072
1820 2 2 13 16 1073 1061 1074
1821 2 2 13 16 1061 1073 1062
1822 2 2 13 16 1062 1073 1075
1823 2 2 13 16 1076 1077 1069
1824 2 2 13 16 1077 1076 308
1825 2 2 13 16 1070 1069 1077
1826 2 2 13 16 1078 1022 1079
1827 2 2 13 16 1022 1078 287
1828 2 2 13 16 1080 286 1078
1829 2 2 13 16 286 287 1078
1830 2 2 13 16 1073 1074 1081
1831 2 2 13 16 1046 300 1074
1832 2 2 13 16 301 1081 1074
1833 2 2 13 16 1074 300 301
1834 2 2 13 16 306 1071 305
1835 2 2 13 16 1082 1055 1056
1836 2 2 13 16 1081 302 1083
1837 2 2 13 16 1070 1084 1054
1838 2 2 13 16 1022 287 288
1839 2 2 13 16 1072 1085 1086
1840 2 2 13 16 1072 1087 1085
1841 2 2 13 16 1088 1085 1087
1842 2 2 13 16 1077 1084 1070
1843 2 2 13 16 1084 309 310
1844 2 2 13 16 1077 309 1084
1845 2 2 13 16 1024 1079 1022
1846 2 2 13 16 1079 1089 1078
1847 2 2 13 16 1079 1057 1089
1848 2 2 13 16 1032 1047 1065
1849 2 2 13 16 1046 1065 1047
1850 2 2 13 16 1032 298 1047
1851 2 2 13 16 1090 1076 1091
1852 2 2 13 16 1036 1064 1052
1853 2 2 13 16 280 1087 1072
1854 2 2 13 16 280 281 1087
1855 2 2 13 16 1032 1059 297
1856 2 2 13 16 296 297 1059
1857 2 2 13 16 1086 279 1072
1858 2 2 13 16 278 279 1086
1859 2 2 13 16 1092 1058 1060
1860 2 2 13 16 1092 295 1058
1861 2 2 13 16 1049 1086 1085
1862 2 2 13 16 1093 1089 1094
1863 2 2 13 16 1095 1096 1097
1864 2 2 13 16 1095 1088 1096
1865 2 2 13 16 1098 1053 1099
1866 2 2 13 16 1098 1068 1053
1867 2 2 13 16 1084 273 1054
1868 2 2 13 16 1024 1057 1079
1869 2 2 13 16 1087 281 1096
1870 2 2 13 16 281 282 1096
1871 2 2 13 16 1091 1076 1069
1872 2 2 13 16 1054 273 274
1873 2 2 13 16 1081 1075 1073
1874 2 2 13 16 1075 1081 1083
1875 2 2 13 16 1088 1087 1096
1876 2 2 13 16 310 45 1084
1877 2 2 13 16 1093 1080 1089
1878 2 2 13 16 1097 1027 1095
1879 2 2 13 16 1097 283 1027
1880 2 2 13 16 1098 1099 1100
1881 2 2 13 16 1099 276 1048
1882 2 2 13 16 1092 1101 295
1883 2 2 13 16 1055 1082 1102
1884 2 2 13 16 1101 294 295
1885 2 2 13 16 1080 1078 1089
1886 2 2 13 16 1090 1091 1103
1887 2 2 13 16 1091 1104 1103
1888 2 2 13 16 1075 1083 1105
1889 2 2 13 16 1090 1106 1076
1890 2 2 13 16 1106 307 1076
1891 2 2 13 16 1060 1038 1092
1892 2 2 13 16 1060 1035 1038
1893 2 2 13 16 1107 285 1080
1894 2 2 13 16 1108 1105 1109
1895 2 2 13 16 1108 1110 1105
1896 2 2 13 16 1111 1112 1031
1897 2 2 13 16 1050 1113 1098
1898 2 2 13 16 1113 1104 1098
1899 2 2 13 16 1048 1050 1100
1900 2 2 13 16 1026 1028 1030
1901 2 2 13 16 1028 1031 1030
1902 2 2 13 16 1026 1095 1027
1903 2 2 13 16 1114 1043 1115
1904 2 2 13 16 1114 1045 1043
1905 2 2 13 16 1030 1095 1026
1906 2 2 13 16 1084 45 273
1907 2 2 13 16 1025 1116 1028
1908 2 2 13 16 1116 1117 1028
1909 2 2 13 16 1118 1041 1111
1910 2 2 13 16 1041 1112 1111
1911 2 2 13 16 1103 1113 1040
1912 2 2 13 16 1113 1033 1040
1913 2 2 13 16 1103 1119 1090
1914 2 2 13 16 1109 1120 1108
1915 2 2 13 16 1120 1121 1108
1916 2 2 13 16 1109 1067 1120
1917 2 2 13 16 1063 47 290
1918 2 2 13 16 1067 1066 1120
1919 2 2 13 16 1067 1109 304
1920 2 2 13 16 304 305 1067
1921 2 2 13 16 289 47 1063
1922 2 2 13 16 1106 1071 306
1923 2 2 13 16 1063 1023 289
1924 2 2 13 16 1090 1071 1106
1925 2 2 13 16 306 307 1106
1926 2 2 13 16 1029 1050 1122
1927 2 2 13 16 1049 1123 1122
1928 2 2 13 16 1094 1114 1115
1929 2 2 13 16 1121 1064 1108
1930 2 2 13 16 1122 1050 1049
1931 2 2 13 16 1122 1123 1029
1932 2 2 13 16 1089 1114 1094
1933 2 2 13 16 1034 1036 1124
1934 2 2 13 16 1124 1039 1034
1935 2 2 13 16 1083 1109 1105
1936 2 2 13 16 303 1109 1083
1937 2 2 13 16 1041 1118 1125
1938 2 2 13 16 1065 1074 1061
1939 2 2 13 16 285 286 1080
1940 2 2 13 16 1055 1045 1057
1941 2 2 13 16 1125 1118 1126
1942 2 2 13 16 1123 1030 1029
1943 2 2 13 16 1115 1051 1127
1944 2 2 13 16 1033 1050 1029
1945 2 2 13 16 1023 288 289
1946 2 2 13 16 1075 1110 1062
1947 2 2 13 16 1104 1068 1098
1948 2 2 13 16 1113 1103 1104
1949 2 2 13 16 1127 1051 1126
1950 2 2 13 16 1113 1050 1033
1951 2 2 13 16 1095 1030 1123
1952 2 2 13 16 1123 1088 1095
1953 2 2 13 16 276 277 1048
1954 2 2 13 16 1128 1025 1027
1955 2 2 13 16 1107 1025 1128
1956 2 2 13 16 1127 1118 1117
1957 2 2 13 16 1126 1118 1127
1958 2 2 13 16 291 292 1082
1959 2 2 13 16 1063 290 291
1960 2 2 13 16 291 1056 1063
1961 2 2 13 16 1110 1075 1105
1962 2 2 13 16 1083 302 303
1963 2 2 13 16 1082 292 1129
1964 2 2 13 16 1045 1055 1102
1965 2 2 13 16 1109 303 304
1966 2 2 13 16 299 1047 48
1967 2 2 13 16 1129 1102 1082
1968 2 2 13 16 1110 1108 1064
1969 2 2 13 16 1129 292 293
1970 2 2 13 16 1047 298 48
1971 2 2 13 16 1068 1104 1069
1972 2 2 13 16 1056 291 1082
1973 2 2 13 16 1099 275 276
1974 2 2 13 16 1097 282 283
1975 2 2 13 16 1088 1123 1085
1976 2 2 13 16 295 296 1058
1977 2 2 13 16 1091 1069 1104
1978 2 2 13 16 307 308 1076
1979 2 2 13 16 1129 1130 1102
1980 2 2 13 16 1049 1085 1123
1981 2 2 13 16 1081 301 302
1982 2 2 13 16 277 278 1086
1983 2 2 13 16 1027 283 284
1984 2 2 13 16 275 1099 1053
1985 2 2 13 16 1068 1054 1053
1986 2 2 13 16 1059 1058 296
1987 2 2 13 16 1065 1046 1074
1988 2 2 13 16 282 1097 1096
1989 2 2 13 16 293 1130 1129
1990 2 2 13 16 308 309 1077
1991 2 2 13 16 1031 1028 1111
1992 2 2 13 16 1040 1033 1112
1993 2 2 13 16 1112 1041 1040
1994 2 2 13 16 1116 1115 1127
1995 2 2 13 16 1127 1117 1116
1996 2 2 13 16 1112 1033 1031
1997 2 2 13 16 1116 1093 1094
1998 2 2 13 16 1119 1066 1071
1999 2 2 13 16 1071 1090 1119
2000 2 2 13 16 1111 1028 1117
2001 2 2 13 16 1131 1130 1101
2002 2 2 13 16 1094 1115 1116
2003 2 2 13 16 277 1086 1132
2004 2 2 13 16 1049 1048 1132
2005 2 2 13 16 1132 1086 1049
2006 2 2 13 16 1042 1041 1125
2007 2 2 13 16 1125 1121 1042
2008 2 2 13 16 1036 1051 1124
2009 2 2 13 16 1042 1121 1133
2010 2 2 13 16 1066 1119 1133
2011 2 2 13 16 1110 1064 1037
2012 2 2 13 16 1133 1119 1042
2013 2 2 13 16 1035 1062 1037
2014 2 2 13 16 1093 1025 1107
2015 2 2 13 16 1037 1062 1110
2016 2 2 13 16 1116 1025 1093
2017 2 2 13 16 1134 1042 1119
2018 2 2 13 16 1051 1115 1124
2019 2 2 13 16 1134 1103 1040
2020 2 2 13 16 1040 1042 1134
2021 2 2 13 16 1132 1048 277
2022 2 2 13 16 1101 1092 1131
2023 2 2 13 16 1124 1115 1043
2024 2 2 13 16 1043 1039 1124
2025 2 2 13 16 1119 1103 1134
2026 2 2 13 16 1121 1125 1135
2027 2 2 13 16 1135 1064 1121
2028 2 2 13 16 1135 1125 1126
2029 2 2 13 16 1128 1027 284
2030 2 2 13 16 1128 285 1107
2031 2 2 13 16 284 285 1128
2032 2 2 13 16 1101 1130 294
2033 2 2 13 16 1114 1057 1045
2034 2 2 13 16 1038 1039 1131
2035 2 2 13 16 1089 1057 1114
2036 2 2 13 16 1118 1111 1117
2037 2 2 13 16 1045 1102 1044
2038 2 2 13 16 1131 1039 1044
2039 2 2 13 16 1044 1102 1131
2040 2 2 13 16 1126 1051 1052
2041 2 2 13 16 1107 1080 1093
2042 2 2 13 16 1131 1092 1038
2043 2 2 13 16 1100 1099 1048
2044 2 2 13 16 1100 1050 1098
2045 2 2 13 16 1064 1135 1052
2046 2 2 13 16 1066 1133 1120
2047 2 2 13 16 1052 1135 1126
2048 2 2 13 16 1120 1133 1121
2049 2 2 13 16 293 294 1130
2050 2 2 13 16 1131 1102 1130
2051 4 2 1 1 1164 1286 1221 1309
2052 4 2 1 1 582 1169 1247 1440
2053 4 2 1 1 350 1159 349 1257
2054 4 2 1 1 1286 1309 1164 1455
2055 4 2 1 1 1171 1191 1139 1323
2056 4 2 1 1 350 351 349 1159
2057 4 2 1 1 828 1269 1176 1388
2058 4 2 1 1 828 1176 1269 1303
2059 4 2 1 1 1154 1316 1205 1396
2060 4 2 1 1 1154 1205 1184 1396
2061 4 2 1 1 350 1241 1159 1257
2062 4 2 1 1 488 1274 1211 1322
2063 4 2 1 1 1222 1246 1190 1414
2064 4 2 1 1 351 1159 350 1289
2065 4 2 1 1 429 440 1188 1308
2066 4 2 1 1 488 1322 1211 1400
2067 4 2 1 1 426 1236 1271 1296
2068 4 2 1 1 1189 1283 1269 1459
2069 4 2 1 1 440 1308 344 1434
2070 4 2 1 1 1211 1228 1146 1259
2071 4 2 1 1 559 1274 488 1322
2072 4 2 1 1 1183 1301 1202 1310
2073 4 2 1 1 1218 1313 374 1380
2074 4 2 1 1 1170 1139 1191 1323
2075 4 2 1 1 1156 1313 1218 1380
2076 4 2 1 1 1149 1197 1196 1248
2077 4 2 1 1 1228 1259 1211 1322
2078 4 2 1 1 1141 1193 1162 1195
2079 4 2 1 1 1139 1191 1171 1362
2080 4 2 1 1 1142 1166 1269 1406
2081 4 2 1 1 778 1249 1178 1266
2082 4 2 1 1 1190 1246 1222 1268
2083 4 2 1 1 1154 1298 1316 1396
2084 4 2 1 1 1146 1228 1211 1274
2085 4 2 1 1 1184 1205 1154 1375
2086 4 2 1 1 1146 1168 1198 1377
2087 4 2 1 1 1197 1254 1243 1341
2088 4 2 1 1 1159 1241 350 1289
2089 4 2 1 1 1221 1286 593 1309
2090 4 2 1 1 1154 1184 1298 1396
2091 4 2 1 1 1172 1401 1158 1414
2092 4 2 1 1 620 508 1198 1219
2093 4 2 1 1 1167 1185 1150 1216
2094 4 2 1 1 1140 1188 1173 1383
2095 4 2 1 1 654 652 1192 1221
2096 4 2 1 1 1188 1383 1310 1434
2097 4 2 1 1 575 579 1175 1273
2098 4 2 1 1 1172 1242 1401 1414
2099 4 2 1 1 1188 1308 803 1434
2100 4 2 1 1 666 1179 1262 1382
2101 4 2 1 1 1170 1191 1139 1229
2102 4 2 1 1 784 1249 1266 1294
2103 4 2 1 1 1178 1249 778 1287
2104 4 2 1 1 1153 1202 1183 1240
2105 4 2 1 1 1169 1220 582 1247
2106 4 2 1 1 1168 1208 1146 1226
2107 4 2 1 1 1196 1197 1149 1379
2108 4 2 1 1 1180 1225 1405 1407
2109 4 2 1 1 1173 1194 341 1278
2110 4 2 1 1 440 1188 801 1351
2111 4 2 1 1 564 1169 582 1440
2112 4 2 1 1 1169 1317 1220 1360
2113 4 2 1 1 579 575 1175 1338
2114 4 2 1 1 1144 1296 1157 1299
2115 4 2 1 1 1140 1173 1233 1383
2116 4 2 1 1 1150 1185 1167 1415
2117 4 2 1 1 537 1352 1347 1364
2118 4 2 1 1 1187 1299 659 1407
2119 4 2 1 1 1169 1214 1317 1360
2120 4 2 1 1 1150 1290 1184 1315
2121 4 2 1 1 803 1188 440 1308
2122 4 2 1 1 1173 1188 1140 1389
2123 4 2 1 1 593 1309 1286 1455
2124 4 2 1 1 1169 1371 1256 1440
2125 4 2 1 1 1155 1174 1304 1441
2126 4 2 1 1 1159 1245 1339 1402
2127 4 2 1 1 446 1173 341 1278
2128 4 2 1 1 1146 1226 1208 1410
2129 4 2 1 1 784 1266 1194 1294
2130 4 2 1 1 1243 1341 1254 1405
2131 4 2 1 1 828 1388 1176 1456
2132 4 2 1 1 491 1175 579 1273
2133 4 2 1 1 564 1371 1169 1440
2134 4 2 1 1 1190 1304 1174 1441
2135 4 2 1 1 1158 1402 1245 1404
2136 4 2 1 1 1162 1141 1195 1314
2137 4 2 1 1 1146 1208 1168 1377
2138 4 2 1 1 1158 1339 1245 1402
2139 4 2 1 1 803 1308 440 1434
2140 4 2 1 1 544 1329 545 1384
2141 4 2 1 1 457 519 456 1267
2142 4 2 1 1 1144 1213 1197 1254
2143 4 2 1 1 508 562 1198 1219
2144 4 2 1 1 1139 1323 1183 1360
2145 4 2 1 1 1183 1240 1202 1301
2146 4 2 1 1 1157 1254 1144 1299
2147 4 2 1 1 1142 1269 1176 1406
2148 4 2 1 1 544 1217 1329 1384
2149 4 2 1 1 1218 1306 374 1313
2150 4 2 1 1 374 1313 1204 1380
2151 4 2 1 1 1174 1304 1190 1363
2152 4 2 1 1 1202 1301 806 1310
2153 4 2 1 1 1169 1317 1214 1367
2154 4 2 1 1 652 1192 1189 1295
2155 4 2 1 1 1139 1229 1191 1247
2156 4 2 1 1 1162 1314 1195 1398
2157 4 2 1 1 751 747 1328 1431
2158 4 2 1 1 1150 1216 1185 1375
2159 4 2 1 1 491 1211 1175 1273
2160 4 2 1 1 1140 1200 1188 1383
2161 4 2 1 1 1138 1196 1197 1248
2162 4 2 1 1 1310 1383 800 1434
2163 4 2 1 1 832 1227 869 1261
2164 4 2 1 1 1189 1192 652 1221
2165 4 2 1 1 1181 1405 1225 1407
2166 4 2 1 1 560 547 1234 1394
2167 4 2 1 1 1174 1155 1304 1363
2168 4 2 1 1 458 1298 1267 1324
2169 4 2 1 1 340 341 1173 1194
2170 4 2 1 1 490 579 491 1175
2171 4 2 1 1 1210 1226 1208 1439
2172 4 2 1 1 593 1282 1221 1309
2173 4 2 1 1 1144 1197 1213 1236
2174 4 2 1 1 618 667 602 1225
2175 4 2 1 1 1188 1200 1140 1389
2176 4 2 1 1 1212 1269 860 1388
2177 4 2 1 1 1174 1199 1155 1363
2178 4 2 1 1 1176 1269 1212 1388
2179 4 2 1 1 1169 1247 1163 1248
2180 4 2 1 1 1202 1240 1156 1301
2181 4 2 1 1 582 1247 448 1440
2182 4 2 1 1 1156 1306 1218 1313
2183 4 2 1 1 560 1234 1174 1394
2184 4 2 1 1 376 1218 374 1380
2185 4 2 1 1 338 438 442 1333
2186 4 2 1 1 1155 1199 1174 1394
2187 4 2 1 1 741 1249 1270 1287
2188 4 2 1 1 1184 1205 1150 1315
2189 4 2 1 1 1191 1247 1229 1433
2190 4 2 1 1 1197 1144 1254 1341
2191 4 2 1 1 1203 1158 1401 1414
2192 4 2 1 1 1189 1269 892 1459
2193 4 2 1 1 501 637 1198 1445
2194 4 2 1 1 1138 1197 1196 1254
2195 4 2 1 1 628 627 1166 1366
2196 4 2 1 1 1140 1233 1200 1383
2197 4 2 1 1 509 1198 562 1219
2198 4 2 1 1 1211 1274 1228 1322
2199 4 2 1 1 1203 1401 1242 1414
2200 4 2 1 1 1267 1293 519 1454
2201 4 2 1 1 628 1166 627 1282
2202 4 2 1 1 583 1372 494 1443
2203 4 2 1 1 1183 806 1301 1310
2204 4 2 1 1 1269 1283 892 1459
2205 4 2 1 1 1136 1246 1222 1339
2206 4 2 1 1 1222 1246 1136 1268
2207 4 2 1 1 1210 1312 1226 1439
2208 4 2 1 1 501 1198 1432 1445
2209 4 2 1 1 582 1220 1169 1357
2210 4 2 1 1 1169 1248 1163 1256
2211 4 2 1 1 598 1295 1219 1377
2212 4 2 1 1 1183 1171 1285 1360
2213 4 2 1 1 560 1220 1174 1343
2214 4 2 1 1 1139 1171 1323 1360
2215 4 2 1 1 1144 1213 1254 1296
2216 4 2 1 1 1168 1226 1146 1228
2217 4 2 1 1 1144 1230 1296 1299
2218 4 2 1 1 869 1227 541 1261
2219 4 2 1 1 1183 1323 1171 1360
2220 4 2 1 1 904 869 832 1227
2221 4 2 1 1 438 1263 442 1333
2222 4 2 1 1 743 1249 1185 1270
2223 4 2 1 1 489 1336 1165 1400
2224 4 2 1 1 1191 1323 773 1349
2225 4 2 1 1 1221 1282 1164 1309
2226 4 2 1 1 351 349 1159 1297
2227 4 2 1 1 1178 1266 1141 1300
2228 4 2 1 1 1163 1247 1169 1440
2229 4 2 1 1 1141 1316 1300 1373
2230 4 2 1 1 1162 1141 1266 1300
2231 4 2 1 1 1183 1360 1285 1374
2232 4 2 1 1 1182 1284 1175 1370
2233 4 2 1 1 457 456 1177 1267
2234 4 2 1 1 1176 1303 828 1456
2235 4 2 1 1 1169 1138 1243 1248
2236 4 2 1 1 1202 1240 1153 1458
2237 4 2 1 1 537 790 1347 1352
2238 4 2 1 1 1163 1169 1256 1440
2239 4 2 1 1 544 1225 1217 1384
2240 4 2 1 1 1169 1214 1360 1367
2241 4 2 1 1 564 582 448 1440
2242 4 2 1 1 417 1203 1257 1307
2243 4 2 1 1 1141 1162 1193 1300
2244 4 2 1 1 666 1262 1230 1382
2245 4 2 1 1 1144 1254 1157 1296
2246 4 2 1 1 828 860 1269 1388
2247 4 2 1 1 1208 1210 1143 1226
2248 4 2 1 1 560 1174 1234 1343
2249 4 2 1 1 583 1216 1372 1443
2250 4 2 1 1 743 1185 1249 1294
2251 4 2 1 1 1162 1244 1266 1314
2252 4 2 1 1 1225 1342 1181 1407
2253 4 2 1 1 490 1272 1175 1292
2254 4 2 1 1 1183 1202 1153 1310
2255 4 2 1 1 509 1198 1219 1274
2256 4 2 1 1 438 442 1263 1456
2257 4 2 1 1 417 1203 1307 1401
2258 4 2 1 1 1347 1352 1171 1364
2259 4 2 1 1 1144 1271 1236 1296
2260 4 2 1 1 1139 1247 1169 1248
2261 4 2 1 1 1139 1247 1191 1362
2262 4 2 1 1 1174 1220 560 1357
2263 4 2 1 1 676 1280 1321 1420
2264 4 2 1 1 1175 1211 491 1292
2265 4 2 1 1 340 341 446 1173
2266 4 2 1 1 1166 1303 1269 1406
2267 4 2 1 1 1159 1245 349 1257
2268 4 2 1 1 489 1290 1165 1336
2269 4 2 1 1 1162 1266 1141 1314
2270 4 2 1 1 635 1179 1210 1262
2271 4 2 1 1 1180 1225 1217 1405
2272 4 2 1 1 1199 1155 1363 1368
2273 4 2 1 1 1166 1189 1142 1269
2274 4 2 1 1 1245 1402 1354 1404
2275 4 2 1 1 490 1175 491 1292
2276 4 2 1 1 1244 1314 1162 1398
2277 4 2 1 1 1189 1269 1283 1337
2278 4 2 1 1 1141 1300 1193 1373
2279 4 2 1 1 1205 1316 1154 1375
2280 4 2 1 1 575 1175 1261 1273
2281 4 2 1 1 1180 1384 1225 1407
2282 4 2 1 1 349 1245 1159 1297
2283 4 2 1 1 1151 1234 1255 1441
2284 4 2 1 1 601 654 1192 1221
2285 4 2 1 1 635 1210 1179 1250
2286 4 2 1 1 1138 1243 1254 1405
2287 4 2 1 1 333 1238 688 1378
2288 4 2 1 1 575 1261 1175 1338
2289 4 2 1 1 1180 1407 1405 1417
2290 4 2 1 1 688 1238 687 1378
2291 4 2 1 1 1166 1303 316 1345
2292 4 2 1 1 522 1225 602 1265
2293 4 2 1 1 1275 1327 865 1444
2294 4 2 1 1 489 1232 1165 1290
2295 4 2 1 1 1237 1249 1141 1411
2296 4 2 1 1 1142 1189 1166 1221
2297 4 2 1 1 1169 1220 1317 1363
2298 4 2 1 1 541 869 904 1227
2299 4 2 1 1 1155 1326 1199 1394
2300 4 2 1 1 602 1225 667 1265
2301 4 2 1 1 1147 1175 1284 1370
2302 4 2 1 1 1146 1198 1168 1355
2303 4 2 1 1 1138 1243 1217 1371
2304 4 2 1 1 1162 1195 1193 1398
2305 4 2 1 1 583 1372 1216 1399
2306 4 2 1 1 1144 1236 1213 1296
2307 4 2 1 1 1137 1190 1242 1331
2308 4 2 1 1 508 562 501 1198
2309 4 2 1 1 486 559 488 1322
2310 4 2 1 1 680 676 1280 1321
2311 4 2 1 1 1151 1255 1317 1441
2312 4 2 1 1 1141 1178 1300 1316
2313 4 2 1 1 654 1189 652 1221
2314 4 2 1 1 624 1342 1225 1407
2315 4 2 1 1 316 1303 375 1345
2316 4 2 1 1 1237 1246 1205 1344
2317 4 2 1 1 627 1221 1166 1366
2318 4 2 1 1 1174 1190 1317 1363
2319 4 2 1 1 866 865 1327 1444
2320 4 2 1 1 1155 1304 1190 1441
2321 4 2 1 1 1194 1266 1244 1314
2322 4 2 1 1 429 1188 440 1351
2323 4 2 1 1 1178 1231 762 1266
2324 4 2 1 1 1138 1243 1197 1254
2325 4 2 1 1 867 375 1303 1345
2326 4 2 1 1 1143 1224 1186 1365
2327 4 2 1 1 1259 1392 1182 1402
2328 4 2 1 1 1197 1341 1243 1393
2329 4 2 1 1 1204 1378 312 1416
2330 4 2 1 1 1147 1284 1182 1370
2331 4 2 1 1 793 1194 1173 1294
2332 4 2 1 1 795 1233 1173 1383
2333 4 2 1 1 1136 1246 1339 1369
2334 4 2 1 1 776 1270 1267 1287
2335 4 2 1 1 457 519 1267 1293
2336 4 2 1 1 442 1263 1176 1333
2337 4 2 1 1 1139 1171 1360 1362
2338 4 2 1 1 626 1166 628 1282
2339 4 2 1 1 753 1233 1200 1291
2340 4 2 1 1 1175 1284 1283 1338
2341 4 2 1 1 1171 1323 1285 1352
2342 4 2 1 1 743 1270 1185 1328
2343 4 2 1 1 1166 1142 1235 1406
2344 4 2 1 1 1197 1144 1341 1393
2345 4 2 1 1 1164 1282 1235 1309
2346 4 2 1 1 590 1250 1179 1305
2347 4 2 1 1 1138 1248 1169 1256
2348 4 2 1 1 1151 1285 1171 1360
2349 4 2 1 1 1242 1331 1190 1414
2350 4 2 1 1 1149 1196 1206 1248
2351 4 2 1 1 732 1335 716 1438
2352 4 2 1 1 1150 1167 1255 1415
2353 4 2 1 1 687 688 682 1238
2354 4 2 1 1 1269 1303 1176 1406
2355 4 2 1 1 1230 1262 1179 1382
2356 4 2 1 1 319 1244 323 1457
2357 4 2 1 1 1186 1245 432 1391
2358 4 2 1 1 1405 1407 1181 1417
2359 4 2 1 1 1138 1217 1256 1371
2360 4 2 1 1 746 751 747 1328
2361 4 2 1 1 427 1236 1213 1332
2362 4 2 1 1 333 682 688 1238
2363 4 2 1 1 773 1323 1191 1347
2364 4 2 1 1 460 458 1267 1324
2365 4 2 1 1 1244 1314 323 1457
2366 4 2 1 1 1151 1285 1360 1374
2367 4 2 1 1 1177 1267 458 1298
2368 4 2 1 1 598 1219 1198 1377
2369 4 2 1 1 501 1198 500 1432
2370 4 2 1 1 1143 1186 1224 1404
2371 4 2 1 1 1167 1151 1234 1255
2372 4 2 1 1 1196 1254 1197 1379
2373 4 2 1 1 1139 1248 1169 1367
2374 4 2 1 1 1373 1387 1223 1396
2375 4 2 1 1 1136 1344 1246 1369
2376 4 2 1 1 1172 1201 1153 1281
2377 4 2 1 1 904 524 1227 1275
2378 4 2 1 1 1224 1245 360 1297
2379 4 2 1 1 688 1378 687 1416
2380 4 2 1 1 1304 1317 1190 1363
2381 4 2 1 1 1203 1389 1242 1401
2382 4 2 1 1 635 666 1179 1262
2383 4 2 1 1 1167 1234 1151 1343
2384 4 2 1 1 753 1200 1233 1383
2385 4 2 1 1 1267 1270 1154 1287
2386 4 2 1 1 618 602 523 1225
2387 4 2 1 1 1221 1235 1164 1282
2388 4 2 1 1 352 350 349 1257
2389 4 2 1 1 593 595 1282 1309
2390 4 2 1 1 1159 1354 1245 1402
2391 4 2 1 1 1139 1169 1360 1367
2392 4 2 1 1 503 1220 560 1343
2393 4 2 1 1 892 1269 1189 1366
2394 4 2 1 1 716 1335 1163 1438
2395 4 2 1 1 1136 1259 1182 1402
2396 4 2 1 1 1182 1175 1284 1385
2397 4 2 1 1 1158 1222 1402 1404
2398 4 2 1 1 620 1198 598 1219
2399 4 2 1 1 1168 1226 1312 1439
2400 4 2 1 1 825 1301 1170 1323
2401 4 2 1 1 351 1159 1289 1297
2402 4 2 1 1 1149 1197 1248 1437
2403 4 2 1 1 1208 1250 1210 1439
2404 4 2 1 1 1139 1183 1323 1447
2405 4 2 1 1 427 416 1213 1236
2406 4 2 1 1 1280 1379 1321 1420
2407 4 2 1 1 429 344 440 1308
2408 4 2 1 1 1139 1169 1247 1360
2409 4 2 1 1 1157 1254 1213 1296
2410 4 2 1 1 1172 1153 1242 1281
2411 4 2 1 1 1169 1248 1243 1367
2412 4 2 1 1 1137 1304 1190 1331
2413 4 2 1 1 1233 1255 1200 1291
2414 4 2 1 1 1150 1205 1184 1375
2415 4 2 1 1 675 1348 1302 1358
2416 4 2 1 1 509 562 1198 1274
2417 4 2 1 1 631 1250 1208 1439
2418 4 2 1 1 751 746 1291 1328
2419 4 2 1 1 1300 1316 1161 1373
2420 4 2 1 1 352 1241 350 1257
2421 4 2 1 1 598 621 1219 1295
2422 4 2 1 1 1209 1210 1145 1226
2423 4 2 1 1 489 1165 1232 1322
2424 4 2 1 1 458 1177 456 1267
2425 4 2 1 1 861 859 903 1338
2426 4 2 1 1 1146 1182 1211 1259
2427 4 2 1 1 867 1303 899 1345
2428 4 2 1 1 1316 1373 1205 1396
2429 4 2 1 1 1145 1226 1168 1252
2430 4 2 1 1 1255 1291 1233 1328
2431 4 2 1 1 427 1236 1332 1412
2432 4 2 1 1 508 509 562 1219
2433 4 2 1 1 348 1195 1333 1390
2434 4 2 1 1 1138 1163 1215 1340
2435 4 2 1 1 488 486 1322 1400
2436 4 2 1 1 318 1166 1282 1406
2437 4 2 1 1 1186 1365 1224 1391
2438 4 2 1 1 1212 1283 1182 1284
2439 4 2 1 1 716 1163 1330 1438
2440 4 2 1 1 1160 1246 1237 1344
2441 4 2 1 1 1139 1163 1247 1248
2442 4 2 1 1 1174 1317 1220 1363
2443 4 2 1 1 1185 1294 743 1328
2444 4 2 1 1 1192 1208 1207 1392
2445 4 2 1 1 1174 1151 1234 1343
2446 4 2 1 1 1182 1284 1283 1385
2447 4 2 1 1 1207 1392 1259 1402
2448 4 2 1 1 1168 1226 1145 1312
2449 4 2 1 1 1136 1182 1315 1397
2450 4 2 1 1 1173 1350 1188 1389
2451 4 2 1 1 1176 1212 1142 1251
2452 4 2 1 1 489 484 1336 1400
2453 4 2 1 1 440 803 801 1188
2454 4 2 1 1 1190 1331 1304 1414
2455 4 2 1 1 564 582 1169 1357
2456 4 2 1 1 860 1388 828 1456
2457 4 2 1 1 1194 1314 1244 1457
2458 4 2 1 1 509 1274 1219 1292
2459 4 2 1 1 1205 1246 1136 1344
2460 4 2 1 1 1143 1226 1209 1304
2461 4 2 1 1 442 1176 1289 1333
2462 4 2 1 1 321 1314 1244 1398
2463 4 2 1 1 1139 1163 1206 1229
2464 4 2 1 1 564 1256 1371 1440
2465 4 2 1 1 1136 1315 1182 1370
2466 4 2 1 1 1205 1268 1150 1315
2467 4 2 1 1 660 1299 1187 1356
2468 4 2 1 1 630 1210 1250 1439
2469 4 2 1 1 1139 1214 1183 1240
2470 4 2 1 1 1169 1363 1317 1367
2471 4 2 1 1 318 316 1166 1406
2472 4 2 1 1 1170 1301 825 1442
2473 4 2 1 1 1153 1201 1172 1413
2474 4 2 1 1 1227 1261 832 1319
2475 4 2 1 1 1207 1208 1192 1429
2476 4 2 1 1 800 1310 1200 1383
2477 4 2 1 1 1185 1255 1167 1415
2478 4 2 1 1 1185 1216 1167 1270
2479 4 2 1 1 1214 1242 1153 1281
2480 4 2 1 1 733 1280 676 1420
2481 4 2 1 1 579 546 575 1338
2482 4 2 1 1 1139 1183 1214 1360
2483 4 2 1 1 1143 1222 1226 1304
2484 4 2 1 1 716 1330 1163 1335
2485 4 2 1 1 1177 1327 1275 1444
2486 4 2 1 1 457 1267 1177 1293
2487 4 2 1 1 1158 1172 1307 1401
2488 4 2 1 1 1139 1206 1163 1248
2489 4 2 1 1 782 1249 778 1266
2490 4 2 1 1 660 659 1187 1299
2491 4 2 1 1 1190 1268 1222 1304
2492 4 2 1 1 1176 1263 442 1456
2493 4 2 1 1 1165 1211 1259 1322
2494 4 2 1 1 784 1249 782 1266
2495 4 2 1 1 1203 1160 1339 1414
2496 4 2 1 1 759 1301 1202 1306
2497 4 2 1 1 1192 1146 1208 1392
2498 4 2 1 1 866 1327 1177 1444
2499 4 2 1 1 1150 1375 1185 1415
2500 4 2 1 1 778 1178 762 1266
2501 4 2 1 1 753 800 1200 1383
2502 4 2 1 1 1283 1284 1175 1385
2503 4 2 1 1 1182 1392 1251 1402
2504 4 2 1 1 733 680 676 1280
2505 4 2 1 1 376 374 1218 1306
2506 4 2 1 1 904 1227 873 1275
2507 4 2 1 1 677 1302 1196 1321
2508 4 2 1 1 588 647 1334 1356
2509 4 2 1 1 1217 1180 1329 1384
2510 4 2 1 1 1142 1182 1251 1337
2511 4 2 1 1 1246 1344 1339 1369
2512 4 2 1 1 1143 1210 1208 1250
2513 4 2 1 1 1139 1323 1170 1447
2514 4 2 1 1 1233 1255 1185 1415
2515 4 2 1 1 1146 1168 1228 1355
2516 4 2 1 1 1163 1229 1139 1247
2517 4 2 1 1 885 829 1166 1303
2518 4 2 1 1 359 422 360 1297
2519 4 2 1 1 626 628 1166 1345
2520 4 2 1 1 659 660 1187 1407
2521 4 2 1 1 359 360 1245 1297
2522 4 2 1 1 1183 1285 1171 1323
2523 4 2 1 1 537 1347 480 1364
2524 4 2 1 1 1186 1245 1224 1404
2525 4 2 1 1 564 1357 1169 1371
2526 4 2 1 1 627 1166 1221 1282
2527 4 2 1 1 1181 1144 1254 1299
2528 4 2 1 1 1140 1255 1233 1415
2529 4 2 1 1 358 1245 1224 1391
2530 4 2 1 1 1228 1274 559 1322
2531 4 2 1 1 576 1198 562 1274
2532 4 2 1 1 1148 1195 1193 1344
2533 4 2 1 1 859 1283 1284 1338
2534 4 2 1 1 1251 1392 1207 1402
2535 4 2 1 1 388 316 375 1345
2536 4 2 1 1 1161 1387 1373 1396
2537 4 2 1 1 1182 1212 1284 1397
2538 4 2 1 1 654 653 1189 1221
2539 4 2 1 1 1175 1283 1272 1338
2540 4 2 1 1 1191 1229 1170 1409
2541 4 2 1 1 1160 1246 1414 1418
2542 4 2 1 1 680 1280 1238 1321
2543 4 2 1 1 892 1325 1189 1459
2544 4 2 1 1 332 1218 376 1380
2545 4 2 1 1 795 794 1173 1233
2546 4 2 1 1 824 1323 773 1347
2547 4 2 1 1 481 1352 537 1364
2548 4 2 1 1 501 633 637 1445
2549 4 2 1 1 528 1329 1180 1384
2550 4 2 1 1 489 571 1290 1336
2551 4 2 1 1 1155 1199 1326 1368
2552 4 2 1 1 1160 1414 1203 1418
2553 4 2 1 1 418 1401 1172 1412
2554 4 2 1 1 807 400 1202 1434
2555 4 2 1 1 1138 1248 1163 1340
2556 4 2 1 1 340 326 341 1194
2557 4 2 1 1 1136 1182 1251 1402
2558 4 2 1 1 1223 1387 1319 1396
2559 4 2 1 1 1145 1226 1210 1312
2560 4 2 1 1 528 545 1329 1384
2561 4 2 1 1 601 654 652 1192
2562 4 2 1 1 352 347 350 1241
2563 4 2 1 1 1188 1200 1153 1310
2564 4 2 1 1 1153 1200 1188 1389
2565 4 2 1 1 1235 1282 372 1309
2566 4 2 1 1 456 458 457 1177
2567 4 2 1 1 1142 1212 1176 1269
2568 4 2 1 1 885 1166 829 1366
2569 4 2 1 1 1168 1208 1226 1439
2570 4 2 1 1 522 523 602 1225
2571 4 2 1 1 1173 1389 1140 1418
2572 4 2 1 1 1295 1346 1219 1377
2573 4 2 1 1 1185 1255 1233 1328
2574 4 2 1 1 1139 1170 1229 1447
2575 4 2 1 1 1200 1310 1188 1383
2576 4 2 1 1 1205 1246 1237 1411
2577 4 2 1 1 426 1271 1236 1425
2578 4 2 1 1 1302 1348 1180 1358
2579 4 2 1 1 1143 1210 1209 1226
2580 4 2 1 1 1148 1193 1258 1344
2581 4 2 1 1 1321 1379 1196 1420
2582 4 2 1 1 1146 1228 1226 1410
2583 4 2 1 1 1158 1304 1331 1414
2584 4 2 1 1 1173 1278 446 1350
2585 4 2 1 1 653 1221 627 1366
2586 4 2 1 1 1137 1242 1214 1281
2587 4 2 1 1 1148 1193 1223 1258
2588 4 2 1 1 333 1378 688 1416
2589 4 2 1 1 1237 1411 1246 1415
2590 4 2 1 1 1277 1334 647 1356
2591 4 2 1 1 1156 1240 1202 1313
2592 4 2 1 1 575 475 579 1273
2593 4 2 1 1 626 628 627 1282
2594 4 2 1 1 1223 1258 1373 1396
2595 4 2 1 1 1143 1304 1209 1404
2596 4 2 1 1 1238 1280 687 1378
2597 4 2 1 1 1138 1254 1196 1302
2598 4 2 1 1 1138 1254 1302 1417
2599 4 2 1 1 356 430 1188 1350
2600 4 2 1 1 1189 1221 653 1366
2601 4 2 1 1 1189 1192 1152 1295
2602 4 2 1 1 1137 1172 1242 1281
2603 4 2 1 1 677 678 1302 1321
2604 4 2 1 1 676 1321 1196 1420
2605 4 2 1 1 1231 1244 781 1266
2606 4 2 1 1 1217 1225 1180 1384
2607 4 2 1 1 1143 1210 1250 1365
2608 4 2 1 1 1205 1246 1411 1415
2609 4 2 1 1 756 1266 1244 1457
2610 4 2 1 1 1193 1223 1373 1387
2611 4 2 1 1 1136 1246 1205 1268
2612 4 2 1 1 1181 1262 1144 1299
2613 4 2 1 1 1168 1439 1265 1445
2614 4 2 1 1 593 595 1309 1455
2615 4 2 1 1 1242 1389 1203 1414
2616 4 2 1 1 1202 1310 806 1434
2617 4 2 1 1 1179 1250 1210 1365
2618 4 2 1 1 1193 1300 1161 1373
2619 4 2 1 1 787 1285 1183 1323
2620 4 2 1 1 1142 1251 1212 1337
2621 4 2 1 1 677 1196 676 1321
2622 4 2 1 1 1212 1251 1182 1337
2623 4 2 1 1 762 1231 781 1266
2624 4 2 1 1 319 321 323 1244
2625 4 2 1 1 1143 1222 1304 1404
2626 4 2 1 1 343 1308 1202 1434
2627 4 2 1 1 1173 1350 1389 1418
2628 4 2 1 1 1144 1179 1230 1262
2629 4 2 1 1 348 1195 405 1333
2630 4 2 1 1 1138 1196 1248 1340
2631 4 2 1 1 1136 1182 1259 1370
2632 4 2 1 1 1151 1171 1285 1352
2633 4 2 1 1 1150 1167 1234 1255
2634 4 2 1 1 1146 1211 1182 1385
2635 4 2 1 1 1275 1298 458 1446
2636 4 2 1 1 1198 1377 1168 1445
2637 4 2 1 1 1225 1384 624 1407
2638 4 2 1 1 888 878 739 1293
2639 4 2 1 1 458 1275 1177 1298
2640 4 2 1 1 861 1283 859 1338
2641 4 2 1 1 1137 1317 1304 1363
2642 4 2 1 1 1140 1200 1233 1255
2643 4 2 1 1 1138 1215 1163 1256
2644 4 2 1 1 822 519 1293 1454
2645 4 2 1 1 753 1233 1291 1328
2646 4 2 1 1 858 1269 1212 1283
2647 4 2 1 1 1167 1216 1150 1421
2648 4 2 1 1 318 1166 316 1345
2649 4 2 1 1 358 432 1245 1391
2650 4 2 1 1 1159 1245 1257 1339
2651 4 2 1 1 1142 1176 1386 1406
2652 4 2 1 1 1199 1145 1243 1405
2653 4 2 1 1 372 1235 1309 1448
2654 4 2 1 1 377 374 1204 1380
2655 4 2 1 1 1182 1284 1147 1397
2656 4 2 1 1 1304 1363 1155 1368
2657 4 2 1 1 1199 1243 1217 1405
2658 4 2 1 1 501 1432 633 1445
2659 4 2 1 1 1154 1270 1249 1287
2660 4 2 1 1 1189 1337 1283 1459
2661 4 2 1 1 1167 1151 1253 1343
2662 4 2 1 1 1197 1254 1213 1379
2663 4 2 1 1 787 1285 1323 1352
2664 4 2 1 1 472 552 1256 1329
2665 4 2 1 1 1143 1250 1179 1365
2666 4 2 1 1 1193 1223 1258 1373
2667 4 2 1 1 1168 1145 1252 1312
2668 4 2 1 1 485 584 1184 1446
2669 4 2 1 1 321 323 1244 1314
2670 4 2 1 1 537 481 790 1352
2671 4 2 1 1 1167 1150 1234 1421
2672 4 2 1 1 354 1289 1235 1297
2673 4 2 1 1 795 1173 798 1351
2674 4 2 1 1 343 1202 400 1434
2675 4 2 1 1 1136 1268 1205 1315
2676 4 2 1 1 759 806 1202 1301
2677 4 2 1 1 605 1265 1439 1445
2678 4 2 1 1 1237 1294 1249 1411
2679 4 2 1 1 427 426 416 1236
2680 4 2 1 1 875 860 1212 1269
2681 4 2 1 1 740 1270 743 1328
2682 4 2 1 1 560 574 547 1394
2683 4 2 1 1 765 1253 1291 1352
2684 4 2 1 1 1155 1228 1259 1410
2685 4 2 1 1 1138 1163 1248 1256
2686 4 2 1 1 1146 1192 1208 1377
2687 4 2 1 1 1177 1288 866 1293
2688 4 2 1 1 620 637 598 1198
2689 4 2 1 1 766 1178 1288 1424
2690 4 2 1 1 1177 1293 1267 1454
2691 4 2 1 1 465 1219 620 1426
2692 4 2 1 1 1177 1316 1298 1327
2693 4 2 1 1 489 484 571 1336
2694 4 2 1 1 1247 1191 1362 1433
2695 4 2 1 1 1168 1312 1265 1439
2696 4 2 1 1 605 1265 1312 1439
2697 4 2 1 1 1272 1283 861 1338
2698 4 2 1 1 748 1294 1233 1328
2699 4 2 1 1 789 1171 1323 1347
2700 4 2 1 1 687 1378 1280 1416
2701 4 2 1 1 1197 1243 1138 1248
2702 4 2 1 1 1238 1321 1280 1379
2703 4 2 1 1 501 562 500 1198
2704 4 2 1 1 778 1178 1287 1288
2705 4 2 1 1 1208 1250 631 1286
2706 4 2 1 1 316 1303 1166 1406
2707 4 2 1 1 1150 1205 1246 1268
2708 4 2 1 1 1158 1203 1339 1414
2709 4 2 1 1 377 376 374 1380
2710 4 2 1 1 432 1245 1186 1307
2711 4 2 1 1 1185 1270 1167 1328
2712 4 2 1 1 1192 1392 1207 1429
2713 4 2 1 1 1224 1245 1186 1391
2714 4 2 1 1 347 352 434 1241
2715 4 2 1 1 741 1270 776 1287
2716 4 2 1 1 803 1383 1188 1434
2717 4 2 1 1 1148 1223 1193 1318
2718 4 2 1 1 1173 1140 1233 1237
2719 4 2 1 1 1290 1324 1216 1375
2720 4 2 1 1 874 1263 436 1276
2721 4 2 1 1 807 1202 400 1306
2722 4 2 1 1 501 500 502 1432
2723 4 2 1 1 635 1179 590 1250
2724 4 2 1 1 546 490 452 1338
2725 4 2 1 1 1176 1148 1251 1289
2726 4 2 1 1 1182 1370 1315 1397
2727 4 2 1 1 1222 1339 1158 1402
2728 4 2 1 1 1237 1344 1205 1411
2729 4 2 1 1 1169 1174 1220 1363
2730 4 2 1 1 1158 1257 1245 1339
2731 4 2 1 1 543 1298 458 1324
2732 4 2 1 1 1161 1300 1178 1316
2733 4 2 1 1 356 430 428 1188
2734 4 2 1 1 1165 1322 489 1400
2735 4 2 1 1 1354 1402 1222 1404
2736 4 2 1 1 1151 1171 1352 1364
2737 4 2 1 1 1180 1302 1215 1348
2738 4 2 1 1 1155 1222 1268 1304
2739 4 2 1 1 778 766 1178 1288
2740 4 2 1 1 1202 1313 1240 1458
2741 4 2 1 1 1319 1387 1161 1396
2742 4 2 1 1 1184 1324 1290 1375
2743 4 2 1 1 675 705 1302 1348
2744 4 2 1 1 1172 1412 1401 1413
2745 4 2 1 1 1161 1298 1316 1327
2746 4 2 1 1 1287 1316 1177 1327
2747 4 2 1 1 1153 1172 1264 1413
2748 4 2 1 1 866 1288 1177 1327
2749 4 2 1 1 1178 1300 1161 1327
2750 4 2 1 1 1149 1248 1206 1437
2751 4 2 1 1 697 536 1215 1348
2752 4 2 1 1 357 1173 446 1350
2753 4 2 1 1 726 1215 732 1340
2754 4 2 1 1 1196 1254 1187 1302
2755 4 2 1 1 904 832 873 1227
2756 4 2 1 1 1198 1219 1346 1377
2757 4 2 1 1 794 1173 1233 1294
2758 4 2 1 1 1204 1313 1156 1380
2759 4 2 1 1 1155 1226 1228 1410
2760 4 2 1 1 417 1257 1203 1403
2761 4 2 1 1 1184 1290 1165 1315
2762 4 2 1 1 560 555 1174 1357
2763 4 2 1 1 1233 1294 1185 1328
2764 4 2 1 1 630 1210 635 1250
2765 4 2 1 1 677 676 678 1321
2766 4 2 1 1 1278 1403 1350 1418
2767 4 2 1 1 1155 1268 1190 1304
2768 4 2 1 1 560 1174 555 1394
2769 4 2 1 1 465 508 620 1219
2770 4 2 1 1 628 653 627 1366
2771 4 2 1 1 1193 1195 1148 1276
2772 4 2 1 1 1143 1179 1224 1365
2773 4 2 1 1 482 1247 1220 1362
2774 4 2 1 1 1138 1329 1217 1417
2775 4 2 1 1 434 1241 352 1257
2776 4 2 1 1 628 1166 1345 1366
2777 4 2 1 1 1151 1167 1253 1291
2778 4 2 1 1 732 726 686 1215
2779 4 2 1 1 770 773 1323 1349
2780 4 2 1 1 904 524 541 1227
2781 4 2 1 1 1151 1360 1171 1364
2782 4 2 1 1 417 1257 411 1307
2783 4 2 1 1 1152 1192 1189 1337
2784 4 2 1 1 613 1262 1181 1299
2785 4 2 1 1 1287 1298 1177 1316
2786 4 2 1 1 472 1256 1215 1329
2787 4 2 1 1 654 627 653 1221
2788 4 2 1 1 697 1215 536 1335
2789 4 2 1 1 885 827 829 1303
2790 4 2 1 1 1259 1268 1165 1322
2791 4 2 1 1 562 1198 576 1355
2792 4 2 1 1 1180 1384 632 1408
2793 4 2 1 1 1139 1360 1247 1362
2794 4 2 1 1 694 1206 1229 1409
2795 4 2 1 1 1160 1257 1203 1339
2796 4 2 1 1 661 1325 1189 1366
2797 4 2 1 1 575 1261 475 1273
2798 4 2 1 1 1187 1302 1254 1417
2799 4 2 1 1 1170 1409 1229 1447
2800 4 2 1 1 1372 1431 494 1443
2801 4 2 1 1 1144 1179 1262 1365
2802 4 2 1 1 501 502 633 1432
2803 4 2 1 1 521 1225 522 1265
2804 4 2 1 1 1142 1192 1189 1221
2805 4 2 1 1 429 1188 428 1308
2806 4 2 1 1 1144 1230 1179 1271
2807 4 2 1 1 885 1345 1166 1366
2808 4 2 1 1 1144 1262 1230 1299
2809 4 2 1 1 1161 1316 1178 1327
2810 4 2 1 1 1246 1339 1160 1414
2811 4 2 1 1 1211 1322 1165 1400
2812 4 2 1 1 472 1215 1256 1335
2813 4 2 1 1 1182 1136 1251 1397
2814 4 2 1 1 1142 1207 1251 1392
2815 4 2 1 1 1151 1220 1317 1360
2816 4 2 1 1 1189 1192 1142 1337
2817 4 2 1 1 779 1249 741 1287
2818 4 2 1 1 1203 1257 1158 1339
2819 4 2 1 1 590 1305 1179 1382
2820 4 2 1 1 631 1286 1250 1455
2821 4 2 1 1 1184 1290 485 1336
2822 4 2 1 1 1228 1252 1226 1326
2823 4 2 1 1 899 827 885 1345
2824 4 2 1 1 354 1235 421 1297
2825 4 2 1 1 1192 1295 599 1377
2826 4 2 1 1 1142 1221 1166 1235
2827 4 2 1 1 694 1229 1206 1438
2828 4 2 1 1 775 825 1301 1442
2829 4 2 1 1 1148 1241 1195 1344
2830 4 2 1 1 482 582 1220 1247
2831 4 2 1 1 1142 1176 1251 1386
2832 4 2 1 1 313 1204 312 1416
2833 4 2 1 1 656 896 1239 1325
2834 4 2 1 1 1161 1316 1298 1396
2835 4 2 1 1 1137 1190 1304 1317
2836 4 2 1 1 1160 1339 1246 1344
2837 4 2 1 1 1175 1182 1370 1385
2838 4 2 1 1 1141 1266 1194 1314
2839 4 2 1 1 1296 1299 1230 1334
2840 4 2 1 1 535 544 545 1384
2841 4 2 1 1 803 800 1383 1434
2842 4 2 1 1 1242 1389 1172 1401
2843 4 2 1 1 750 765 1291 1352
2844 4 2 1 1 1198 1219 1274 1346
2845 4 2 1 1 583 477 1372 1399
2846 4 2 1 1 431 1186 432 1391
2847 4 2 1 1 1137 1242 1172 1331
2848 4 2 1 1 1148 1241 1344 1369
2849 4 2 1 1 793 809 326 1194
2850 4 2 1 1 1173 1140 1237 1418
2851 4 2 1 1 1243 1248 1197 1367
2852 4 2 1 1 753 1200 780 1291
2853 4 2 1 1 1178 1316 1287 1327
2854 4 2 1 1 1206 1248 1196 1340
2855 4 2 1 1 480 1347 1171 1364
2856 4 2 1 1 635 1179 666 1382
2857 4 2 1 1 873 1275 1227 1423
2858 4 2 1 1 509 576 562 1274
2859 4 2 1 1 1172 418 1412 1425
2860 4 2 1 1 622 668 658 1295
2861 4 2 1 1 1211 1259 1182 1370
2862 4 2 1 1 750 1291 1285 1352
2863 4 2 1 1 495 1228 1252 1355
2864 4 2 1 1 485 584 549 1184
2865 4 2 1 1 780 1200 800 1310
2866 4 2 1 1 632 1384 1180 1407
2867 4 2 1 1 1180 1217 1329 1417
2868 4 2 1 1 857 1318 1223 1388
2869 4 2 1 1 1214 1242 1137 1317
2870 4 2 1 1 1154 1298 1287 1316
2871 4 2 1 1 1194 1237 1173 1294
2872 4 2 1 1 432 1307 1186 1425
2873 4 2 1 1 614 1312 1225 1342
2874 4 2 1 1 371 372 1282 1309
2875 4 2 1 1 1179 1143 1224 1250
2876 4 2 1 1 521 1225 1265 1361
2877 4 2 1 1 430 1264 1188 1350
2878 4 2 1 1 554 1234 1232 1421
2879 4 2 1 1 512 525 849 1272
2880 4 2 1 1 1185 1167 1255 1328
2881 4 2 1 1 812 1218 724 1260
2882 4 2 1 1 1212 1251 1176 1388
2883 4 2 1 1 1215 1329 1138 1417
2884 4 2 1 1 1168 1377 1208 1445
2885 4 2 1 1 588 1334 1299 1356
2886 4 2 1 1 583 477 494 1372
2887 4 2 1 1 1235 1289 354 1406
2888 4 2 1 1 743 741 1249 1270
2889 4 2 1 1 1208 1286 1192 1429
2890 4 2 1 1 1174 1220 1151 1343
2891 4 2 1 1 1185 1249 1154 1270
2892 4 2 1 1 767 739 878 1293
2893 4 2 1 1 597 371 1282 1309
2894 4 2 1 1 329 1203 1350 1403
2895 4 2 1 1 759 785 1301 1306
2896 4 2 1 1 796 1233 795 1383
2897 4 2 1 1 1162 1244 321 1320
2898 4 2 1 1 1171 1347 789 1352
2899 4 2 1 1 798 1173 340 1351
2900 4 2 1 1 609 465 620 1426
2901 4 2 1 1 1237 1246 1160 1418
2902 4 2 1 1 1157 1299 1296 1334
2903 4 2 1 1 472 1335 1256 1440
2904 4 2 1 1 1180 1405 1217 1417
2905 4 2 1 1 1167 1151 1255 1291
2906 4 2 1 1 1224 1365 1179 1391
2907 4 2 1 1 1151 1220 1174 1317
2908 4 2 1 1 568 1252 1199 1361
2909 4 2 1 1 1241 1257 434 1390
2910 4 2 1 1 1181 1254 1341 1405
2911 4 2 1 1 1166 1282 626 1345
2912 4 2 1 1 1142 1386 1235 1406
2913 4 2 1 1 1149 1206 1196 1420
2914 4 2 1 1 1153 1201 1240 1281
2915 4 2 1 1 1226 1326 1252 1368
2916 4 2 1 1 1188 1153 1308 1310
2917 4 2 1 1 1177 1293 866 1444
2918 4 2 1 1 1151 1220 1360 1364
2919 4 2 1 1 318 1282 317 1406
2920 4 2 1 1 500 1198 1355 1432
2921 4 2 1 1 1153 1172 1242 1264
2922 4 2 1 1 694 1279 1206 1409
2923 4 2 1 1 567 560 1234 1343
2924 4 2 1 1 801 1188 803 1351
2925 4 2 1 1 442 1289 1176 1406
2926 4 2 1 1 1153 1240 1183 1374
2927 4 2 1 1 1183 1214 1360 1374
2928 4 2 1 1 1198 1146 1274 1355
2929 4 2 1 1 892 1189 894 1366
2930 4 2 1 1 1244 1266 1194 1457
2931 4 2 1 1 573 869 541 1261
2932 4 2 1 1 1239 1295 622 1325
2933 4 2 1 1 343 1313 1202 1458
2934 4 2 1 1 1162 1193 1353 1398
2935 4 2 1 1 1219 1239 1152 1295
2936 4 2 1 1 1139 1229 1206 1447
2937 4 2 1 1 512 525 1272 1427
2938 4 2 1 1 892 1269 858 1283
2939 4 2 1 1 1146 1385 1182 1392
2940 4 2 1 1 1226 1228 1168 1252
2941 4 2 1 1 413 1305 414 1382
2942 4 2 1 1 1156 1301 1240 1447
2943 4 2 1 1 318 1282 1166 1345
2944 4 2 1 1 1180 1329 1215 1417
2945 4 2 1 1 321 1244 1162 1398
2946 4 2 1 1 472 1215 536 1348
2947 4 2 1 1 1206 1229 1163 1438
2948 4 2 1 1 773 1311 1191 1349
2949 4 2 1 1 1240 1301 1183 1447
2950 4 2 1 1 829 1269 1166 1303
2951 4 2 1 1 788 787 789 1352
2952 4 2 1 1 1177 1287 1154 1298
2953 4 2 1 1 1158 1257 1203 1307
2954 4 2 1 1 442 353 1289 1406
2955 4 2 1 1 442 409 1176 1456
2956 4 2 1 1 1199 563 1361 1371
2957 4 2 1 1 442 1289 338 1333
2958 4 2 1 1 1155 1268 1259 1322
2959 4 2 1 1 652 601 1192 1295
2960 4 2 1 1 780 1285 1200 1310
2961 4 2 1 1 584 549 1184 1446
2962 4 2 1 1 1141 1193 1195 1344
2963 4 2 1 1 767 878 1288 1293
2964 4 2 1 1 1201 1332 311 1451
2965 4 2 1 1 1171 1347 480 1362
2966 4 2 1 1 1181 1299 1187 1407
2967 4 2 1 1 1225 1265 1145 1312
2968 4 2 1 1 622 1295 1239 1426
2969 4 2 1 1 1140 1414 1246 1418
2970 4 2 1 1 1182 1283 1212 1337
2971 4 2 1 1 878 866 1288 1293
2972 4 2 1 1 1141 1194 1237 1453
2973 4 2 1 1 659 613 1181 1299
2974 4 2 1 1 346 350 1241 1289
2975 4 2 1 1 1241 1251 1148 1289
2976 4 2 1 1 1219 1292 1274 1346
2977 4 2 1 1 848 1263 874 1276
2978 4 2 1 1 1259 1268 1136 1315
2979 4 2 1 1 1165 1268 1259 1315
2980 4 2 1 1 1281 1331 1172 1393
2981 4 2 1 1 447 1195 348 1390
2982 4 2 1 1 427 1213 314 1332
2983 4 2 1 1 1185 1154 1249 1411
2984 4 2 1 1 1176 1148 1289 1333
2985 4 2 1 1 762 1178 766 1424
2986 4 2 1 1 1239 1272 525 1427
2987 4 2 1 1 624 1181 1342 1407
2988 4 2 1 1 686 732 1215 1335
2989 4 2 1 1 425 372 1309 1448
2990 4 2 1 1 1186 1143 1365 1404
2991 4 2 1 1 1231 1320 884 1359
2992 4 2 1 1 1150 1184 1290 1375
2993 4 2 1 1 734 1187 1321 1356
2994 4 2 1 1 1212 1283 1269 1337
2995 4 2 1 1 1145 1210 1209 1341
2996 4 2 1 1 525 1239 849 1272
2997 4 2 1 1 1189 1152 1337 1459
2998 4 2 1 1 609 620 1219 1426
2999 4 2 1 1 1153 1240 1214 1281
3000 4 2 1 1 875 828 860 1269
3001 4 2 1 1 568 1199 563 1361
3002 4 2 1 1 1136 1315 1258 1397
3003 4 2 1 1 432 1186 431 1425
3004 4 2 1 1 631 630 1250 1439
3005 4 2 1 1 613 634 1262 1299
3006 4 2 1 1 1225 1145 1265 1361
3007 4 2 1 1 1173 1237 1194 1278
3008 4 2 1 1 1199 570 1357 1394
3009 4 2 1 1 1186 1236 1144 1271
3010 4 2 1 1 1236 1281 1172 1393
3011 4 2 1 1 587 1230 666 1262
3012 4 2 1 1 567 560 547 1234
3013 4 2 1 1 561 1355 1252 1432
3014 4 2 1 1 418 1172 1401 1425
3015 4 2 1 1 780 753 800 1200
3016 4 2 1 1 348 447 405 1195
3017 4 2 1 1 1239 1295 1219 1426
3018 4 2 1 1 1197 1379 1213 1428
3019 4 2 1 1 1146 1182 1259 1392
3020 4 2 1 1 1211 1273 491 1400
3021 4 2 1 1 751 1291 1253 1431
3022 4 2 1 1 1200 1285 780 1291
3023 4 2 1 1 329 1350 336 1403
3024 4 2 1 1 720 724 1218 1260
3025 4 2 1 1 1213 1236 1197 1428
3026 4 2 1 1 1137 1209 1243 1368
3027 4 2 1 1 892 894 1189 1325
3028 4 2 1 1 1136 1258 1205 1344
3029 4 2 1 1 829 1166 1269 1366
3030 4 2 1 1 660 1358 1187 1407
3031 4 2 1 1 858 1283 1212 1284
3032 4 2 1 1 857 1223 1212 1388
3033 4 2 1 1 770 825 1170 1323
3034 4 2 1 1 632 1358 1180 1408
3035 4 2 1 1 597 1282 595 1309
3036 4 2 1 1 539 850 862 1338
3037 4 2 1 1 1150 1246 1190 1268
3038 4 2 1 1 1204 1378 1149 1451
3039 4 2 1 1 1163 1248 1206 1340
3040 4 2 1 1 1191 1170 1349 1409
3041 4 2 1 1 734 1187 678 1321
3042 4 2 1 1 1247 1360 1220 1362
3043 4 2 1 1 1230 1262 587 1299
3044 4 2 1 1 1181 1342 1225 1405
3045 4 2 1 1 630 1312 1210 1439
3046 4 2 1 1 1290 1324 549 1421
3047 4 2 1 1 1142 1251 1182 1392
3048 4 2 1 1 1245 1297 1224 1354
3049 4 2 1 1 1145 1226 1252 1368
3050 4 2 1 1 458 1177 1275 1444
3051 4 2 1 1 428 1188 430 1264
3052 4 2 1 1 632 619 1384 1407
3053 4 2 1 1 1155 1259 1228 1322
3054 4 2 1 1 504 560 1220 1357
3055 4 2 1 1 394 1422 1277 1435
3056 4 2 1 1 1204 1280 1149 1378
3057 4 2 1 1 1143 1208 1226 1410
3058 4 2 1 1 674 1187 660 1358
3059 4 2 1 1 340 798 793 1173
3060 4 2 1 1 632 1180 1358 1407
3061 4 2 1 1 1143 1224 1245 1404
3062 4 2 1 1 504 560 503 1220
3063 4 2 1 1 1190 1246 1150 1415
3064 4 2 1 1 751 765 1253 1291
3065 4 2 1 1 359 358 432 1245
3066 4 2 1 1 792 806 1183 1310
3067 4 2 1 1 1140 1246 1237 1418
3068 4 2 1 1 485 1184 549 1290
3069 4 2 1 1 377 332 376 1380
3070 4 2 1 1 1232 1268 1165 1290
3071 4 2 1 1 865 1327 1275 1423
3072 4 2 1 1 313 1204 374 1313
3073 4 2 1 1 405 1195 1276 1333
3074 4 2 1 1 1188 1310 1308 1434
3075 4 2 1 1 1209 1210 1143 1365
3076 4 2 1 1 876 1388 860 1456
3077 4 2 1 1 770 772 1349 1442
3078 4 2 1 1 401 1313 1201 1451
3079 4 2 1 1 495 1252 561 1355
3080 4 2 1 1 1195 1276 1193 1398
3081 4 2 1 1 1169 1220 1174 1357
3082 4 2 1 1 1139 1367 1214 1437
3083 4 2 1 1 773 1311 821 1347
3084 4 2 1 1 1216 1324 1290 1421
3085 4 2 1 1 336 1350 1278 1403
3086 4 2 1 1 807 1202 805 1434
3087 4 2 1 1 1270 1372 742 1399
3088 4 2 1 1 399 695 1238 1435
3089 4 2 1 1 1299 1334 1157 1356
3090 4 2 1 1 1235 1297 1289 1386
3091 4 2 1 1 1151 1317 1214 1360
3092 4 2 1 1 360 1224 1297 1448
3093 4 2 1 1 1171 1362 480 1364
3094 4 2 1 1 1209 1226 1145 1368
3095 4 2 1 1 692 1229 694 1438
3096 4 2 1 1 372 1297 1235 1448
3097 4 2 1 1 776 752 1267 1270
3098 4 2 1 1 744 742 1372 1399
3099 4 2 1 1 1144 1236 1186 1393
3100 4 2 1 1 1267 1298 1154 1324
3101 4 2 1 1 1168 1208 1439 1445
3102 4 2 1 1 1142 1251 1207 1386
3103 4 2 1 1 418 367 1401 1412
3104 4 2 1 1 1305 1382 413 1391
3105 4 2 1 1 748 743 1294 1328
3106 4 2 1 1 807 759 1202 1306
3107 4 2 1 1 1157 1213 1254 1379
3108 4 2 1 1 568 563 581 1361
3109 4 2 1 1 597 594 595 1282
3110 4 2 1 1 1191 1311 773 1347
3111 4 2 1 1 1229 1247 1163 1330
3112 4 2 1 1 656 895 896 1325
3113 4 2 1 1 394 393 399 1435
3114 4 2 1 1 1215 1335 732 1340
3115 4 2 1 1 1189 1325 894 1366
3116 4 2 1 1 460 543 458 1324
3117 4 2 1 1 598 599 1295 1377
3118 4 2 1 1 804 1310 800 1434
3119 4 2 1 1 759 785 806 1301
3120 4 2 1 1 1208 1429 1207 1436
3121 4 2 1 1 344 1308 343 1434
3122 4 2 1 1 363 1309 1305 1448
3123 4 2 1 1 781 755 1244 1359
3124 4 2 1 1 674 660 1187 1356
3125 4 2 1 1 1316 1375 1205 1411
3126 4 2 1 1 1148 1176 1251 1388
3127 4 2 1 1 892 829 1269 1366
3128 4 2 1 1 635 1210 612 1262
3129 4 2 1 1 832 873 1227 1423
3130 4 2 1 1 827 899 1303 1345
3131 4 2 1 1 493 1253 1343 1443
3132 4 2 1 1 457 1293 1177 1444
3133 4 2 1 1 365 1305 363 1309
3134 4 2 1 1 1137 1172 1281 1331
3135 4 2 1 1 1136 1259 1315 1370
3136 4 2 1 1 1177 1327 1298 1423
3137 4 2 1 1 1154 1267 1177 1298
3138 4 2 1 1 1201 1313 401 1413
3139 4 2 1 1 576 1198 1274 1355
3140 4 2 1 1 1154 1177 1267 1287
3141 4 2 1 1 1159 1251 1241 1289
3142 4 2 1 1 734 674 1187 1356
3143 4 2 1 1 1170 1323 1183 1447
3144 4 2 1 1 617 624 1225 1384
3145 4 2 1 1 346 350 347 1241
3146 4 2 1 1 526 664 879 1239
3147 4 2 1 1 715 714 702 1416
3148 4 2 1 1 541 1261 1227 1419
3149 4 2 1 1 643 657 656 1325
3150 4 2 1 1 896 879 656 1239
3151 4 2 1 1 594 593 595 1282
3152 4 2 1 1 1146 1259 1228 1410
3153 4 2 1 1 1141 1266 1178 1316
3154 4 2 1 1 857 1212 1223 1284
3155 4 2 1 1 528 1180 1329 1348
3156 4 2 1 1 1189 1142 1269 1337
3157 4 2 1 1 531 1215 472 1348
3158 4 2 1 1 1179 1144 1271 1365
3159 4 2 1 1 1215 1302 705 1348
3160 4 2 1 1 430 1350 410 1401
3161 4 2 1 1 1301 1306 785 1452
3162 4 2 1 1 1181 1254 1144 1341
3163 4 2 1 1 483 491 1273 1400
3164 4 2 1 1 430 1264 1350 1401
3165 4 2 1 1 1243 1341 1209 1393
3166 4 2 1 1 1167 1270 1216 1372
3167 4 2 1 1 495 1252 1228 1326
3168 4 2 1 1 1143 1245 1224 1354
3169 4 2 1 1 712 1277 648 1356
3170 4 2 1 1 744 1372 477 1399
3171 4 2 1 1 428 1188 1264 1308
3172 4 2 1 1 377 1204 699 1380
3173 4 2 1 1 659 1181 613 1407
3174 4 2 1 1 1155 1228 1226 1326
3175 4 2 1 1 1186 1271 431 1425
3176 4 2 1 1 482 1362 1220 1364
3177 4 2 1 1 531 472 536 1348
3178 4 2 1 1 762 1231 1178 1424
3179 4 2 1 1 739 767 878 888
3180 4 2 1 1 643 1239 622 1325
3181 4 2 1 1 813 724 812 1218
3182 4 2 1 1 1276 1353 1193 1398
3183 4 2 1 1 782 779 778 1249
3184 4 2 1 1 793 784 1194 1294
3185 4 2 1 1 1154 1270 1267 1399
3186 4 2 1 1 792 1183 787 1285
3187 4 2 1 1 1233 1237 1185 1294
3188 4 2 1 1 1181 659 1299 1407
3189 4 2 1 1 1152 1189 1295 1325
3190 4 2 1 1 509 1219 510 1292
3191 4 2 1 1 1210 1262 1179 1365
3192 4 2 1 1 336 446 1278 1350
3193 4 2 1 1 1173 1237 1233 1294
3194 4 2 1 1 451 472 552 1256
3195 4 2 1 1 351 1289 354 1297
3196 4 2 1 1 376 1218 370 1306
3197 4 2 1 1 1199 1326 570 1394
3198 4 2 1 1 1150 1290 1216 1375
3199 4 2 1 1 1139 1240 1183 1447
3200 4 2 1 1 1181 1254 1187 1299
3201 4 2 1 1 1187 1254 1157 1299
3202 4 2 1 1 1136 1258 1344 1369
3203 4 2 1 1 1300 1353 1193 1387
3204 4 2 1 1 1138 1217 1405 1417
3205 4 2 1 1 664 656 879 1239
3206 4 2 1 1 507 821 1311 1347
3207 4 2 1 1 1137 1243 1363 1368
3208 4 2 1 1 1138 1215 1302 1340
3209 4 2 1 1 731 691 679 1340
3210 4 2 1 1 1259 1392 1207 1410
3211 4 2 1 1 317 1282 1235 1406
3212 4 2 1 1 1187 1254 1196 1321
3213 4 2 1 1 1204 1313 313 1451
3214 4 2 1 1 1217 1225 544 1361
3215 4 2 1 1 866 855 1288 1327
3216 4 2 1 1 602 667 604 1265
3217 4 2 1 1 531 1329 1215 1348
3218 4 2 1 1 866 865 845 1327
3219 4 2 1 1 652 1295 1189 1325
3220 4 2 1 1 624 614 1225 1342
3221 4 2 1 1 1190 1137 1242 1317
3222 4 2 1 1 1200 1140 1389 1450
3223 4 2 1 1 1166 1221 1189 1366
3224 4 2 1 1 1235 1164 1309 1448
3225 4 2 1 1 770 1323 1170 1349
3226 4 2 1 1 883 1231 884 1359
3227 4 2 1 1 517 1275 458 1446
3228 4 2 1 1 1258 1344 1193 1373
3229 4 2 1 1 348 1333 1241 1390
3230 4 2 1 1 531 472 1215 1329
3231 4 2 1 1 344 343 400 1434
3232 4 2 1 1 376 370 374 1306
3233 4 2 1 1 1144 1262 1181 1341
3234 4 2 1 1 441 414 1305 1382
3235 4 2 1 1 1148 1251 1241 1369
3236 4 2 1 1 1199 1252 568 1326
3237 4 2 1 1 871 1284 1261 1338
3238 4 2 1 1 1207 1222 1143 1354
3239 4 2 1 1 782 778 762 1266
3240 4 2 1 1 1178 1266 1249 1316
3241 4 2 1 1 536 1215 472 1335
3242 4 2 1 1 401 1201 311 1451
3243 4 2 1 1 1139 1206 1437 1447
3244 4 2 1 1 1140 1255 1190 1450
3245 4 2 1 1 1181 1262 613 1342
3246 4 2 1 1 1183 1240 1214 1374
3247 4 2 1 1 682 333 399 1238
3248 4 2 1 1 1177 1298 1275 1423
3249 4 2 1 1 426 431 1271 1425
3250 4 2 1 1 756 782 1266 1457
3251 4 2 1 1 348 405 339 1333
3252 4 2 1 1 1167 1328 1270 1372
3253 4 2 1 1 1137 1331 1281 1393
3254 4 2 1 1 634 587 1262 1299
3255 4 2 1 1 528 1384 1180 1408
3256 4 2 1 1 1140 1190 1414 1450
3257 4 2 1 1 770 1349 1170 1442
3258 4 2 1 1 874 436 404 1276
3259 4 2 1 1 1235 1282 1166 1406
3260 4 2 1 1 1153 1214 1240 1374
3261 4 2 1 1 1172 1389 1264 1401
3262 4 2 1 1 1247 1330 1229 1433
3263 4 2 1 1 1220 1247 1169 1360
3264 4 2 1 1 1169 1363 1243 1371
3265 4 2 1 1 1212 1182 1251 1397
3266 4 2 1 1 1147 1258 1223 1396
3267 4 2 1 1 598 599 621 1295
3268 4 2 1 1 1267 1270 752 1399
3269 4 2 1 1 512 453 525 1427
3270 4 2 1 1 399 393 695 1435
3271 4 2 1 1 782 762 781 1266
3272 4 2 1 1 1241 1251 1159 1369
3273 4 2 1 1 394 1277 393 1435
3274 4 2 1 1 523 522 521 1225
3275 4 2 1 1 884 1320 897 1359
3276 4 2 1 1 475 1261 575 1419
3277 4 2 1 1 474 475 575 1419
3278 4 2 1 1 615 587 666 1262
3279 4 2 1 1 1175 1147 1273 1370
3280 4 2 1 1 659 634 613 1299
3281 4 2 1 1 561 1252 550 1432
3282 4 2 1 1 1243 1363 1199 1371
3283 4 2 1 1 344 429 428 1308
3284 4 2 1 1 468 1232 489 1290
3285 4 2 1 1 1160 1339 1344 1369
3286 4 2 1 1 1161 1300 1193 1387
3287 4 2 1 1 458 457 1177 1444
3288 4 2 1 1 475 1273 1261 1419
3289 4 2 1 1 1376 1437 1206 1447
3290 4 2 1 1 1377 1439 1208 1445
3291 4 2 1 1 439 1297 372 1448
3292 4 2 1 1 612 1262 1210 1342
3293 4 2 1 1 1201 1413 1153 1458
3294 4 2 1 1 643 656 1239 1325
3295 4 2 1 1 1172 1158 1307 1331
3296 4 2 1 1 1228 1274 1146 1355
3297 4 2 1 1 411 349 1245 1257
3298 4 2 1 1 472 1256 451 1440
3299 4 2 1 1 493 1253 565 1343
3300 4 2 1 1 1195 1241 1148 1333
3301 4 2 1 1 892 893 1325 1459
3302 4 2 1 1 1139 1360 1214 1367
3303 4 2 1 1 698 1218 332 1380
3304 4 2 1 1 803 1351 1188 1383
3305 4 2 1 1 658 668 652 1295
3306 4 2 1 1 1158 1307 1203 1401
3307 4 2 1 1 811 1183 806 1301
3308 4 2 1 1 632 1384 619 1408
3309 4 2 1 1 1199 1361 1217 1371
3310 4 2 1 1 648 1277 647 1356
3311 4 2 1 1 787 1183 811 1323
3312 4 2 1 1 445 1201 401 1413
3313 4 2 1 1 441 1305 592 1382
3314 4 2 1 1 784 779 782 1249
3315 4 2 1 1 848 1263 1276 1318
3316 4 2 1 1 1161 1298 1327 1423
3317 4 2 1 1 1149 1378 1332 1451
3318 4 2 1 1 620 598 621 1219
3319 4 2 1 1 691 1420 1340 1438
3320 4 2 1 1 365 650 1305 1309
3321 4 2 1 1 1195 1148 1276 1333
3322 4 2 1 1 1202 1308 343 1458
3323 4 2 1 1 811 1301 825 1323
3324 4 2 1 1 1172 1412 1281 1428
3325 4 2 1 1 1136 1369 1251 1397
3326 4 2 1 1 555 1174 1357 1394
3327 4 2 1 1 497 1228 495 1355
3328 4 2 1 1 1184 549 1290 1324
3329 4 2 1 1 351 422 349 1297
3330 4 2 1 1 1241 1333 1195 1390
3331 4 2 1 1 411 1257 1245 1307
3332 4 2 1 1 1172 1281 1236 1428
3333 4 2 1 1 543 1298 1324 1446
3334 4 2 1 1 795 796 794 1233
3335 4 2 1 1 1165 1268 1232 1322
3336 4 2 1 1 1151 1360 1214 1374
3337 4 2 1 1 751 750 765 1291
3338 4 2 1 1 812 724 725 1260
3339 4 2 1 1 1172 1236 1412 1428
3340 4 2 1 1 759 805 807 1202
3341 4 2 1 1 510 1292 1219 1427
3342 4 2 1 1 384 1230 1271 1382
3343 4 2 1 1 875 1212 858 1269
3344 4 2 1 1 1138 1405 1254 1417
3345 4 2 1 1 378 701 699 1416
3346 4 2 1 1 1147 1261 1227 1319
3347 4 2 1 1 778 1287 768 1288
3348 4 2 1 1 1191 1381 513 1433
3349 4 2 1 1 1245 1354 1143 1404
3350 4 2 1 1 544 535 1225 1384
3351 4 2 1 1 418 367 423 1401
3352 4 2 1 1 384 1230 407 1271
3353 4 2 1 1 832 1227 1319 1423
3354 4 2 1 1 678 734 674 1187
3355 4 2 1 1 1167 1372 1216 1443
3356 4 2 1 1 431 1271 1186 1391
3357 4 2 1 1 720 725 724 1260
3358 4 2 1 1 1151 1285 1253 1352
3359 4 2 1 1 1265 1432 1168 1445
3360 4 2 1 1 1242 1264 1172 1389
3361 4 2 1 1 874 848 846 1263
3362 4 2 1 1 583 1421 1216 1443
3363 4 2 1 1 831 1284 1223 1319
3364 4 2 1 1 1174 1169 1357 1363
3365 4 2 1 1 539 1272 850 1338
3366 4 2 1 1 795 1173 1351 1383
3367 4 2 1 1 1211 1274 558 1292
3368 4 2 1 1 1191 1311 513 1381
3369 4 2 1 1 605 1432 1265 1445
3370 4 2 1 1 354 442 353 1289
3371 4 2 1 1 1138 1217 1243 1405
3372 4 2 1 1 1139 1214 1240 1437
3373 4 2 1 1 1155 1326 1226 1368
3374 4 2 1 1 618 1225 523 1384
3375 4 2 1 1 1150 1268 1232 1290
3376 4 2 1 1 1150 1246 1205 1415
3377 4 2 1 1 1217 1243 1199 1371
3378 4 2 1 1 1180 1215 1302 1417
3379 4 2 1 1 462 822 519 1293
3380 4 2 1 1 434 347 1241 1390
3381 4 2 1 1 340 446 357 1173
3382 4 2 1 1 570 1199 568 1326
3383 4 2 1 1 624 613 1181 1407
3384 4 2 1 1 778 768 766 1288
3385 4 2 1 1 1183 1285 792 1310
3386 4 2 1 1 622 1219 1295 1426
3387 4 2 1 1 1253 1285 1151 1291
3388 4 2 1 1 512 849 850 1272
3389 4 2 1 1 1185 1375 1154 1411
3390 4 2 1 1 1201 1153 1240 1458
3391 4 2 1 1 1147 1315 1184 1336
3392 4 2 1 1 357 1173 1350 1351
3393 4 2 1 1 1170 1323 1191 1349
3394 4 2 1 1 692 694 1229 1409
3395 4 2 1 1 1401 1412 367 1413
3396 4 2 1 1 631 1250 636 1455
3397 4 2 1 1 556 1199 570 1357
3398 4 2 1 1 1145 1199 1252 1361
3399 4 2 1 1 773 821 791 1347
3400 4 2 1 1 434 1390 1257 1403
3401 4 2 1 1 1147 1223 1319 1396
3402 4 2 1 1 891 1424 1300 1430
3403 4 2 1 1 831 1261 1284 1319
3404 4 2 1 1 679 1196 677 1340
3405 4 2 1 1 496 495 1228 1326
3406 4 2 1 1 635 615 666 1262
3407 4 2 1 1 1237 1160 1344 1453
3408 4 2 1 1 1150 1190 1255 1441
3409 4 2 1 1 642 635 666 1382
3410 4 2 1 1 1203 410 1350 1401
3411 4 2 1 1 1190 1150 1255 1415
3412 4 2 1 1 1222 1143 1354 1404
3413 4 2 1 1 1165 1259 1211 1370
3414 4 2 1 1 652 654 653 1189
3415 4 2 1 1 1138 1302 1196 1340
3416 4 2 1 1 1141 1314 1194 1453
3417 4 2 1 1 1179 1382 1305 1391
3418 4 2 1 1 691 679 1340 1420
3419 4 2 1 1 658 622 1295 1325
3420 4 2 1 1 549 1324 1184 1446
3421 4 2 1 1 371 372 373 1282
3422 4 2 1 1 390 395 403 1218
3423 4 2 1 1 1163 1340 1206 1438
3424 4 2 1 1 831 832 1261 1319
3425 4 2 1 1 1161 1373 1316 1396
3426 4 2 1 1 1176 1289 1251 1386
3427 4 2 1 1 1144 1186 1365 1393
3428 4 2 1 1 1197 1149 1379 1428
3429 4 2 1 1 1225 1312 1145 1342
3430 4 2 1 1 1137 1304 1209 1368
3431 4 2 1 1 1183 1310 1153 1374
3432 4 2 1 1 467 1290 549 1421
3433 4 2 1 1 1144 1197 1236 1393
3434 4 2 1 1 1176 409 1406 1456
3435 4 2 1 1 1165 1315 1259 1370
3436 4 2 1 1 318 327 1282 1345
3437 4 2 1 1 865 844 1327 1423
3438 4 2 1 1 1253 1352 481 1364
3439 4 2 1 1 892 875 858 1269
3440 4 2 1 1 1230 1299 587 1334
3441 4 2 1 1 686 1215 697 1335
3442 4 2 1 1 351 354 421 1297
3443 4 2 1 1 649 712 648 1356
3444 4 2 1 1 601 1221 1192 1286
3445 4 2 1 1 447 1314 1195 1390
3446 4 2 1 1 816 390 1218 1306
3447 4 2 1 1 525 526 879 1239
3448 4 2 1 1 1141 1195 1314 1453
3449 4 2 1 1 416 314 427 1213
3450 4 2 1 1 1195 1344 1241 1390
3451 4 2 1 1 1241 1344 1160 1390
3452 4 2 1 1 318 373 317 1282
3453 4 2 1 1 493 1431 1253 1443
3454 4 2 1 1 1145 1199 1243 1368
3455 4 2 1 1 407 1271 1230 1296
3456 4 2 1 1 715 1395 714 1416
3457 4 2 1 1 1137 1243 1197 1367
3458 4 2 1 1 678 1187 675 1302
3459 4 2 1 1 417 1307 437 1401
3460 4 2 1 1 558 1211 488 1274
3461 4 2 1 1 646 631 1286 1377
3462 4 2 1 1 1172 1201 1281 1412
3463 4 2 1 1 1139 1248 1367 1437
3464 4 2 1 1 678 1187 1302 1321
3465 4 2 1 1 1141 1249 1266 1316
3466 4 2 1 1 1222 1354 1207 1402
3467 4 2 1 1 1193 1344 1141 1373
3468 4 2 1 1 1180 1348 528 1408
3469 4 2 1 1 1207 1402 1259 1410
3470 4 2 1 1 832 869 842 1261
3471 4 2 1 1 599 1192 601 1295
3472 4 2 1 1 675 1302 1187 1358
3473 4 2 1 1 1354 1386 1164 1429
3474 4 2 1 1 691 694 718 1206
3475 4 2 1 1 816 813 760 1218
3476 4 2 1 1 481 802 790 1352
3477 4 2 1 1 494 1431 498 1443
3478 4 2 1 1 612 1210 1312 1342
3479 4 2 1 1 874 404 877 1276
3480 4 2 1 1 1137 1197 1243 1393
3481 4 2 1 1 1254 1405 1181 1417
3482 4 2 1 1 1147 1284 1261 1319
3483 4 2 1 1 1232 1268 1155 1322
3484 4 2 1 1 1184 1147 1336 1419
3485 4 2 1 1 656 657 895 1325
3486 4 2 1 1 1252 1265 1145 1361
3487 4 2 1 1 1212 1269 1142 1337
3488 4 2 1 1 1146 1274 1211 1346
3489 4 2 1 1 432 433 1307 1425
3490 4 2 1 1 624 614 617 1225
3491 4 2 1 1 798 795 793 1173
3492 4 2 1 1 1151 1352 1253 1364
3493 4 2 1 1 1165 1290 1184 1336
3494 4 2 1 1 327 626 1282 1345
3495 4 2 1 1 1136 1258 1369 1397
3496 4 2 1 1 803 799 1351 1383
3497 4 2 1 1 624 1181 613 1342
3498 4 2 1 1 426 444 407 1271
3499 4 2 1 1 377 378 699 1204
3500 4 2 1 1 1145 1252 1199 1368
3501 4 2 1 1 1163 1256 1215 1335
3502 4 2 1 1 1143 1222 1207 1410
3503 4 2 1 1 1195 1314 447 1398
3504 4 2 1 1 1146 1346 1211 1385
3505 4 2 1 1 356 1350 1188 1351
3506 4 2 1 1 426 1271 407 1296
3507 4 2 1 1 1170 1301 1183 1323
3508 4 2 1 1 778 766 762 1178
3509 4 2 1 1 1170 1183 1301 1447
3510 4 2 1 1 1193 1276 1148 1318
3511 4 2 1 1 384 1382 1271 1391
3512 4 2 1 1 1141 1344 1237 1411
3513 4 2 1 1 442 438 409 1456
3514 4 2 1 1 1141 1237 1344 1453
3515 4 2 1 1 329 1203 355 1350
3516 4 2 1 1 1209 1331 1186 1404
3517 4 2 1 1 1154 1185 1270 1375
3518 4 2 1 1 1175 1292 1272 1385
3519 4 2 1 1 1208 1286 631 1377
3520 4 2 1 1 1145 1265 1252 1312
3521 4 2 1 1 1143 1250 1208 1436
3522 4 2 1 1 661 894 1325 1366
3523 4 2 1 1 779 741 776 1287
3524 4 2 1 1 1140 1237 1246 1415
3525 4 2 1 1 793 1173 794 1294
3526 4 2 1 1 622 1219 621 1295
3527 4 2 1 1 1177 1275 1327 1423
3528 4 2 1 1 451 1256 564 1440
3529 4 2 1 1 1147 1315 1370 1397
3530 4 2 1 1 1242 1389 1140 1450
3531 4 2 1 1 515 690 1330 1381
3532 4 2 1 1 1281 1412 1201 1428
3533 4 2 1 1 559 1274 1228 1355
3534 4 2 1 1 1190 1317 1255 1441
3535 4 2 1 1 373 1235 317 1282
3536 4 2 1 1 410 430 355 1350
3537 4 2 1 1 1217 1361 563 1371
3538 4 2 1 1 1190 1174 1317 1441
3539 4 2 1 1 1143 1208 1410 1436
3540 4 2 1 1 718 691 1206 1420
3541 4 2 1 1 890 891 1231 1424
3542 4 2 1 1 494 1372 477 1431
3543 4 2 1 1 1283 1337 1182 1385
3544 4 2 1 1 337 1276 1263 1333
3545 4 2 1 1 377 699 698 1380
3546 4 2 1 1 834 860 828 1456
3547 4 2 1 1 485 1184 1336 1446
3548 4 2 1 1 1157 1334 1277 1356
3549 4 2 1 1 329 410 355 1203
3550 4 2 1 1 876 1263 1388 1456
3551 4 2 1 1 1140 1190 1255 1415
3552 4 2 1 1 881 889 880 1424
3553 4 2 1 1 559 496 1228 1322
3554 4 2 1 1 1207 1386 1354 1429
3555 4 2 1 1 1162 1320 321 1398
3556 4 2 1 1 1155 1226 1222 1304
3557 4 2 1 1 1182 1337 1142 1392
3558 4 2 1 1 1175 1273 1211 1370
3559 4 2 1 1 1286 1429 1208 1436
3560 4 2 1 1 1138 1256 1217 1329
3561 4 2 1 1 1207 1386 1251 1402
3562 4 2 1 1 734 1321 683 1356
3563 4 2 1 1 1155 1222 1226 1410
3564 4 2 1 1 1272 1292 1152 1385
3565 4 2 1 1 1203 1257 1160 1403
3566 4 2 1 1 836 1318 848 1353
3567 4 2 1 1 460 1324 1267 1399
3568 4 2 1 1 675 704 1348 1358
3569 4 2 1 1 507 791 821 1347
3570 4 2 1 1 1225 1342 1145 1405
3571 4 2 1 1 620 621 609 1219
3572 4 2 1 1 884 901 1320 1430
3573 4 2 1 1 510 508 465 1219
3574 4 2 1 1 1186 1271 1144 1365
3575 4 2 1 1 1202 1308 1153 1310
3576 4 2 1 1 1163 1256 1335 1440
3577 4 2 1 1 423 1401 367 1413
3578 4 2 1 1 1187 1299 1157 1356
3579 4 2 1 1 1161 1327 1300 1387
3580 4 2 1 1 1184 1315 1165 1336
3581 4 2 1 1 1139 1206 1248 1437
3582 4 2 1 1 601 1192 599 1377
3583 4 2 1 1 713 1277 712 1356
3584 4 2 1 1 768 1288 1287 1454
3585 4 2 1 1 630 635 636 1250
3586 4 2 1 1 695 682 399 1238
3587 4 2 1 1 353 354 1289 1406
3588 4 2 1 1 472 451 449 1440
3589 4 2 1 1 1288 1327 855 1424
3590 4 2 1 1 1147 1223 1258 1397
3591 4 2 1 1 1137 1243 1209 1393
3592 4 2 1 1 879 849 525 1239
3593 4 2 1 1 1136 1259 1222 1268
3594 4 2 1 1 580 1252 568 1361
3595 4 2 1 1 1147 1261 1175 1273
3596 4 2 1 1 1174 1155 1394 1441
3597 4 2 1 1 1152 1295 1239 1325
3598 4 2 1 1 391 1334 1277 1422
3599 4 2 1 1 1152 1239 1219 1427
3600 4 2 1 1 1186 1331 1209 1393
3601 4 2 1 1 1176 1263 1148 1333
3602 4 2 1 1 1191 1323 1171 1347
3603 4 2 1 1 1140 1414 1242 1450
3604 4 2 1 1 559 486 496 1322
3605 4 2 1 1 472 449 1335 1440
3606 4 2 1 1 568 570 556 1199
3607 4 2 1 1 531 552 472 1329
3608 4 2 1 1 1186 1365 1209 1404
3609 4 2 1 1 1216 1270 1185 1375
3610 4 2 1 1 445 311 401 1201
3611 4 2 1 1 346 1241 347 1333
3612 4 2 1 1 612 1210 630 1312
3613 4 2 1 1 339 346 347 1333
3614 4 2 1 1 1236 1271 1186 1425
3615 4 2 1 1 503 1220 1343 1364
3616 4 2 1 1 1159 1257 1241 1339
3617 4 2 1 1 1138 1302 1215 1417
3618 4 2 1 1 1147 1184 1396 1419
3619 4 2 1 1 1209 1243 1145 1341
3620 4 2 1 1 726 1302 1215 1340
3621 4 2 1 1 1145 1243 1209 1368
3622 4 2 1 1 541 474 1261 1419
3623 4 2 1 1 325 382 757 1359
3624 4 2 1 1 538 1247 482 1362
3625 4 2 1 1 605 1312 603 1439
3626 4 2 1 1 330 1278 1390 1403
3627 4 2 1 1 848 1318 1276 1353
3628 4 2 1 1 1208 1377 631 1439
3629 4 2 1 1 1202 1306 1156 1313
3630 4 2 1 1 649 648 647 1356
3631 4 2 1 1 1150 1255 1234 1441
3632 4 2 1 1 716 1330 708 1438
3633 4 2 1 1 593 1286 606 1455
3634 4 2 1 1 562 500 1198 1355
3635 4 2 1 1 442 346 338 1289
3636 4 2 1 1 884 1320 1231 1430
3637 4 2 1 1 588 647 586 1334
3638 4 2 1 1 781 1244 1231 1359
3639 4 2 1 1 512 850 539 1272
3640 4 2 1 1 378 699 1204 1416
3641 4 2 1 1 1242 1414 1190 1450
3642 4 2 1 1 1147 1370 1182 1397
3643 4 2 1 1 658 643 622 1325
3644 4 2 1 1 547 574 554 1394
3645 4 2 1 1 1153 1188 1264 1389
3646 4 2 1 1 1148 1241 1289 1333
3647 4 2 1 1 886 1345 885 1366
3648 4 2 1 1 322 1398 1320 1449
3649 4 2 1 1 718 1206 694 1395
3650 4 2 1 1 730 1279 1260 1380
3651 4 2 1 1 663 1250 590 1305
3652 4 2 1 1 1140 1200 1255 1450
3653 4 2 1 1 607 632 619 1408
3654 4 2 1 1 1234 1343 1167 1443
3655 4 2 1 1 550 1252 580 1361
3656 4 2 1 1 779 1249 784 1294
3657 4 2 1 1 847 1318 857 1388
3658 4 2 1 1 745 749 499 1431
3659 4 2 1 1 759 806 805 1202
3660 4 2 1 1 1206 1279 694 1395
3661 4 2 1 1 543 458 1298 1446
3662 4 2 1 1 482 538 582 1247
3663 4 2 1 1 1241 1159 1339 1369
3664 4 2 1 1 382 1244 757 1359
3665 4 2 1 1 731 679 677 1340
3666 4 2 1 1 545 528 535 1384
3667 4 2 1 1 675 1187 674 1358
3668 4 2 1 1 824 770 773 1323
3669 4 2 1 1 660 588 1299 1356
3670 4 2 1 1 1235 1386 1289 1406
3671 4 2 1 1 457 462 519 1293
3672 4 2 1 1 1140 1414 1190 1415
3673 4 2 1 1 1174 1199 1357 1394
3674 4 2 1 1 761 889 881 1424
3675 4 2 1 1 874 877 848 1276
3676 4 2 1 1 811 1183 1301 1323
3677 4 2 1 1 624 659 613 1407
3678 4 2 1 1 1302 1358 1180 1417
3679 4 2 1 1 882 883 763 1231
3680 4 2 1 1 1213 1332 1236 1428
3681 4 2 1 1 1153 1374 1200 1450
3682 4 2 1 1 511 1191 513 1433
3683 4 2 1 1 1175 1370 1211 1385
3684 4 2 1 1 1189 1269 1166 1366
3685 4 2 1 1 333 335 1238 1378
3686 4 2 1 1 1138 1215 1256 1329
3687 4 2 1 1 638 1198 637 1445
3688 4 2 1 1 491 1211 558 1292
3689 4 2 1 1 586 587 1299 1334
3690 4 2 1 1 1144 1230 1271 1296
3691 4 2 1 1 1251 1388 1212 1397
3692 4 2 1 1 483 491 579 1273
3693 4 2 1 1 329 417 1203 1403
3694 4 2 1 1 778 1249 779 1287
3695 4 2 1 1 1240 1313 1156 1451
3696 4 2 1 1 1249 1287 1178 1316
3697 4 2 1 1 1264 1389 1350 1401
3698 4 2 1 1 645 1345 886 1366
3699 4 2 1 1 452 1272 539 1338
3700 4 2 1 1 585 386 1230 1334
3701 4 2 1 1 1167 1343 1253 1443
3702 4 2 1 1 372 1235 373 1282
3703 4 2 1 1 560 555 574 1394
3704 4 2 1 1 581 580 568 1361
3705 4 2 1 1 827 899 867 1303
3706 4 2 1 1 1227 1396 1184 1419
3707 4 2 1 1 555 1357 570 1394
3708 4 2 1 1 1198 1346 1146 1377
3709 4 2 1 1 517 1227 524 1275
3710 4 2 1 1 1147 1258 1315 1397
3711 4 2 1 1 1252 1265 550 1432
3712 4 2 1 1 687 1238 680 1280
3713 4 2 1 1 1154 1375 1316 1411
3714 4 2 1 1 343 345 1313 1458
3715 4 2 1 1 1350 1403 1203 1418
3716 4 2 1 1 1236 1172 1331 1393
3717 4 2 1 1 882 884 883 1231
3718 4 2 1 1 1242 1317 1214 1450
3719 4 2 1 1 1209 1365 1186 1393
3720 4 2 1 1 1142 1192 1221 1429
3721 4 2 1 1 845 865 844 1327
3722 4 2 1 1 682 680 687 1238
3723 4 2 1 1 329 355 336 1350
3724 4 2 1 1 418 1401 1307 1425
3725 4 2 1 1 398 1296 1230 1334
3726 4 2 1 1 365 650 591 1305
3727 4 2 1 1 417 411 437 1307
3728 4 2 1 1 377 698 332 1380
3729 4 2 1 1 340 1173 357 1351
3730 4 2 1 1 792 806 811 1183
3731 4 2 1 1 495 550 561 1252
3732 4 2 1 1 857 858 1212 1284
3733 4 2 1 1 601 1286 1192 1377
3734 4 2 1 1 813 1218 812 1452
3735 4 2 1 1 1164 1354 1297 1386
3736 4 2 1 1 834 876 860 1456
3737 4 2 1 1 1152 1189 1325 1459
3738 4 2 1 1 1159 1297 1245 1354
3739 4 2 1 1 1155 1190 1268 1441
3740 4 2 1 1 1155 1222 1259 1268
3741 4 2 1 1 509 558 1274 1292
3742 4 2 1 1 1155 1259 1222 1410
3743 4 2 1 1 1224 1448 1305 1455
3744 4 2 1 1 816 1218 760 1306
3745 4 2 1 1 678 674 675 1187
3746 4 2 1 1 717 1279 730 1380
3747 4 2 1 1 414 413 424 1305
3748 4 2 1 1 311 1201 445 1332
3749 4 2 1 1 789 1323 824 1347
3750 4 2 1 1 1289 1386 1176 1406
3751 4 2 1 1 1168 1252 1355 1432
3752 4 2 1 1 550 1265 1252 1361
3753 4 2 1 1 496 1228 1322 1326
3754 4 2 1 1 322 321 1320 1398
3755 4 2 1 1 494 1421 583 1443
3756 4 2 1 1 1164 1235 1221 1429
3757 4 2 1 1 410 329 417 1203
3758 4 2 1 1 346 1289 1241 1333
3759 4 2 1 1 1156 1279 1260 1447
3760 4 2 1 1 526 1239 464 1426
3761 4 2 1 1 1274 1292 1211 1346
3762 4 2 1 1 335 399 333 1238
3763 4 2 1 1 1156 1313 1204 1451
3764 4 2 1 1 346 338 1289 1333
3765 4 2 1 1 1260 1279 1170 1447
3766 4 2 1 1 883 884 897 1359
3767 4 2 1 1 519 461 456 1267
3768 4 2 1 1 481 537 480 1364
3769 4 2 1 1 634 587 615 1262
3770 4 2 1 1 1137 1363 1304 1368
3771 4 2 1 1 488 487 486 1400
3772 4 2 1 1 710 1381 1349 1409
3773 4 2 1 1 496 1322 548 1326
3774 4 2 1 1 723 1229 1381 1409
3775 4 2 1 1 1218 1260 812 1452
3776 4 2 1 1 557 543 460 1324
3777 4 2 1 1 1167 1421 1234 1443
3778 4 2 1 1 679 676 677 1196
3779 4 2 1 1 691 1340 731 1438
3780 4 2 1 1 425 439 372 1448
3781 4 2 1 1 1224 1250 1164 1455
3782 4 2 1 1 1210 1341 1262 1365
3783 4 2 1 1 805 1202 806 1434
3784 4 2 1 1 1147 1184 1315 1396
3785 4 2 1 1 793 795 794 1173
3786 4 2 1 1 445 1332 1201 1412
3787 4 2 1 1 776 741 752 1270
3788 4 2 1 1 336 357 446 1350
3789 4 2 1 1 556 563 1199 1371
3790 4 2 1 1 1196 1302 677 1340
3791 4 2 1 1 1147 1315 1336 1370
3792 4 2 1 1 1184 1154 1324 1375
3793 4 2 1 1 1167 1291 1255 1328
3794 4 2 1 1 1150 1268 1190 1441
3795 4 2 1 1 713 1277 1356 1435
3796 4 2 1 1 1168 1252 1228 1355
3797 4 2 1 1 408 1296 1334 1422
3798 4 2 1 1 1143 1226 1222 1410
3799 4 2 1 1 405 1276 1195 1398
3800 4 2 1 1 423 1264 1401 1413
3801 4 2 1 1 582 504 1220 1357
3802 4 2 1 1 507 1347 1191 1362
3803 4 2 1 1 1200 1151 1285 1291
3804 4 2 1 1 1157 1238 1213 1379
3805 4 2 1 1 695 393 727 1435
3806 4 2 1 1 454 490 1292 1427
3807 4 2 1 1 618 523 608 1384
3808 4 2 1 1 497 496 495 1228
3809 4 2 1 1 326 1194 809 1457
3810 4 2 1 1 1145 1361 1225 1405
3811 4 2 1 1 1285 1291 1253 1352
3812 4 2 1 1 1175 1261 1147 1284
3813 4 2 1 1 769 1293 1288 1454
3814 4 2 1 1 1231 1244 1162 1320
3815 4 2 1 1 470 685 697 1335
3816 4 2 1 1 458 1275 459 1444
3817 4 2 1 1 856 1327 1300 1424
3818 4 2 1 1 405 1195 447 1398
3819 4 2 1 1 318 317 316 1406
3820 4 2 1 1 415 1378 1213 1422
3821 4 2 1 1 1261 1284 1175 1338
3822 4 2 1 1 891 1231 1424 1430
3823 4 2 1 1 1206 1395 718 1420
3824 4 2 1 1 488 1211 491 1400
3825 4 2 1 1 548 1326 1322 1394
3826 4 2 1 1 1235 1297 1164 1448
3827 4 2 1 1 1234 1394 1232 1441
3828 4 2 1 1 1192 1286 1208 1377
3829 4 2 1 1 432 411 1245 1307
3830 4 2 1 1 510 509 508 1219
3831 4 2 1 1 405 1276 337 1333
3832 4 2 1 1 1260 1301 1170 1442
3833 4 2 1 1 1201 1313 1413 1458
3834 4 2 1 1 411 352 349 1257
3835 4 2 1 1 596 328 626 1282
3836 4 2 1 1 1187 1157 1254 1321
3837 4 2 1 1 1227 1261 1147 1419
3838 4 2 1 1 429 356 1188 1351
3839 4 2 1 1 1245 1257 1158 1307
3840 4 2 1 1 627 593 594 1282
3841 4 2 1 1 487 489 1322 1400
3842 4 2 1 1 819 1231 883 1359
3843 4 2 1 1 1350 1389 1203 1401
3844 4 2 1 1 807 808 400 1434
3845 4 2 1 1 563 568 556 1199
3846 4 2 1 1 1148 1388 1251 1397
3847 4 2 1 1 482 480 1362 1364
3848 4 2 1 1 1244 1320 1231 1359
3849 4 2 1 1 726 705 1215 1302
3850 4 2 1 1 507 513 1191 1311
3851 4 2 1 1 410 355 1203 1350
3852 4 2 1 1 1158 1304 1222 1404
3853 4 2 1 1 1223 1284 1147 1319
3854 4 2 1 1 761 1288 889 1424
3855 4 2 1 1 524 904 864 1275
3856 4 2 1 1 315 1406 409 1456
3857 4 2 1 1 507 1311 1191 1347
3858 4 2 1 1 605 1265 603 1312
3859 4 2 1 1 403 395 729 1218
3860 4 2 1 1 736 672 706 1349
3861 4 2 1 1 750 1285 764 1352
3862 4 2 1 1 1174 1394 1234 1441
3863 4 2 1 1 835 1353 1300 1387
3864 4 2 1 1 1240 1313 1201 1458
3865 4 2 1 1 802 577 754 1253
3866 4 2 1 1 705 697 686 1215
3867 4 2 1 1 1166 1235 1221 1282
3868 4 2 1 1 384 413 1382 1391
3869 4 2 1 1 470 697 536 1335
3870 4 2 1 1 498 494 477 1431
3871 4 2 1 1 1224 1164 1448 1455
3872 4 2 1 1 314 1213 415 1378
3873 4 2 1 1 1157 1254 1321 1379
3874 4 2 1 1 1277 1334 1157 1422
3875 4 2 1 1 1153 1264 1242 1389
3876 4 2 1 1 877 1276 404 1449
3877 4 2 1 1 1168 1252 1265 1312
3878 4 2 1 1 439 421 372 1297
3879 4 2 1 1 562 576 500 1355
3880 4 2 1 1 1332 1412 1236 1428
3881 4 2 1 1 866 845 855 1327
3882 4 2 1 1 1224 1305 1250 1455
3883 4 2 1 1 513 1311 469 1381
3884 4 2 1 1 1225 1361 1217 1405
3885 4 2 1 1 612 635 630 1210
3886 4 2 1 1 1187 1254 1181 1417
3887 4 2 1 1 371 425 372 1309
3888 4 2 1 1 327 626 328 1282
3889 4 2 1 1 1213 1238 1157 1422
3890 4 2 1 1 749 745 1372 1431
3891 4 2 1 1 792 811 787 1183
3892 4 2 1 1 434 1257 352 1403
3893 4 2 1 1 1280 1378 1204 1416
3894 4 2 1 1 628 1345 645 1366
3895 4 2 1 1 857 1212 860 1388
3896 4 2 1 1 1196 1302 1187 1321
3897 4 2 1 1 775 1301 1260 1442
3898 4 2 1 1 627 1221 593 1282
3899 4 2 1 1 343 369 1202 1313
3900 4 2 1 1 1201 1313 1240 1451
3901 4 2 1 1 461 1267 786 1399
3902 4 2 1 1 757 1244 755 1359
3903 4 2 1 1 831 1261 871 1284
3904 4 2 1 1 1188 1153 1264 1308
3905 4 2 1 1 553 1256 1217 1371
3906 4 2 1 1 1217 1256 553 1329
3907 4 2 1 1 679 1196 1340 1420
3908 4 2 1 1 421 1235 354 1406
3909 4 2 1 1 1146 1392 1259 1410
3910 4 2 1 1 831 857 1223 1284
3911 4 2 1 1 861 1283 1272 1459
3912 4 2 1 1 905 435 1263 1456
3913 4 2 1 1 760 1218 813 1452
3914 4 2 1 1 831 1223 833 1319
3915 4 2 1 1 526 464 610 1426
3916 4 2 1 1 856 1300 891 1424
3917 4 2 1 1 631 630 636 1250
3918 4 2 1 1 465 510 1219 1426
3919 4 2 1 1 813 815 724 1218
3920 4 2 1 1 559 1228 497 1355
3921 4 2 1 1 638 598 637 1198
3922 4 2 1 1 692 1229 723 1409
3923 4 2 1 1 491 488 558 1211
3924 4 2 1 1 712 138 649 648
3925 4 2 1 1 421 1235 372 1297
3926 4 2 1 1 1223 1318 833 1387
3927 4 2 1 1 421 317 1235 1406
3928 4 2 1 1 512 539 452 1272
3929 4 2 1 1 526 610 664 1239
3930 4 2 1 1 1160 1344 1241 1369
3931 4 2 1 1 756 783 782 1457
3932 4 2 1 1 697 1215 705 1348
3933 4 2 1 1 433 432 431 1425
3934 4 2 1 1 311 1332 313 1451
3935 4 2 1 1 1300 1327 843 1387
3936 4 2 1 1 1192 1146 1346 1377
3937 4 2 1 1 653 661 1189 1366
3938 4 2 1 1 1216 1421 1167 1443
3939 4 2 1 1 636 635 590 1250
3940 4 2 1 1 745 477 744 1372
3941 4 2 1 1 715 1280 1395 1416
3942 4 2 1 1 407 1230 398 1296
3943 4 2 1 1 572 870 1261 1338
3944 4 2 1 1 717 730 719 1380
3945 4 2 1 1 607 619 1384 1408
3946 4 2 1 1 1176 1148 1263 1388
3947 4 2 1 1 321 1244 320 1320
3948 4 2 1 1 1271 1382 1179 1391
3949 4 2 1 1 1305 1448 1309 1455
3950 4 2 1 1 892 893 894 1325
3951 4 2 1 1 640 704 673 1358
3952 4 2 1 1 503 1343 479 1364
3953 4 2 1 1 454 1292 510 1427
3954 4 2 1 1 621 1219 622 1426
3955 4 2 1 1 694 1206 691 1438
3956 4 2 1 1 1151 1200 1285 1374
3957 4 2 1 1 802 481 1253 1352
3958 4 2 1 1 1162 1244 1231 1266
3959 4 2 1 1 603 612 1312 1342
3960 4 2 1 1 846 1263 848 1318
3961 4 2 1 1 1322 1326 1155 1394
3962 4 2 1 1 1136 1205 1258 1315
3963 4 2 1 1 365 364 650 1309
3964 4 2 1 1 833 1318 836 1387
3965 4 2 1 1 726 721 705 1302
3966 4 2 1 1 1147 1284 1223 1397
3967 4 2 1 1 1311 1349 710 1381
3968 4 2 1 1 426 431 444 1271
3969 4 2 1 1 1172 1401 1264 1413
3970 4 2 1 1 348 1241 347 1390
3971 4 2 1 1 507 1191 511 1362
3972 4 2 1 1 1198 1274 1146 1346
3973 4 2 1 1 769 767 1288 1293
3974 4 2 1 1 408 1334 391 1422
3975 4 2 1 1 345 343 1308 1458
3976 4 2 1 1 528 1329 531 1348
3977 4 2 1 1 1219 1239 1426 1427
3978 4 2 1 1 1201 1240 1437 1451
3979 4 2 1 1 604 603 1265 1312
3980 4 2 1 1 902 739 738 1293
3981 4 2 1 1 603 1312 614 1342
3982 4 2 1 1 1300 1327 1178 1424
3983 4 2 1 1 661 652 1189 1325
3984 4 2 1 1 1270 1328 740 1372
3985 4 2 1 1 858 859 1283 1284
3986 4 2 1 1 692 723 694 1409
3987 4 2 1 1 436 905 435 1263
3988 4 2 1 1 1206 1149 1395 1420
3989 4 2 1 1 381 853 379 1320
3990 4 2 1 1 675 705 721 1302
3991 4 2 1 1 550 521 1265 1361
3992 4 2 1 1 618 617 1225 1384
3993 4 2 1 1 377 374 313 1204
3994 4 2 1 1 714 1395 1204 1416
3995 4 2 1 1 541 474 573 1261
3996 4 2 1 1 658 1295 652 1325
3997 4 2 1 1 641 1358 660 1407
3998 4 2 1 1 716 684 1330 1335
3999 4 2 1 1 1207 1159 1386 1402
4000 4 2 1 1 356 428 429 1188
4001 4 2 1 1 598 1198 638 1377
4002 4 2 1 1 683 713 1356 1435
4003 4 2 1 1 720 1260 1218 1380
4004 4 2 1 1 650 1305 1309 1455
4005 4 2 1 1 401 313 1313 1451
4006 4 2 1 1 1147 1396 1227 1419
4007 4 2 1 1 345 401 1313 1413
4008 4 2 1 1 1209 1365 1143 1404
4009 4 2 1 1 744 477 463 1399
4010 4 2 1 1 374 1306 369 1313
4011 4 2 1 1 454 509 510 1292
4012 4 2 1 1 421 354 317 1406
4013 4 2 1 1 477 1372 745 1431
4014 4 2 1 1 732 716 693 1438
4015 4 2 1 1 391 1277 394 1422
4016 4 2 1 1 1240 1156 1376 1451
4017 4 2 1 1 829 892 894 1366
4018 4 2 1 1 511 507 513 1191
4019 4 2 1 1 1300 1424 1231 1430
4020 4 2 1 1 786 461 519 1267
4021 4 2 1 1 588 586 1299 1334
4022 4 2 1 1 704 1348 1358 1408
4023 4 2 1 1 660 588 659 1299
4024 4 2 1 1 1223 1284 1212 1397
4025 4 2 1 1 341 1278 1194 1314
4026 4 2 1 1 1206 1149 1376 1395
4027 4 2 1 1 458 456 460 1267
4028 4 2 1 1 646 1286 601 1377
4029 4 2 1 1 1267 1324 1154 1399
4030 4 2 1 1 400 1202 369 1306
4031 4 2 1 1 1165 1336 1315 1370
4032 4 2 1 1 704 1358 640 1408
4033 4 2 1 1 1144 1262 1341 1365
4034 4 2 1 1 1150 1216 1290 1421
4035 4 2 1 1 478 1216 473 1324
4036 4 2 1 1 399 1238 335 1422
4037 4 2 1 1 1162 1320 1398 1449
4038 4 2 1 1 526 525 464 1239
4039 4 2 1 1 632 640 1358 1408
4040 4 2 1 1 386 1230 384 1382
4041 4 2 1 1 1241 1257 1160 1339
4042 4 2 1 1 736 771 672 1349
4043 4 2 1 1 757 817 325 1359
4044 4 2 1 1 413 424 1305 1391
4045 4 2 1 1 473 467 549 1421
4046 4 2 1 1 428 1264 342 1308
4047 4 2 1 1 723 1381 710 1409
4048 4 2 1 1 618 617 667 1225
4049 4 2 1 1 1236 1331 1172 1425
4050 4 2 1 1 699 1204 714 1380
4051 4 2 1 1 725 774 1260 1442
4052 4 2 1 1 842 831 832 1261
4053 4 2 1 1 605 604 603 1265
4054 4 2 1 1 573 572 870 1261
4055 4 2 1 1 571 485 1290 1336
4056 4 2 1 1 567 503 560 1343
4057 4 2 1 1 589 1230 386 1382
4058 4 2 1 1 809 784 783 1194
4059 4 2 1 1 1170 1409 1260 1442
4060 4 2 1 1 390 403 815 1218
4061 4 2 1 1 481 577 802 1253
4062 4 2 1 1 407 384 386 1230
4063 4 2 1 1 1205 1373 1316 1411
4064 4 2 1 1 1173 1188 1351 1383
4065 4 2 1 1 855 878 866 1288
4066 4 2 1 1 1146 1346 1385 1392
4067 4 2 1 1 1170 1279 1260 1409
4068 4 2 1 1 337 438 338 1333
4069 4 2 1 1 330 1278 412 1390
4070 4 2 1 1 451 564 448 1440
4071 4 2 1 1 521 550 580 1361
4072 4 2 1 1 835 837 836 1387
4073 4 2 1 1 1224 1305 424 1391
4074 4 2 1 1 1192 1337 1152 1346
4075 4 2 1 1 447 412 1314 1390
4076 4 2 1 1 441 385 414 1382
4077 4 2 1 1 566 1253 493 1431
4078 4 2 1 1 740 741 743 1270
4079 4 2 1 1 1186 1331 1236 1425
4080 4 2 1 1 848 1276 877 1449
4081 4 2 1 1 1255 1291 1151 1450
4082 4 2 1 1 856 855 1327 1424
4083 4 2 1 1 1194 1278 1237 1453
4084 4 2 1 1 730 1260 720 1380
4085 4 2 1 1 474 575 1261 1419
4086 4 2 1 1 753 1291 746 1328
4087 4 2 1 1 635 612 615 1262
4088 4 2 1 1 1232 1322 1155 1394
4089 4 2 1 1 1156 1218 1306 1452
4090 4 2 1 1 489 1232 548 1322
4091 4 2 1 1 801 803 799 1351
4092 4 2 1 1 645 886 887 1366
4093 4 2 1 1 402 1303 315 1456
4094 4 2 1 1 1200 1291 1255 1450
4095 4 2 1 1 1201 1437 1428 1451
4096 4 2 1 1 1209 1341 1144 1393
4097 4 2 1 1 1281 1393 1236 1428
4098 4 2 1 1 1203 1414 1140 1418
4099 4 2 1 1 1149 1213 1332 1378
4100 4 2 1 1 363 1305 424 1448
4101 4 2 1 1 1252 1326 1199 1368
4102 4 2 1 1 1149 1213 1378 1379
4103 4 2 1 1 485 1336 1419 1446
4104 4 2 1 1 1250 1305 663 1455
4105 4 2 1 1 1194 323 1314 1457
4106 4 2 1 1 748 794 1233 1294
4107 4 2 1 1 1197 1393 1281 1428
4108 4 2 1 1 753 1233 796 1383
4109 4 2 1 1 495 568 1252 1326
4110 4 2 1 1 837 833 836 1387
4111 4 2 1 1 1164 1250 1224 1436
4112 4 2 1 1 515 514 690 1381
4113 4 2 1 1 783 809 1194 1457
4114 4 2 1 1 454 452 490 1427
4115 4 2 1 1 757 1244 382 1457
4116 4 2 1 1 419 427 1412 1425
4117 4 2 1 1 657 661 895 1325
4118 4 2 1 1 1154 1298 1184 1324
4119 4 2 1 1 1196 1379 1149 1420
4120 4 2 1 1 1192 1346 1295 1377
4121 4 2 1 1 1136 1339 1222 1402
4122 4 2 1 1 897 884 901 1320
4123 4 2 1 1 1251 1386 1159 1402
4124 4 2 1 1 711 713 712 1356
4125 4 2 1 1 323 341 1194 1314
4126 4 2 1 1 1142 1221 1235 1429
4127 4 2 1 1 833 1319 1223 1387
4128 4 2 1 1 1153 1308 1202 1458
4129 4 2 1 1 769 739 767 1293
4130 4 2 1 1 1340 1420 1206 1438
4131 4 2 1 1 1164 1386 1235 1429
4132 4 2 1 1 487 1322 486 1400
4133 4 2 1 1 489 487 484 1400
4134 4 2 1 1 872 863 1239 1459
4135 4 2 1 1 1249 1294 1185 1411
4136 4 2 1 1 419 426 427 1425
4137 4 2 1 1 1308 1310 1202 1434
4138 4 2 1 1 1211 1292 1175 1385
4139 4 2 1 1 1253 1291 1167 1431
4140 4 2 1 1 424 1305 1224 1448
4141 4 2 1 1 750 780 1285 1291
4142 4 2 1 1 1190 1414 1246 1415
4143 4 2 1 1 1163 1330 1247 1440
4144 4 2 1 1 468 1232 1290 1421
4145 4 2 1 1 1137 1209 1304 1331
4146 4 2 1 1 1163 1335 1215 1340
4147 4 2 1 1 638 1377 1198 1445
4148 4 2 1 1 1193 1318 1223 1387
4149 4 2 1 1 663 636 590 1250
4150 4 2 1 1 1232 1234 1150 1421
4151 4 2 1 1 734 683 711 1356
4152 4 2 1 1 323 1194 326 1457
4153 4 2 1 1 1137 1197 1281 1367
4154 4 2 1 1 1200 1151 1291 1450
4155 4 2 1 1 496 569 495 1326
4156 4 2 1 1 631 1377 600 1439
4157 4 2 1 1 711 712 649 1356
4158 4 2 1 1 1304 1331 1209 1404
4159 4 2 1 1 699 714 719 1380
4160 4 2 1 1 1171 1191 1347 1362
4161 4 2 1 1 399 335 394 1422
4162 4 2 1 1 1197 1236 1393 1428
4163 4 2 1 1 757 755 817 1359
4164 4 2 1 1 1279 1380 717 1395
4165 4 2 1 1 695 681 1238 1435
4166 4 2 1 1 575 572 1261 1338
4167 4 2 1 1 375 315 402 1303
4168 4 2 1 1 525 464 1239 1426
4169 4 2 1 1 1237 1185 1294 1411
4170 4 2 1 1 431 443 444 1271
4171 4 2 1 1 742 752 1270 1399
4172 4 2 1 1 763 882 1231 1424
4173 4 2 1 1 343 369 400 1202
4174 4 2 1 1 1137 1281 1197 1393
4175 4 2 1 1 653 661 652 1189
4176 4 2 1 1 315 1303 1406 1456
4177 4 2 1 1 578 1265 611 1432
4178 4 2 1 1 497 495 561 1355
4179 4 2 1 1 881 882 761 1424
4180 4 2 1 1 468 489 571 1290
4181 4 2 1 1 843 1387 1327 1423
4182 4 2 1 1 742 744 752 1399
4183 4 2 1 1 529 1384 528 1408
4184 4 2 1 1 803 804 800 1434
4185 4 2 1 1 606 1286 631 1455
4186 4 2 1 1 848 1353 1276 1449
4187 4 2 1 1 1196 1321 1254 1379
4188 4 2 1 1 1181 1407 1187 1417
4189 4 2 1 1 351 350 346 1289
4190 4 2 1 1 809 793 784 1194
4191 4 2 1 1 1159 1354 1207 1386
4192 4 2 1 1 1278 1350 1173 1418
4193 4 2 1 1 849 1239 863 1272
4194 4 2 1 1 879 896 849 1239
4195 4 2 1 1 1200 1153 1310 1374
4196 4 2 1 1 496 548 569 1326
4197 4 2 1 1 1327 1387 1161 1423
4198 4 2 1 1 1141 1205 1344 1411
4199 4 2 1 1 1186 1236 1331 1393
4200 4 2 1 1 369 1306 1202 1313
4201 4 2 1 1 526 610 1239 1426
4202 4 2 1 1 1276 1318 1193 1353
4203 4 2 1 1 410 1203 417 1401
4204 4 2 1 1 1158 1331 1304 1404
4205 4 2 1 1 1209 1331 1137 1393
4206 4 2 1 1 1162 1300 1231 1430
4207 4 2 1 1 342 1308 1264 1413
4208 4 2 1 1 318 316 388 1345
4209 4 2 1 1 594 597 596 1282
4210 4 2 1 1 1151 1343 1220 1364
4211 4 2 1 1 1148 1344 1258 1369
4212 4 2 1 1 754 751 1253 1431
4213 4 2 1 1 1160 1257 1241 1390
4214 4 2 1 1 483 488 491 1400
4215 4 2 1 1 1231 1300 1178 1424
4216 4 2 1 1 1204 714 1380 1395
4217 4 2 1 1 402 315 409 1456
4218 4 2 1 1 387 877 404 1449
4219 4 2 1 1 610 656 664 1239
4220 4 2 1 1 662 647 1277 1334
4221 4 2 1 1 1150 1205 1375 1415
4222 4 2 1 1 527 507 821 1311
4223 4 2 1 1 839 1320 1430 1449
4224 4 2 1 1 593 606 595 1455
4225 4 2 1 1 883 819 763 1231
4226 4 2 1 1 1151 1317 1255 1450
4227 4 2 1 1 691 1206 1420 1438
4228 4 2 1 1 1148 1258 1223 1397
4229 4 2 1 1 566 565 493 1253
4230 4 2 1 1 316 315 375 1303
4231 4 2 1 1 401 311 313 1451
4232 4 2 1 1 676 1196 679 1420
4233 4 2 1 1 515 1330 514 1381
4234 4 2 1 1 1154 1270 1216 1375
4235 4 2 1 1 708 1330 1229 1438
4236 4 2 1 1 630 603 1312 1439
4237 4 2 1 1 417 331 1257 1403
4238 4 2 1 1 726 677 1302 1340
4239 4 2 1 1 395 376 332 1218
4240 4 2 1 1 1148 1276 1263 1318
4241 4 2 1 1 379 1320 853 1449
4242 4 2 1 1 356 361 1350 1351
4243 4 2 1 1 443 1271 431 1391
4244 4 2 1 1 1147 1319 1227 1396
4245 4 2 1 1 1211 1346 1292 1385
4246 4 2 1 1 675 704 705 1348
4247 4 2 1 1 1250 1286 1208 1436
4248 4 2 1 1 556 1199 1357 1371
4249 4 2 1 1 358 431 432 1391
4250 4 2 1 1 444 384 407 1271
4251 4 2 1 1 760 1306 1218 1452
4252 4 2 1 1 779 743 741 1249
4253 4 2 1 1 706 1311 736 1349
4254 4 2 1 1 1206 1340 1196 1420
4255 4 2 1 1 1149 1428 1437 1451
4256 4 2 1 1 770 771 773 1349
4257 4 2 1 1 366 342 1264 1413
4258 4 2 1 1 511 1362 1191 1433
4259 4 2 1 1 680 1321 1238 1435
4260 4 2 1 1 613 1262 612 1342
4261 4 2 1 1 1224 1250 1143 1436
4262 4 2 1 1 1160 1241 1339 1369
4263 4 2 1 1 1150 1234 1232 1441
4264 4 2 1 1 1148 1223 1388 1397
4265 4 2 1 1 1142 1386 1207 1429
4266 4 2 1 1 1263 1276 1148 1333
4267 4 2 1 1 719 717 1380 1395
4268 4 2 1 1 544 581 563 1361
4269 4 2 1 1 1193 1300 1162 1353
4270 4 2 1 1 1179 1250 1224 1305
4271 4 2 1 1 771 770 772 1349
4272 4 2 1 1 333 334 1378 1416
4273 4 2 1 1 695 681 682 1238
4274 4 2 1 1 813 812 814 1452
4275 4 2 1 1 323 420 341 1314
4276 4 2 1 1 1330 1335 471 1440
4277 4 2 1 1 555 556 570 1357
4278 4 2 1 1 523 1225 535 1384
4279 4 2 1 1 863 1272 1239 1459
4280 4 2 1 1 1188 1350 1173 1351
4281 4 2 1 1 683 713 711 1356
4282 4 2 1 1 1204 1149 1280 1395
4283 4 2 1 1 649 711 138 712
4284 4 2 1 1 701 699 377 378
4285 4 2 1 1 617 614 667 1225
4286 4 2 1 1 544 535 523 1225
4287 4 2 1 1 686 726 705 1215
4288 4 2 1 1 525 1426 1239 1427
4289 4 2 1 1 1192 1142 1337 1392
4290 4 2 1 1 1179 1271 1230 1382
4291 4 2 1 1 1221 1286 1164 1429
4292 4 2 1 1 345 1413 1313 1458
4293 4 2 1 1 1147 1336 1273 1370
4294 4 2 1 1 1136 1222 1259 1402
4295 4 2 1 1 816 758 370 1306
4296 4 2 1 1 552 553 1256 1329
4297 4 2 1 1 517 541 524 1227
4298 4 2 1 1 1192 1152 1295 1346
4299 4 2 1 1 723 1229 708 1381
4300 4 2 1 1 745 499 477 1431
4301 4 2 1 1 345 1308 1413 1458
4302 4 2 1 1 816 370 390 1306
4303 4 2 1 1 133 644 887 1366
4304 4 2 1 1 1209 1341 1210 1365
4305 4 2 1 1 748 740 743 1328
4306 4 2 1 1 398 1230 386 1334
4307 4 2 1 1 1210 1341 1145 1342
4308 4 2 1 1 1307 1401 1172 1425
4309 4 2 1 1 315 1303 316 1406
4310 4 2 1 1 532 469 513 1311
4311 4 2 1 1 1164 1297 1235 1386
4312 4 2 1 1 712 665 648 1277
4313 4 2 1 1 337 1263 438 1333
4314 4 2 1 1 1155 1226 1304 1368
4315 4 2 1 1 406 447 1314 1398
4316 4 2 1 1 423 366 1264 1413
4317 4 2 1 1 345 445 401 1413
4318 4 2 1 1 585 1230 587 1334
4319 4 2 1 1 1209 1304 1226 1368
4320 4 2 1 1 557 1324 460 1399
4321 4 2 1 1 1277 1422 1157 1435
4322 4 2 1 1 881 880 882 1424
4323 4 2 1 1 1210 1145 1312 1342
4324 4 2 1 1 1207 1410 1208 1436
4325 4 2 1 1 860 858 875 1212
4326 4 2 1 1 719 1380 714 1395
4327 4 2 1 1 1283 1337 1152 1459
4328 4 2 1 1 683 1356 1321 1435
4329 4 2 1 1 478 583 1216 1399
4330 4 2 1 1 1240 1281 1201 1437
4331 4 2 1 1 716 708 693 1438
4332 4 2 1 1 754 1253 577 1431
4333 4 2 1 1 571 485 549 1290
4334 4 2 1 1 629 600 1377 1439
4335 4 2 1 1 780 792 1285 1310
4336 4 2 1 1 864 904 873 1275
4337 4 2 1 1 750 764 765 1352
4338 4 2 1 1 525 455 1426 1427
4339 4 2 1 1 868 1283 861 1459
4340 4 2 1 1 765 754 751 1253
4341 4 2 1 1 1240 1214 1281 1437
4342 4 2 1 1 853 1320 839 1449
4343 4 2 1 1 1273 1336 483 1400
4344 4 2 1 1 1193 1373 1161 1387
4345 4 2 1 1 1205 1411 1375 1415
4346 4 2 1 1 639 640 673 1358
4347 4 2 1 1 543 517 458 1446
4348 4 2 1 1 748 1233 753 1328
4349 4 2 1 1 725 1260 735 1442
4350 4 2 1 1 1205 1315 1184 1396
4351 4 2 1 1 1376 1380 1279 1395
4352 4 2 1 1 1219 1426 510 1427
4353 4 2 1 1 629 1439 1377 1445
4354 4 2 1 1 808 344 400 1434
4355 4 2 1 1 544 1217 553 1329
4356 4 2 1 1 342 345 343 1308
4357 4 2 1 1 1143 1410 1207 1436
4358 4 2 1 1 825 775 772 1442
4359 4 2 1 1 363 365 424 1305
4360 4 2 1 1 1155 1322 1228 1326
4361 4 2 1 1 1339 1369 1159 1402
4362 4 2 1 1 815 816 390 1218
4363 4 2 1 1 468 467 466 1421
4364 4 2 1 1 333 688 334 1416
4365 4 2 1 1 364 651 650 1309
4366 4 2 1 1 886 885 887 1366
4367 4 2 1 1 393 1277 727 1435
4368 4 2 1 1 1227 1275 517 1446
4369 4 2 1 1 1161 1298 1227 1396
4370 4 2 1 1 1227 1298 1184 1396
4371 4 2 1 1 807 400 368 1306
4372 4 2 1 1 1200 1374 1151 1450
4373 4 2 1 1 528 545 531 1329
4374 4 2 1 1 384 1271 443 1391
4375 4 2 1 1 774 812 725 1260
4376 4 2 1 1 1354 1429 1164 1436
4377 4 2 1 1 586 587 588 1299
4378 4 2 1 1 1149 1206 1376 1437
4379 4 2 1 1 1257 1390 1160 1403
4380 4 2 1 1 357 1350 361 1351
4381 4 2 1 1 1177 1287 1288 1454
4382 4 2 1 1 1174 1357 1199 1363
4383 4 2 1 1 395 332 729 1218
4384 4 2 1 1 1161 1227 1319 1396
4385 4 2 1 1 1190 1255 1317 1450
4386 4 2 1 1 548 1322 1232 1394
4387 4 2 1 1 1167 1431 1372 1443
4388 4 2 1 1 386 398 407 1230
4389 4 2 1 1 585 386 589 1230
4390 4 2 1 1 449 1330 471 1440
4391 4 2 1 1 396 897 1320 1359
4392 4 2 1 1 621 609 1219 1426
4393 4 2 1 1 1207 1429 1354 1436
4394 4 2 1 1 1180 1358 1348 1408
4395 4 2 1 1 1214 1151 1374 1450
4396 4 2 1 1 710 1349 670 1409
4397 4 2 1 1 1136 1251 1369 1402
4398 4 2 1 1 1149 1428 1197 1437
4399 4 2 1 1 1264 1153 1413 1458
4400 4 2 1 1 495 569 568 1326
4401 4 2 1 1 747 740 1328 1372
4402 4 2 1 1 1151 1253 1343 1364
4403 4 2 1 1 1157 1321 1187 1356
4404 4 2 1 1 659 641 660 1407
4405 4 2 1 1 1157 1321 1238 1379
4406 4 2 1 1 1243 1363 1169 1367
4407 4 2 1 1 1172 1201 1412 1413
4408 4 2 1 1 706 710 1311 1349
4409 4 2 1 1 891 884 890 1231
4410 4 2 1 1 874 846 436 1263
4411 4 2 1 1 544 553 545 1329
4412 4 2 1 1 492 547 466 1421
4413 4 2 1 1 1204 1376 1149 1395
4414 4 2 1 1 685 686 697 1335
4415 4 2 1 1 382 1244 319 1457
4416 4 2 1 1 385 413 414 1382
4417 4 2 1 1 843 1300 856 1327
4418 4 2 1 1 1237 1185 1411 1415
4419 4 2 1 1 1137 1214 1317 1367
4420 4 2 1 1 489 468 548 1232
4421 4 2 1 1 1148 1251 1369 1397
4422 4 2 1 1 525 455 464 1426
4423 4 2 1 1 1145 1341 1243 1405
4424 4 2 1 1 847 876 1263 1388
4425 4 2 1 1 564 1256 451 1371
4426 4 2 1 1 683 1321 680 1435
4427 4 2 1 1 567 1343 1234 1443
4428 4 2 1 1 849 872 863 1239
4429 4 2 1 1 494 473 583 1421
4430 4 2 1 1 734 678 683 1321
4431 4 2 1 1 1148 1369 1258 1397
4432 4 2 1 1 567 547 492 1234
4433 4 2 1 1 1163 1335 1330 1440
4434 4 2 1 1 750 753 780 1291
4435 4 2 1 1 857 833 831 1223
4436 4 2 1 1 1251 1289 1159 1386
4437 4 2 1 1 315 353 409 1406
4438 4 2 1 1 743 1249 779 1294
4439 4 2 1 1 544 563 1217 1361
4440 4 2 1 1 1214 1317 1151 1450
4441 4 2 1 1 1152 1292 1272 1427
4442 4 2 1 1 313 311 312 1332
4443 4 2 1 1 507 505 791 1347
4444 4 2 1 1 890 1231 882 1424
4445 4 2 1 1 436 846 905 1263
4446 4 2 1 1 734 711 674 1356
4447 4 2 1 1 1154 1316 1249 1411
4448 4 2 1 1 411 349 359 1245
4449 4 2 1 1 1213 1379 1149 1428
4450 4 2 1 1 1147 1315 1258 1396
4451 4 2 1 1 549 478 473 1324
4452 4 2 1 1 826 375 402 1303
4453 4 2 1 1 496 497 559 1228
4454 4 2 1 1 1355 1432 1198 1445
4455 4 2 1 1 611 522 602 1265
4456 4 2 1 1 1161 1227 1298 1423
4457 4 2 1 1 476 483 1273 1336
4458 4 2 1 1 416 415 314 1213
4459 4 2 1 1 766 1288 761 1424
4460 4 2 1 1 872 1239 1325 1459
4461 4 2 1 1 1204 1380 1376 1395
4462 4 2 1 1 1139 1437 1240 1447
4463 4 2 1 1 330 336 1278 1403
4464 4 2 1 1 607 1384 529 1408
4465 4 2 1 1 683 680 681 1435
4466 4 2 1 1 645 887 644 1366
4467 4 2 1 1 461 786 463 1399
4468 4 2 1 1 536 472 470 1335
4469 4 2 1 1 739 902 888 1293
4470 4 2 1 1 840 1353 848 1449
4471 4 2 1 1 450 1247 1433 1440
4472 4 2 1 1 424 358 360 1224
4473 4 2 1 1 373 372 317 1235
4474 4 2 1 1 1137 1317 1363 1367
4475 4 2 1 1 1188 1350 1264 1389
4476 4 2 1 1 1227 1298 1275 1446
4477 4 2 1 1 1159 1369 1251 1402
4478 4 2 1 1 814 1260 775 1452
4479 4 2 1 1 370 1218 390 1306
4480 4 2 1 1 1191 1229 1381 1433
4481 4 2 1 1 601 593 1221 1286
4482 4 2 1 1 815 813 816 1218
4483 4 2 1 1 751 746 750 1291
4484 4 2 1 1 905 1263 876 1456
4485 4 2 1 1 819 755 781 1359
4486 4 2 1 1 358 1224 424 1391
4487 4 2 1 1 1155 1268 1232 1441
4488 4 2 1 1 365 363 364 1309
4489 4 2 1 1 674 660 140 1358
4490 4 2 1 1 763 761 882 1424
4491 4 2 1 1 345 1308 342 1413
4492 4 2 1 1 567 1234 492 1443
4493 4 2 1 1 1232 1394 1155 1441
4494 4 2 1 1 1279 1376 1156 1380
4495 4 2 1 1 1137 1281 1214 1367
4496 4 2 1 1 411 417 331 1257
4497 4 2 1 1 1168 1265 1252 1432
4498 4 2 1 1 1280 1395 1149 1420
4499 4 2 1 1 451 552 553 1256
4500 4 2 1 1 1187 1358 1302 1417
4501 4 2 1 1 861 1272 863 1459
4502 4 2 1 1 709 515 690 1330
4503 4 2 1 1 878 889 767 1288
4504 4 2 1 1 379 853 854 1449
4505 4 2 1 1 558 488 559 1274
4506 4 2 1 1 449 471 1335 1440
4507 4 2 1 1 412 1278 1314 1390
4508 4 2 1 1 613 615 612 1262
4509 4 2 1 1 878 852 866 1293
4510 4 2 1 1 1214 1367 1281 1437
4511 4 2 1 1 1227 1419 1184 1446
4512 4 2 1 1 1142 1235 1386 1429
4513 4 2 1 1 1337 1346 1192 1392
4514 4 2 1 1 516 524 864 1275
4515 4 2 1 1 677 721 726 1302
4516 4 2 1 1 326 323 341 1194
4517 4 2 1 1 322 321 320 1320
4518 4 2 1 1 757 382 810 1457
4519 4 2 1 1 428 430 342 1264
4520 4 2 1 1 678 675 721 1302
4521 4 2 1 1 756 781 755 1244
4522 4 2 1 1 1207 1392 1142 1429
4523 4 2 1 1 139 660 674 1356
4524 4 2 1 1 331 434 352 1403
4525 4 2 1 1 1275 1298 1227 1423
4526 4 2 1 1 790 802 788 1352
4527 4 2 1 1 802 754 765 1253
4528 4 2 1 1 568 580 495 1252
4529 4 2 1 1 853 381 897 1320
4530 4 2 1 1 1154 1287 1249 1316
4531 4 2 1 1 573 842 869 1261
4532 4 2 1 1 739 820 738 1293
4533 4 2 1 1 749 115 745 499
4534 4 2 1 1 438 1263 435 1456
4535 4 2 1 1 314 1332 1213 1378
4536 4 2 1 1 401 313 374 1313
4537 4 2 1 1 468 1290 467 1421
4538 4 2 1 1 1213 1157 1296 1422
4539 4 2 1 1 1376 1437 1240 1451
4540 4 2 1 1 1223 1212 1388 1397
4541 4 2 1 1 1192 1142 1392 1429
4542 4 2 1 1 761 767 889 1288
4543 4 2 1 1 451 1256 553 1371
4544 4 2 1 1 814 812 1260 1452
4545 4 2 1 1 839 1430 1353 1449
4546 4 2 1 1 403 729 815 1218
4547 4 2 1 1 725 671 774 1442
4548 4 2 1 1 364 597 651 1309
4549 4 2 1 1 565 1253 481 1364
4550 4 2 1 1 458 517 459 1275
4551 4 2 1 1 773 771 1311 1349
4552 4 2 1 1 1137 1363 1243 1367
4553 4 2 1 1 412 1278 420 1314
4554 4 2 1 1 415 1213 416 1422
4555 4 2 1 1 139 674 711 1356
4556 4 2 1 1 1154 1216 1270 1399
4557 4 2 1 1 719 714 717 1395
4558 4 2 1 1 603 614 612 1342
4559 4 2 1 1 565 1343 1253 1364
4560 4 2 1 1 680 1238 681 1435
4561 4 2 1 1 892 1283 868 1459
4562 4 2 1 1 603 612 630 1312
4563 4 2 1 1 661 657 895 134
4564 4 2 1 1 1231 1320 1162 1430
4565 4 2 1 1 750 746 753 1291
4566 4 2 1 1 340 357 361 1351
4567 4 2 1 1 742 1270 740 1372
4568 4 2 1 1 854 853 839 1449
4569 4 2 1 1 866 1293 852 1444
4570 4 2 1 1 722 671 735 1442
4571 4 2 1 1 569 1326 548 1394
4572 4 2 1 1 416 426 407 1296
4573 4 2 1 1 356 355 430 1350
4574 4 2 1 1 320 1320 1244 1359
4575 4 2 1 1 1141 1344 1205 1373
4576 4 2 1 1 798 75 340 793
4577 4 2 1 1 396 897 381 1320
4578 4 2 1 1 384 444 443 1271
4579 4 2 1 1 1146 1192 1346 1392
4580 4 2 1 1 847 1263 1318 1388
4581 4 2 1 1 548 1232 554 1394
4582 4 2 1 1 441 592 385 1382
4583 4 2 1 1 890 856 891 1424
4584 4 2 1 1 1186 1307 1245 1404
4585 4 2 1 1 1140 1246 1414 1415
4586 4 2 1 1 460 1267 461 1399
4587 4 2 1 1 573 870 842 1261
4588 4 2 1 1 493 1343 567 1443
4589 4 2 1 1 1144 1365 1209 1393
4590 4 2 1 1 445 1412 1201 1413
4591 4 2 1 1 104 685 470 1335
4592 4 2 1 1 1213 1296 416 1422
4593 4 2 1 1 1232 1150 1290 1421
4594 4 2 1 1 882 890 884 1231
4595 4 2 1 1 871 1261 870 1338
4596 4 2 1 1 427 1332 445 1412
4597 4 2 1 1 1281 1428 1201 1437
4598 4 2 1 1 360 1297 422 1448
4599 4 2 1 1 582 538 448 1247
4600 4 2 1 1 1271 1365 1186 1391
4601 4 2 1 1 846 847 1263 1318
4602 4 2 1 1 1337 1385 1346 1392
4603 4 2 1 1 331 352 1257 1403
4604 4 2 1 1 1211 1370 1182 1385
4605 4 2 1 1 835 1300 843 1387
4606 4 2 1 1 689 469 1311 1381
4607 4 2 1 1 1184 1298 1227 1446
4608 4 2 1 1 622 643 610 1239
4609 4 2 1 1 841 843 835 1300
4610 4 2 1 1 604 614 603 1312
4611 4 2 1 1 1330 1433 1247 1440
4612 4 2 1 1 585 398 386 1334
4613 4 2 1 1 662 586 647 1334
4614 4 2 1 1 1149 1332 1213 1428
4615 4 2 1 1 1211 1165 1370 1400
4616 4 2 1 1 492 1234 547 1421
4617 4 2 1 1 1245 1307 1158 1404
4618 4 2 1 1 452 539 546 1338
4619 4 2 1 1 1223 1318 1148 1388
4620 4 2 1 1 771 1349 772 1442
4621 4 2 1 1 732 693 731 1438
4622 4 2 1 1 473 1216 583 1421
4623 4 2 1 1 717 694 1279 1395
4624 4 2 1 1 871 831 842 1261
4625 4 2 1 1 411 359 432 1245
4626 4 2 1 1 652 599 601 1295
4627 4 2 1 1 1164 1224 1354 1436
4628 4 2 1 1 1204 1156 1376 1380
4629 4 2 1 1 674 140 673 1358
4630 4 2 1 1 448 1247 450 1440
4631 4 2 1 1 611 578 522 1265
4632 4 2 1 1 1216 1372 1270 1399
4633 4 2 1 1 800 799 803 1383
4634 4 2 1 1 849 863 850 1272
4635 4 2 1 1 1204 1395 1280 1416
4636 4 2 1 1 860 857 858 1212
4637 4 2 1 1 1286 1436 1250 1455
4638 4 2 1 1 611 1265 605 1432
4639 4 2 1 1 816 760 758 1306
4640 4 2 1 1 796 748 794 1233
4641 4 2 1 1 758 807 368 1306
4642 4 2 1 1 1314 1390 1278 1453
4643 4 2 1 1 1152 1346 1337 1385
4644 4 2 1 1 1144 1341 1209 1365
4645 4 2 1 1 1190 1317 1242 1450
4646 4 2 1 1 768 769 1288 1454
4647 4 2 1 1 1183 1285 1310 1374
4648 4 2 1 1 786 519 777 1267
4649 4 2 1 1 1224 1143 1354 1436
4650 4 2 1 1 573 575 572 1261
4651 4 2 1 1 436 435 438 1263
4652 4 2 1 1 341 420 1278 1314
4653 4 2 1 1 419 1412 418 1425
4654 4 2 1 1 619 624 1384 1407
4655 4 2 1 1 710 723 708 1381
4656 4 2 1 1 513 1381 514 1433
4657 4 2 1 1 814 812 775 1260
4658 4 2 1 1 625 578 611 1432
4659 4 2 1 1 1237 1278 1173 1418
4660 4 2 1 1 1289 1297 1159 1386
4661 4 2 1 1 1260 1279 1156 1380
4662 4 2 1 1 485 1419 542 1446
4663 4 2 1 1 868 859 861 1283
4664 4 2 1 1 819 781 1231 1359
4665 4 2 1 1 1229 1330 708 1381
4666 4 2 1 1 1184 1419 1336 1446
4667 4 2 1 1 1218 1260 1156 1380
4668 4 2 1 1 606 631 636 1455
4669 4 2 1 1 1157 1334 1296 1422
4670 4 2 1 1 1141 1373 1205 1411
4671 4 2 1 1 698 720 1218 1380
4672 4 2 1 1 483 475 476 1273
4673 4 2 1 1 1200 1310 1285 1374
4674 4 2 1 1 1273 1336 1147 1419
4675 4 2 1 1 1156 1204 1376 1451
4676 4 2 1 1 449 450 1330 1440
4677 4 2 1 1 1152 1219 1292 1427
4678 4 2 1 1 386 669 589 1382
4679 4 2 1 1 1167 1253 1431 1443
4680 4 2 1 1 1172 1331 1307 1425
4681 4 2 1 1 391 393 394 1277
4682 4 2 1 1 732 731 1340 1438
4683 4 2 1 1 560 504 555 1357
4684 4 2 1 1 1186 1331 1307 1404
4685 4 2 1 1 1307 1331 1158 1404
4686 4 2 1 1 1259 1402 1222 1410
4687 4 2 1 1 671 1409 670 1442
4688 4 2 1 1 478 477 583 1399
4689 4 2 1 1 506 480 1347 1362
4690 4 2 1 1 518 516 851 1444
4691 4 2 1 1 487 489 486 1322
4692 4 2 1 1 884 1231 891 1430
4693 4 2 1 1 483 1336 484 1400
4694 4 2 1 1 1156 1260 1218 1452
4695 4 2 1 1 725 735 671 1442
4696 4 2 1 1 357 356 361 1350
4697 4 2 1 1 1150 1232 1268 1441
4698 4 2 1 1 1273 1370 1336 1400
4699 4 2 1 1 763 1231 762 1424
4700 4 2 1 1 430 366 342 1264
4701 4 2 1 1 75 326 340 793
4702 4 2 1 1 1219 1295 1152 1346
4703 4 2 1 1 1260 1301 775 1452
4704 4 2 1 1 776 1287 1267 1454
4705 4 2 1 1 715 1395 1280 1420
4706 4 2 1 1 856 841 891 1300
4707 4 2 1 1 1140 1203 1389 1414
4708 4 2 1 1 343 345 369 1313
4709 4 2 1 1 864 865 851 1444
4710 4 2 1 1 640 141 673 704
4711 4 2 1 1 1307 1331 1186 1425
4712 4 2 1 1 692 694 691 1438
4713 4 2 1 1 1240 1437 1376 1447
4714 4 2 1 1 1215 1329 1180 1348
4715 4 2 1 1 321 319 320 1244
4716 4 2 1 1 629 631 600 1439
4717 4 2 1 1 1141 1316 1373 1411
4718 4 2 1 1 661 658 652 1325
4719 4 2 1 1 601 599 600 1377
4720 4 2 1 1 843 1327 844 1423
4721 4 2 1 1 726 731 677 1340
4722 4 2 1 1 622 1239 610 1426
4723 4 2 1 1 690 514 469 1381
4724 4 2 1 1 1159 1207 1354 1402
4725 4 2 1 1 1248 1197 1367 1437
4726 4 2 1 1 375 826 867 1303
4727 4 2 1 1 708 1229 692 1438
4728 4 2 1 1 666 587 589 1230
4729 4 2 1 1 450 1247 538 1433
4730 4 2 1 1 1149 1378 1280 1379
4731 4 2 1 1 662 1277 392 1334
4732 4 2 1 1 645 886 132 887
4733 4 2 1 1 382 320 1244 1359
4734 4 2 1 1 646 601 600 1377
4735 4 2 1 1 736 1311 771 1349
4736 4 2 1 1 826 1303 402 1456
4737 4 2 1 1 1191 1349 1311 1381
4738 4 2 1 1 468 554 548 1232
4739 4 2 1 1 820 822 462 1293
4740 4 2 1 1 485 1336 476 1419
4741 4 2 1 1 475 483 579 1273
4742 4 2 1 1 764 1285 787 1352
4743 4 2 1 1 813 815 812 724
4744 4 2 1 1 1227 1161 1319 1423
4745 4 2 1 1 405 380 1276 1398
4746 4 2 1 1 670 1409 1349 1442
4747 4 2 1 1 140 660 639 1358
4748 4 2 1 1 747 751 749 1431
4749 4 2 1 1 318 327 328 1282
4750 4 2 1 1 1149 1379 1280 1420
4751 4 2 1 1 1199 1363 1243 1368
4752 4 2 1 1 722 1409 671 1442
4753 4 2 1 1 1165 1336 1370 1400
4754 4 2 1 1 608 523 535 1384
4755 4 2 1 1 601 593 654 1221
4756 4 2 1 1 585 587 586 1334
4757 4 2 1 1 577 481 566 1253
4758 4 2 1 1 738 534 902 1293
4759 4 2 1 1 1281 1367 1197 1437
4760 4 2 1 1 1160 1203 1403 1418
4761 4 2 1 1 876 905 846 1263
4762 4 2 1 1 847 857 860 1388
4763 4 2 1 1 725 720 730 1260
4764 4 2 1 1 436 438 337 1263
4765 4 2 1 1 573 474 575 1261
4766 4 2 1 1 765 802 1253 1352
4767 4 2 1 1 616 398 585 1334
4768 4 2 1 1 789 787 824 1323
4769 4 2 1 1 475 476 1273 1419
4770 4 2 1 1 1152 1292 1219 1346
4771 4 2 1 1 628 645 644 1366
4772 4 2 1 1 1160 1237 1418 1453
4773 4 2 1 1 1160 1390 1278 1403
4774 4 2 1 1 553 1217 563 1371
4775 4 2 1 1 1176 1406 1303 1456
4776 4 2 1 1 672 1349 823 1442
4777 4 2 1 1 637 94 633 501
4778 4 2 1 1 1216 1324 1154 1375
4779 4 2 1 1 804 780 800 1310
4780 4 2 1 1 895 661 894 1325
4781 4 2 1 1 757 756 1244 1457
4782 4 2 1 1 1288 1293 1177 1454
4783 4 2 1 1 753 796 800 1383
4784 4 2 1 1 390 376 395 1218
4785 4 2 1 1 864 1275 865 1444
4786 4 2 1 1 852 1293 533 1444
4787 4 2 1 1 322 1320 379 1449
4788 4 2 1 1 737 736 706 1311
4789 4 2 1 1 589 666 1230 1382
4790 4 2 1 1 701 702 699 1416
4791 4 2 1 1 857 859 858 1284
4792 4 2 1 1 372 421 317 1235
4793 4 2 1 1 1192 1286 1221 1429
4794 4 2 1 1 1143 1207 1354 1436
4795 4 2 1 1 707 540 737 1311
4796 4 2 1 1 471 1330 684 1335
4797 4 2 1 1 382 324 810 1457
4798 4 2 1 1 639 141 673 640
4799 4 2 1 1 493 565 567 1343
4800 4 2 1 1 503 482 504 1220
4801 4 2 1 1 689 1311 710 1381
4802 4 2 1 1 337 405 404 1276
4803 4 2 1 1 699 377 65 701
4804 4 2 1 1 677 678 721 1302
4805 4 2 1 1 836 848 835 1353
4806 4 2 1 1 509 558 576 1274
4807 4 2 1 1 1216 1154 1324 1399
4808 4 2 1 1 840 848 877 1449
4809 4 2 1 1 1141 1344 1195 1453
4810 4 2 1 1 858 868 892 1283
4811 4 2 1 1 476 484 483 1336
4812 4 2 1 1 650 663 1305 1455
4813 4 2 1 1 364 651 53 650
4814 4 2 1 1 851 533 518 1444
4815 4 2 1 1 381 379 322 1320
4816 4 2 1 1 1238 1378 335 1422
4817 4 2 1 1 432 433 411 1307
4818 4 2 1 1 1206 1279 1376 1447
4819 4 2 1 1 551 1265 578 1432
4820 4 2 1 1 557 478 1324 1399
4821 4 2 1 1 1145 1342 1341 1405
4822 4 2 1 1 827 828 829 1303
4823 4 2 1 1 1160 1418 1278 1453
4824 4 2 1 1 631 646 600 1377
4825 4 2 1 1 415 335 1378 1422
4826 4 2 1 1 729 332 698 1218
4827 4 2 1 1 1224 1164 1354 1448
4828 4 2 1 1 1141 1249 1316 1411
4829 4 2 1 1 856 855 845 1327
4830 4 2 1 1 509 454 558 1292
4831 4 2 1 1 1168 1355 1198 1445
4832 4 2 1 1 796 753 748 1233
4833 4 2 1 1 1179 1305 1224 1391
4834 4 2 1 1 684 709 716 1330
4835 4 2 1 1 133 887 894 1366
4836 4 2 1 1 1160 1403 1278 1418
4837 4 2 1 1 609 465 92 620
4838 4 2 1 1 396 397 897 1359
4839 4 2 1 1 380 1398 322 1449
4840 4 2 1 1 799 795 1351 1383
4841 4 2 1 1 611 602 604 1265
4842 4 2 1 1 851 852 533 1444
4843 4 2 1 1 408 1296 398 1334
4844 4 2 1 1 876 846 847 1263
4845 4 2 1 1 690 708 1330 1381
4846 4 2 1 1 592 441 591 1305
4847 4 2 1 1 346 339 338 1333
4848 4 2 1 1 502 633 94 501
4849 4 2 1 1 843 841 856 1300
4850 4 2 1 1 620 465 92 508
4851 4 2 1 1 828 1269 829 1303
4852 4 2 1 1 384 443 413 1391
4853 4 2 1 1 861 863 868 1459
4854 4 2 1 1 405 337 339 1333
4855 4 2 1 1 527 737 540 1311
4856 4 2 1 1 712 137 648 665
4857 4 2 1 1 838 1353 839 1430
4858 4 2 1 1 864 516 1275 1444
4859 4 2 1 1 532 689 469 1311
4860 4 2 1 1 632 640 639 1358
4861 4 2 1 1 1258 1315 1205 1396
4862 4 2 1 1 424 1224 360 1448
4863 4 2 1 1 542 1227 517 1446
4864 4 2 1 1 371 597 364 1309
4865 4 2 1 1 709 471 515 1330
4866 4 2 1 1 1278 1390 1160 1453
4867 4 2 1 1 550 1265 551 1432
4868 4 2 1 1 544 563 553 1217
4869 4 2 1 1 760 785 1306 1452
4870 4 2 1 1 665 712 728 1277
4871 4 2 1 1 382 325 320 1359
4872 4 2 1 1 732 684 716 1335
4873 4 2 1 1 773 771 736 1311
4874 4 2 1 1 775 812 774 1260
4875 4 2 1 1 1177 1267 1287 1454
4876 4 2 1 1 697 696 536 1348
4877 4 2 1 1 737 706 707 1311
4878 4 2 1 1 505 790 791 1347
4879 4 2 1 1 852 888 902 1293
4880 4 2 1 1 566 577 1253 1431
4881 4 2 1 1 569 570 568 1326
4882 4 2 1 1 1162 1398 1353 1449
4883 4 2 1 1 374 370 369 1306
4884 4 2 1 1 672 670 1349 1442
4885 4 2 1 1 1179 1365 1271 1391
4886 4 2 1 1 565 566 481 1253
4887 4 2 1 1 598 600 599 1377
4888 4 2 1 1 680 683 676 1321
4889 4 2 1 1 1149 1437 1376 1451
4890 4 2 1 1 362 797 798 1351
4891 4 2 1 1 591 441 365 1305
4892 4 2 1 1 505 537 790 1347
4893 4 2 1 1 450 448 538 1247
4894 4 2 1 1 1264 1308 1153 1458
4895 4 2 1 1 730 717 722 1279
4896 4 2 1 1 1258 1205 1373 1396
4897 4 2 1 1 364 53 365 650
4898 4 2 1 1 793 794 784 1294
4899 4 2 1 1 330 336 412 1278
4900 4 2 1 1 1279 1409 1170 1447
4901 4 2 1 1 490 491 454 1292
4902 4 2 1 1 629 1377 600 1445
4903 4 2 1 1 774 775 1260 1442
4904 4 2 1 1 644 645 132 887
4905 4 2 1 1 1229 1330 1163 1438
4906 4 2 1 1 837 835 843 1387
4907 4 2 1 1 1224 1354 1297 1448
4908 4 2 1 1 378 1204 313 1416
4909 4 2 1 1 669 385 592 1382
4910 4 2 1 1 145 725 671 774
4911 4 2 1 1 1152 1272 1239 1427
4912 4 2 1 1 776 778 779 1287
4913 4 2 1 1 427 311 445 1332
4914 4 2 1 1 461 460 456 1267
4915 4 2 1 1 638 600 1377 1445
4916 4 2 1 1 507 506 1347 1362
4917 4 2 1 1 580 550 495 1252
4918 4 2 1 1 605 1439 629 1445
4919 4 2 1 1 830 1319 833 1387
4920 4 2 1 1 690 469 689 1381
4921 4 2 1 1 1176 1388 1263 1456
4922 4 2 1 1 1178 1327 1288 1424
4923 4 2 1 1 330 329 336 1403
4924 4 2 1 1 429 361 356 1351
4925 4 2 1 1 615 613 634 1262
4926 4 2 1 1 1149 1376 1204 1451
4927 4 2 1 1 352 411 331 1257
4928 4 2 1 1 507 110 821 791
4929 4 2 1 1 733 715 1280 1420
4930 4 2 1 1 1207 1222 1402 1410
4931 4 2 1 1 606 646 631 1286
4932 4 2 1 1 419 431 426 1425
4933 4 2 1 1 1341 1342 1181 1405
4934 4 2 1 1 588 649 647 1356
4935 4 2 1 1 482 582 504 1220
4936 4 2 1 1 1353 1398 1276 1449
4937 4 2 1 1 671 722 670 1409
4938 4 2 1 1 766 767 761 1288
4939 4 2 1 1 422 1297 439 1448
4940 4 2 1 1 499 115 745 477
4941 4 2 1 1 636 1250 663 1455
4942 4 2 1 1 383 662 665 1277
4943 4 2 1 1 340 362 798 1351
4944 4 2 1 1 1272 1283 1152 1459
4945 4 2 1 1 585 589 587 1230
4946 4 2 1 1 846 848 847 1318
4947 4 2 1 1 1210 1262 1341 1342
4948 4 2 1 1 471 709 684 1330
4949 4 2 1 1 1195 1390 1314 1453
4950 4 2 1 1 822 1293 769 1454
4951 4 2 1 1 602 523 97 618
4952 4 2 1 1 458 459 457 1444
4953 4 2 1 1 1261 1273 1147 1419
4954 4 2 1 1 1164 1436 1286 1455
4955 4 2 1 1 437 1307 418 1401
4956 4 2 1 1 718 1395 715 1420
4957 4 2 1 1 722 1279 694 1409
4958 4 2 1 1 512 525 129 849
4959 4 2 1 1 320 319 382 1244
4960 4 2 1 1 707 689 532 1311
4961 4 2 1 1 1297 1354 1164 1448
4962 4 2 1 1 618 608 617 1384
4963 4 2 1 1 328 371 373 1282
4964 4 2 1 1 1203 1140 1389 1418
4965 4 2 1 1 478 549 557 1324
4966 4 2 1 1 864 851 516 1444
4967 4 2 1 1 733 687 680 1280
4968 4 2 1 1 607 608 529 1384
4969 4 2 1 1 853 381 81 897
4970 4 2 1 1 648 662 647 1277
4971 4 2 1 1 761 763 762 1424
4972 4 2 1 1 591 650 663 1305
4973 4 2 1 1 541 1227 542 1419
4974 4 2 1 1 626 645 628 1345
4975 4 2 1 1 627 654 593 1221
4976 4 2 1 1 676 683 678 1321
4977 4 2 1 1 1159 1297 1354 1386
4978 4 2 1 1 757 756 755 1244
4979 4 2 1 1 575 546 572 1338
4980 4 2 1 1 386 385 669 1382
4981 4 2 1 1 550 521 522 1265
4982 4 2 1 1 744 463 752 1399
4983 4 2 1 1 706 736 147 672
4984 4 2 1 1 380 1276 1398 1449
4985 4 2 1 1 797 795 798 1351
4986 4 2 1 1 129 512 849 850
4987 4 2 1 1 849 896 872 1239
4988 4 2 1 1 131 886 645 1345
4989 4 2 1 1 476 1336 1273 1419
4990 4 2 1 1 1264 1413 1308 1458
4991 4 2 1 1 632 1358 641 1407
4992 4 2 1 1 327 318 388 1345
4993 4 2 1 1 712 713 727 1277
4994 4 2 1 1 321 406 1314 1398
4995 4 2 1 1 392 1277 391 1334
4996 4 2 1 1 752 786 1267 1399
4997 4 2 1 1 430 423 1264 1401
4998 4 2 1 1 747 749 1372 1431
4999 4 2 1 1 713 727 1277 1435
5000 4 2 1 1 738 820 534 1293
5001 4 2 1 1 723 710 670 1409
5002 4 2 1 1 866 851 865 1444
5003 4 2 1 1 759 760 785 1306
5004 4 2 1 1 1239 1152 1325 1459
5005 4 2 1 1 891 1300 841 1430
5006 4 2 1 1 768 769 767 1288
5007 4 2 1 1 797 799 795 1351
5008 4 2 1 1 110 507 505 791
5009 4 2 1 1 528 1348 530 1408
5010 4 2 1 1 598 638 600 1377
5011 4 2 1 1 381 396 81 897
5012 4 2 1 1 832 1319 830 1423
5013 4 2 1 1 75 326 793 809
5014 4 2 1 1 745 744 742 1372
5015 4 2 1 1 701 377 65 378
5016 4 2 1 1 808 440 72 344
5017 4 2 1 1 633 638 637 1445
5018 4 2 1 1 708 723 692 1229
5019 4 2 1 1 455 510 1426 1427
5020 4 2 1 1 140 639 673 1358
5021 4 2 1 1 1136 1369 1339 1402
5022 4 2 1 1 1194 1314 1278 1453
5023 4 2 1 1 344 342 343 1308
5024 4 2 1 1 430 423 366 1264
5025 4 2 1 1 617 619 624 1384
5026 4 2 1 1 806 1310 804 1434
5027 4 2 1 1 513 469 514 1381
5028 4 2 1 1 354 346 442 1289
5029 4 2 1 1 648 665 662 1277
5030 4 2 1 1 357 336 355 1350
5031 4 2 1 1 324 809 810 1457
5032 4 2 1 1 403 815 816 390
5033 4 2 1 1 816 758 69 370
5034 4 2 1 1 1152 1337 1283 1385
5035 4 2 1 1 767 889 878 888
5036 4 2 1 1 313 378 377 1204
5037 4 2 1 1 708 692 693 1438
5038 4 2 1 1 888 852 878 1293
5039 4 2 1 1 625 611 605 1432
5040 4 2 1 1 449 450 471 1330
5041 4 2 1 1 433 418 1307 1425
5042 4 2 1 1 467 571 549 1290
5043 4 2 1 1 838 841 1353 1430
5044 4 2 1 1 147 736 771 672
5045 4 2 1 1 382 319 324 1457
5046 4 2 1 1 478 583 473 1216
5047 4 2 1 1 807 805 808 1434
5048 4 2 1 1 1239 1272 1152 1459
5049 4 2 1 1 104 684 685 1335
5050 4 2 1 1 706 670 710 1349
5051 4 2 1 1 564 451 553 1371
5052 4 2 1 1 733 676 679 1420
5053 4 2 1 1 809 76 324 810
5054 4 2 1 1 878 855 889 1288
5055 4 2 1 1 662 392 616 1334
5056 4 2 1 1 762 766 761 1424
5057 4 2 1 1 1201 1412 1332 1428
5058 4 2 1 1 478 1216 1324 1399
5059 4 2 1 1 618 523 98 608
5060 4 2 1 1 135 896 656 895
5061 4 2 1 1 707 532 540 1311
5062 4 2 1 1 815 729 724 1218
5063 4 2 1 1 680 682 681 1238
5064 4 2 1 1 652 668 599 1295
5065 4 2 1 1 752 463 786 1399
5066 4 2 1 1 698 377 65 699
5067 4 2 1 1 507 511 506 1362
5068 4 2 1 1 649 139 711 1356
5069 4 2 1 1 561 550 551 1432
5070 4 2 1 1 1278 1418 1237 1453
5071 4 2 1 1 626 627 594 1282
5072 4 2 1 1 517 542 541 1227
5073 4 2 1 1 511 513 514 1433
5074 4 2 1 1 1321 1356 1157 1435
5075 4 2 1 1 870 127 862 1338
5076 4 2 1 1 730 720 719 1380
5077 4 2 1 1 525 453 455 1427
5078 4 2 1 1 698 720 729 1218
5079 4 2 1 1 858 859 868 1283
5080 4 2 1 1 758 759 807 1306
5081 4 2 1 1 569 570 1326 1394
5082 4 2 1 1 890 882 880 1424
5083 4 2 1 1 565 479 1343 1364
5084 4 2 1 1 898 883 897 1359
5085 4 2 1 1 1375 1411 1185 1415
5086 4 2 1 1 735 725 730 1260
5087 4 2 1 1 403 816 68 390
5088 4 2 1 1 1300 1353 841 1430
5089 4 2 1 1 669 56 386 589
5090 4 2 1 1 771 823 672 1349
5091 4 2 1 1 656 610 643 1239
5092 4 2 1 1 440 801 362 1351
5093 4 2 1 1 624 613 614 1342
5094 4 2 1 1 717 694 722 1279
5095 4 2 1 1 688 687 700 1416
5096 4 2 1 1 661 895 894 134
5097 4 2 1 1 368 370 758 1306
5098 4 2 1 1 626 327 655 1345
5099 4 2 1 1 414 365 441 1305
5100 4 2 1 1 503 567 479 1343
5101 4 2 1 1 871 870 903 1338
5102 4 2 1 1 1277 1157 1356 1435
5103 4 2 1 1 839 838 840 1353
5104 4 2 1 1 1156 1301 1260 1452
5105 4 2 1 1 872 1325 893 1459
5106 4 2 1 1 485 476 542 1419
5107 4 2 1 1 746 747 740 1328
5108 4 2 1 1 895 656 135 657
5109 4 2 1 1 404 405 380 1276
5110 4 2 1 1 672 671 670 1442
5111 4 2 1 1 365 53 591 650
5112 4 2 1 1 518 851 122 533
5113 4 2 1 1 1213 1238 1378 1379
5114 4 2 1 1 569 548 570 1394
5115 4 2 1 1 494 492 1421 1443
5116 4 2 1 1 750 780 764 1285
5117 4 2 1 1 605 603 629 1439
5118 4 2 1 1 649 660 139 1356
5119 4 2 1 1 641 639 660 1358
5120 4 2 1 1 385 384 413 1382
5121 4 2 1 1 690 515 106 514
5122 4 2 1 1 530 536 696 1348
5123 4 2 1 1 360 422 439 1448
5124 4 2 1 1 599 622 621 1295
5125 4 2 1 1 414 424 365 1305
5126 4 2 1 1 408 398 391 1334
5127 4 2 1 1 689 706 710 1311
5128 4 2 1 1 382 810 77 757
5129 4 2 1 1 717 718 694 1395
5130 4 2 1 1 1238 1157 1422 1435
5131 4 2 1 1 400 369 368 1306
5132 4 2 1 1 370 376 390 1218
5133 4 2 1 1 770 811 825 1323
5134 4 2 1 1 641 619 632 1407
5135 4 2 1 1 1187 1407 1358 1417
5136 4 2 1 1 743 779 784 1294
5137 4 2 1 1 328 596 51 597
5138 4 2 1 1 843 830 1387 1423
5139 4 2 1 1 851 866 852 1444
5140 4 2 1 1 748 743 794 1294
5141 4 2 1 1 557 460 478 1399
5142 4 2 1 1 406 412 420 1314
5143 4 2 1 1 422 351 421 1297
5144 4 2 1 1 485 542 584 1446
5145 4 2 1 1 1247 1362 538 1433
5146 4 2 1 1 847 860 876 1388
5147 4 2 1 1 736 737 706 148
5148 4 2 1 1 662 383 392 1277
5149 4 2 1 1 1157 1238 1321 1435
5150 4 2 1 1 851 852 122 533
5151 4 2 1 1 665 728 383 1277
5152 4 2 1 1 450 1433 1330 1440
5153 4 2 1 1 1205 1344 1258 1373
5154 4 2 1 1 901 839 1320 1430
5155 4 2 1 1 733 718 715 1420
5156 4 2 1 1 491 558 454 1292
5157 4 2 1 1 696 1348 704 1408
5158 4 2 1 1 801 799 797 1351
5159 4 2 1 1 791 824 773 1347
5160 4 2 1 1 621 622 609 1426
5161 4 2 1 1 1164 1250 1436 1455
5162 4 2 1 1 116 744 745 477
5163 4 2 1 1 321 406 323 1314
5164 4 2 1 1 747 742 740 1372
5165 4 2 1 1 633 1432 605 1445
5166 4 2 1 1 651 597 595 1309
5167 4 2 1 1 1148 1318 1263 1388
5168 4 2 1 1 700 701 378 1416
5169 4 2 1 1 1262 1181 1341 1342
5170 4 2 1 1 1330 1381 1229 1433
5171 4 2 1 1 551 522 578 1265
5172 4 2 1 1 505 790 111 791
5173 4 2 1 1 870 572 127 1338
5174 4 2 1 1 792 804 806 1310
5175 4 2 1 1 428 342 344 1308
5176 4 2 1 1 675 673 704 1358
5177 4 2 1 1 691 731 693 1438
5178 4 2 1 1 549 543 557 1324
5179 4 2 1 1 726 732 731 1340
5180 4 2 1 1 760 813 814 1452
5181 4 2 1 1 406 447 412 1314
5182 4 2 1 1 411 433 437 1307
5183 4 2 1 1 408 416 1296 1422
5184 4 2 1 1 412 341 420 1278
5185 4 2 1 1 841 1300 835 1353
5186 4 2 1 1 741 740 742 1270
5187 4 2 1 1 771 823 1349 1442
5188 4 2 1 1 811 775 825 1301
5189 4 2 1 1 1213 1378 1238 1422
5190 4 2 1 1 839 1353 840 1449
5191 4 2 1 1 333 334 335 1378
5192 4 2 1 1 831 871 859 1284
5193 4 2 1 1 1140 1389 1242 1414
5194 4 2 1 1 112 537 481 790
5195 4 2 1 1 425 364 363 1309
5196 4 2 1 1 757 810 756 1457
5197 4 2 1 1 877 404 874 387
5198 4 2 1 1 687 1280 715 1416
5199 4 2 1 1 380 404 1276 1449
5200 4 2 1 1 682 333 62 399
5201 4 2 1 1 443 431 358 1391
5202 4 2 1 1 587 634 588 1299
5203 4 2 1 1 423 367 366 1413
5204 4 2 1 1 1234 1421 492 1443
5205 4 2 1 1 576 558 559 1274
5206 4 2 1 1 1197 1428 1281 1437
5207 4 2 1 1 393 728 727 1277
5208 4 2 1 1 532 513 527 1311
5209 4 2 1 1 870 871 842 1261
5210 4 2 1 1 707 706 737 148
5211 4 2 1 1 1309 1448 1164 1455
5212 4 2 1 1 418 419 367 1412
5213 4 2 1 1 764 792 787 1285
5214 4 2 1 1 1240 1376 1156 1447
5215 4 2 1 1 1236 1172 1412 1425
5216 4 2 1 1 508 93 620 501
5217 4 2 1 1 821 737 527 1311
5218 4 2 1 1 93 637 620 501
5219 4 2 1 1 1206 1376 1279 1395
5220 4 2 1 1 690 708 709 1330
5221 4 2 1 1 873 865 1275 1423
5222 4 2 1 1 430 410 423 1401
5223 4 2 1 1 780 804 792 1310
5224 4 2 1 1 388 375 88 867
5225 4 2 1 1 1280 1378 1238 1379
5226 4 2 1 1 397 898 897 1359
5227 4 2 1 1 106 469 690 514
5228 4 2 1 1 845 843 856 1327
5229 4 2 1 1 97 522 523 602
5230 4 2 1 1 596 626 594 1282
5231 4 2 1 1 638 629 600 1445
5232 4 2 1 1 406 420 323 1314
5233 4 2 1 1 128 539 512 850
5234 4 2 1 1 422 421 439 1297
5235 4 2 1 1 803 440 72 808
5236 4 2 1 1 535 528 529 1384
5237 4 2 1 1 768 1287 776 1454
5238 4 2 1 1 697 705 696 1348
5239 4 2 1 1 748 753 746 1328
5240 4 2 1 1 625 633 502 1432
5241 4 2 1 1 1319 1387 830 1423
5242 4 2 1 1 385 592 55 669
5243 4 2 1 1 514 1381 1330 1433
5244 4 2 1 1 346 354 351 1289
5245 4 2 1 1 810 77 324 382
5246 4 2 1 1 459 1275 516 1444
5247 4 2 1 1 843 845 844 1327
5248 4 2 1 1 673 675 674 1358
5249 4 2 1 1 688 700 334 1416
5250 4 2 1 1 556 1357 564 1371
5251 4 2 1 1 335 314 415 1378
5252 4 2 1 1 616 586 662 1334
5253 4 2 1 1 789 791 790 1347
5254 4 2 1 1 769 822 820 1293
5255 4 2 1 1 498 1431 493 1443
5256 4 2 1 1 708 716 709 1330
5257 4 2 1 1 541 542 474 1419
5258 4 2 1 1 532 527 540 1311
5259 4 2 1 1 486 548 496 1322
5260 4 2 1 1 394 408 391 1422
5261 4 2 1 1 752 786 776 1267
5262 4 2 1 1 564 504 582 1357
5263 4 2 1 1 539 128 862 850
5264 4 2 1 1 542 1419 1227 1446
5265 4 2 1 1 769 820 739 1293
5266 4 2 1 1 653 644 661 1366
5267 4 2 1 1 774 145 725 812
5268 4 2 1 1 517 524 516 1275
5269 4 2 1 1 88 388 867 899
5270 4 2 1 1 572 126 573 870
5271 4 2 1 1 454 453 452 1427
5272 4 2 1 1 493 567 492 1443
5273 4 2 1 1 574 548 554 1394
5274 4 2 1 1 611 604 605 1265
5275 4 2 1 1 724 729 720 1218
5276 4 2 1 1 507 527 513 1311
5277 4 2 1 1 425 1309 363 1448
5278 4 2 1 1 900 886 131 1345
5279 4 2 1 1 1184 1324 1298 1446
5280 4 2 1 1 777 776 1267 1454
5281 4 2 1 1 703 696 704 1408
5282 4 2 1 1 830 831 833 1319
5283 4 2 1 1 754 749 751 1431
5284 4 2 1 1 852 902 534 1293
5285 4 2 1 1 68 815 816 403
5286 4 2 1 1 522 96 611 602
5287 4 2 1 1 534 820 462 1293
5288 4 2 1 1 1358 1407 1180 1417
5289 4 2 1 1 329 331 417 1403
5290 4 2 1 1 468 571 467 1290
5291 4 2 1 1 616 585 586 1334
5292 4 2 1 1 131 645 655 1345
5293 4 2 1 1 52 651 364 597
5294 4 2 1 1 704 696 705 1348
5295 4 2 1 1 507 110 527 821
5296 4 2 1 1 385 56 386 669
5297 4 2 1 1 463 460 461 1399
5298 4 2 1 1 634 659 588 1299
5299 4 2 1 1 440 72 801 803
5300 4 2 1 1 345 401 369 1313
5301 4 2 1 1 608 535 529 1384
5302 4 2 1 1 831 859 857 1284
5303 4 2 1 1 669 592 642 1382
5304 4 2 1 1 433 418 437 1307
5305 4 2 1 1 687 715 702 1416
5306 4 2 1 1 1211 1370 1273 1400
5307 4 2 1 1 660 649 588 1356
5308 4 2 1 1 1168 1432 1355 1445
5309 4 2 1 1 879 130 525 849
5310 4 2 1 1 571 484 485 1336
5311 4 2 1 1 494 492 473 1421
5312 4 2 1 1 499 498 477 1431
5313 4 2 1 1 776 768 778 1287
5314 4 2 1 1 712 137 665 728
5315 4 2 1 1 719 698 699 1380
5316 4 2 1 1 371 328 51 597
5317 4 2 1 1 601 606 593 1286
5318 4 2 1 1 874 84 877 387
5319 4 2 1 1 312 1332 314 1378
5320 4 2 1 1 482 480 506 1362
5321 4 2 1 1 373 318 328 1282
5322 4 2 1 1 843 844 830 1423
5323 4 2 1 1 477 116 744 463
5324 4 2 1 1 528 531 530 1348
5325 4 2 1 1 522 551 550 1265
5326 4 2 1 1 311 427 314 1332
5327 4 2 1 1 408 415 416 1422
5328 4 2 1 1 565 479 567 1343
5329 4 2 1 1 537 506 480 1347
5330 4 2 1 1 69 816 370 390
5331 4 2 1 1 534 533 852 1293
5332 4 2 1 1 668 622 599 1295
5333 4 2 1 1 830 833 837 1387
5334 4 2 1 1 1201 1428 1332 1451
5335 4 2 1 1 1182 1385 1337 1392
5336 4 2 1 1 864 873 865 1275
5337 4 2 1 1 709 471 105 515
5338 4 2 1 1 886 899 885 1345
5339 4 2 1 1 408 407 398 1296
5340 4 2 1 1 847 836 833 1318
5341 4 2 1 1 578 96 611 522
5342 4 2 1 1 440 362 429 1351
5343 4 2 1 1 353 317 354 1406
5344 4 2 1 1 695 682 62 399
5345 4 2 1 1 433 431 419 1425
5346 4 2 1 1 807 808 71 400
5347 4 2 1 1 111 537 790 505
5348 4 2 1 1 415 394 335 1422
5349 4 2 1 1 870 126 573 842
5350 4 2 1 1 802 481 113 577
5351 4 2 1 1 614 613 612 1342
5352 4 2 1 1 392 398 616 1334
5353 4 2 1 1 883 763 150 882
5354 4 2 1 1 64 700 701 378
5355 4 2 1 1 520 528 530 1408
5356 4 2 1 1 752 741 742 1270
5357 4 2 1 1 391 392 383 1277
5358 4 2 1 1 1149 1332 1428 1451
5359 4 2 1 1 898 818 883 1359
5360 4 2 1 1 330 1390 434 1403
5361 4 2 1 1 698 65 377 332
5362 4 2 1 1 767 766 768 1288
5363 4 2 1 1 749 745 747 1372
5364 4 2 1 1 454 510 455 1427
5365 4 2 1 1 1292 1346 1152 1385
5366 4 2 1 1 477 478 463 1399
5367 4 2 1 1 1203 1389 1350 1418
5368 4 2 1 1 54 591 441 365
5369 4 2 1 1 801 797 362 1351
5370 4 2 1 1 406 405 447 1398
5371 4 2 1 1 482 479 480 1364
5372 4 2 1 1 1156 1376 1279 1447
5373 4 2 1 1 1349 1409 1170 1442
5374 4 2 1 1 355 356 357 1350
5375 4 2 1 1 1161 1387 1319 1423
5376 4 2 1 1 606 601 646 1286
5377 4 2 1 1 706 672 670 1349
5378 4 2 1 1 520 623 607 1408
5379 4 2 1 1 489 548 486 1322
5380 4 2 1 1 790 481 112 802
5381 4 2 1 1 344 71 808 400
5382 4 2 1 1 785 811 806 1301
5383 4 2 1 1 515 471 450 1330
5384 4 2 1 1 441 592 55 385
5385 4 2 1 1 625 605 633 1432
5386 4 2 1 1 516 459 517 1275
5387 4 2 1 1 436 846 85 905
5388 4 2 1 1 592 591 590 1305
5389 4 2 1 1 872 895 893 1325
5390 4 2 1 1 894 893 895 1325
5391 4 2 1 1 523 535 98 608
5392 4 2 1 1 832 830 873 1423
5393 4 2 1 1 434 348 347 1390
5394 4 2 1 1 818 819 883 1359
5395 4 2 1 1 358 424 413 1391
5396 4 2 1 1 698 719 720 1380
5397 4 2 1 1 326 809 324 1457
5398 4 2 1 1 875 892 829 1269
5399 4 2 1 1 118 519 786 461
5400 4 2 1 1 396 1320 320 1359
5401 4 2 1 1 393 391 383 1277
5402 4 2 1 1 106 709 515 690
5403 4 2 1 1 502 578 625 1432
5404 4 2 1 1 875 829 828 1269
5405 4 2 1 1 312 1378 334 1416
5406 4 2 1 1 324 326 76 809
5407 4 2 1 1 873 844 865 1423
5408 4 2 1 1 752 744 117 463
5409 4 2 1 1 817 397 325 1359
5410 4 2 1 1 577 113 802 754
5411 4 2 1 1 313 312 334 1416
5412 4 2 1 1 125 904 541 869
5413 4 2 1 1 826 375 87 402
5414 4 2 1 1 410 417 437 1401
5415 4 2 1 1 887 829 894 1366
5416 4 2 1 1 383 728 393 1277
5417 4 2 1 1 142 640 623 1408
5418 4 2 1 1 1164 1429 1286 1436
5419 4 2 1 1 830 832 831 1319
5420 4 2 1 1 499 754 577 1431
5421 4 2 1 1 86 826 402 1456
5422 4 2 1 1 715 687 733 1280
5423 4 2 1 1 607 619 608 1384
5424 4 2 1 1 364 425 371 1309
5425 4 2 1 1 684 471 105 709
5426 4 2 1 1 749 754 499 1431
5427 4 2 1 1 471 104 470 1335
5428 4 2 1 1 885 829 887 1366
5429 4 2 1 1 700 702 701 1416
5430 4 2 1 1 362 340 361 1351
5431 4 2 1 1 879 136 896 656
5432 4 2 1 1 819 781 763 1231
5433 4 2 1 1 78 757 817 325
5434 4 2 1 1 479 565 481 1364
5435 4 2 1 1 556 564 563 1371
5436 4 2 1 1 785 775 1301 1452
5437 4 2 1 1 781 762 763 1231
5438 4 2 1 1 880 855 856 1424
5439 4 2 1 1 424 360 363 1448
5440 4 2 1 1 416 407 408 1296
5441 4 2 1 1 838 841 835 1353
5442 4 2 1 1 695 727 681 1435
5443 4 2 1 1 850 863 861 1272
5444 4 2 1 1 142 704 640 1408
5445 4 2 1 1 840 835 848 1353
5446 4 2 1 1 727 728 712 1277
5447 4 2 1 1 142 623 703 1408
5448 4 2 1 1 511 538 1362 1433
5449 4 2 1 1 74 340 362 798
5450 4 2 1 1 553 552 545 1329
5451 4 2 1 1 661 657 658 1325
5452 4 2 1 1 525 526 130 879
5453 4 2 1 1 663 590 591 1305
5454 4 2 1 1 488 483 487 1400
5455 4 2 1 1 57 585 616 398
5456 4 2 1 1 136 879 664 656
5457 4 2 1 1 758 368 69 370
5458 4 2 1 1 632 639 641 1358
5459 4 2 1 1 366 345 342 1413
5460 4 2 1 1 118 777 519 822
5461 4 2 1 1 371 52 364 597
5462 4 2 1 1 644 653 628 1366
5463 4 2 1 1 788 764 787 1352
5464 4 2 1 1 518 459 516 1444
5465 4 2 1 1 396 322 320 1320
5466 4 2 1 1 776 786 777 1267
5467 4 2 1 1 757 78 382 325
5468 4 2 1 1 566 493 498 1431
5469 4 2 1 1 655 900 131 1345
5470 4 2 1 1 792 764 780 1285
5471 4 2 1 1 901 839 897 1320
5472 4 2 1 1 904 524 125 541
5473 4 2 1 1 786 117 461 463
5474 4 2 1 1 690 710 708 1381
5475 4 2 1 1 311 314 312 1332
5476 4 2 1 1 520 530 703 1408
5477 4 2 1 1 341 412 336 1278
5478 4 2 1 1 892 868 893 1459
5479 4 2 1 1 707 706 689 1311
5480 4 2 1 1 703 623 520 1408
5481 4 2 1 1 385 386 384 1382
5482 4 2 1 1 533 1293 457 1444
5483 4 2 1 1 674 140 660 139
5484 4 2 1 1 475 474 476 1419
5485 4 2 1 1 581 521 580 1361
5486 4 2 1 1 321 322 380 1398
5487 4 2 1 1 899 900 388 1345
5488 4 2 1 1 86 905 834 1456
5489 4 2 1 1 862 861 903 1338
5490 4 2 1 1 84 874 404 387
5491 4 2 1 1 740 748 746 1328
5492 4 2 1 1 662 59 383 665
5493 4 2 1 1 397 79 817 325
5494 4 2 1 1 100 607 520 623
5495 4 2 1 1 324 319 323 1457
5496 4 2 1 1 773 736 821 1311
5497 4 2 1 1 102 530 536 696
5498 4 2 1 1 881 761 152 889
5499 4 2 1 1 401 374 369 1313
5500 4 2 1 1 821 736 737 1311
5501 4 2 1 1 438 435 409 1456
5502 4 2 1 1 798 362 74 797
5503 4 2 1 1 336 446 341 1278
5504 4 2 1 1 151 881 882 761
5505 4 2 1 1 402 435 86 1456
5506 4 2 1 1 867 375 87 826
5507 4 2 1 1 449 471 472 1335
5508 4 2 1 1 774 772 775 1442
5509 4 2 1 1 327 389 655 1345
5510 4 2 1 1 905 85 436 435
5511 4 2 1 1 686 684 732 1335
5512 4 2 1 1 380 322 379 1449
5513 4 2 1 1 531 545 552 1329
5514 4 2 1 1 339 337 338 1333
5515 4 2 1 1 884 891 901 1430
5516 4 2 1 1 538 482 506 1362
5517 4 2 1 1 905 86 435 1456
5518 4 2 1 1 901 838 839 1430
5519 4 2 1 1 500 1355 561 1432
5520 4 2 1 1 607 640 632 1408
5521 4 2 1 1 433 419 418 1425
5522 4 2 1 1 718 679 691 1420
5523 4 2 1 1 723 722 694 1409
5524 4 2 1 1 787 811 770 1323
5525 4 2 1 1 521 581 544 1361
5526 4 2 1 1 520 607 529 1408
5527 4 2 1 1 91 610 464 1426
5528 4 2 1 1 759 758 760 1306
5529 4 2 1 1 799 796 795 1383
5530 4 2 1 1 848 836 847 1318
5531 4 2 1 1 520 529 528 1408
5532 4 2 1 1 872 893 863 1459
5533 4 2 1 1 794 743 784 1294
5534 4 2 1 1 823 774 671 1442
5535 4 2 1 1 70 368 758 807
5536 4 2 1 1 323 326 324 1457
5537 4 2 1 1 481 480 479 1364
5538 4 2 1 1 692 691 693 1438
5539 4 2 1 1 697 102 536 696
5540 4 2 1 1 763 819 883 150
5541 4 2 1 1 767 153 889 888
5542 4 2 1 1 658 657 643 1325
5543 4 2 1 1 540 527 109 737
5544 4 2 1 1 725 812 144 724
5545 4 2 1 1 551 578 502 1432
5546 4 2 1 1 530 531 536 1348
5547 4 2 1 1 619 641 624 1407
5548 4 2 1 1 811 785 775 1301
5549 4 2 1 1 1162 1353 1300 1430
5550 4 2 1 1 564 553 563 1371
5551 4 2 1 1 818 397 817 1359
5552 4 2 1 1 524 124 864 904
5553 4 2 1 1 317 315 316 1406
5554 4 2 1 1 625 633 94 502
5555 4 2 1 1 54 591 592 441
5556 4 2 1 1 327 655 50 626
5557 4 2 1 1 447 348 412 1390
5558 4 2 1 1 434 330 412 1390
5559 4 2 1 1 570 548 574 1394
5560 4 2 1 1 785 814 775 1452
5561 4 2 1 1 609 622 610 1426
5562 4 2 1 1 853 897 839 1320
5563 4 2 1 1 56 585 386 589
5564 4 2 1 1 117 786 752 463
5565 4 2 1 1 450 514 1330 1433
5566 4 2 1 1 572 546 539 1338
5567 4 2 1 1 770 824 787 1323
5568 4 2 1 1 487 483 484 1400
5569 4 2 1 1 685 697 103 470
5570 4 2 1 1 396 381 322 1320
5571 4 2 1 1 650 1309 595 1455
5572 4 2 1 1 423 437 418 1401
5573 4 2 1 1 867 826 827 1303
5574 4 2 1 1 574 555 570 1394
5575 4 2 1 1 334 378 313 1416
5576 4 2 1 1 465 91 464 1426
5577 4 2 1 1 791 789 824 1347
5578 4 2 1 1 476 485 484 1336
5579 4 2 1 1 62 688 333 682
5580 4 2 1 1 126 869 573 842
5581 4 2 1 1 715 718 714 1395
5582 4 2 1 1 700 378 334 1416
5583 4 2 1 1 465 455 510 1426
5584 4 2 1 1 537 505 506 1347
5585 4 2 1 1 448 449 451 1440
5586 4 2 1 1 819 817 755 1359
5587 4 2 1 1 711 139 649 138
5588 4 2 1 1 471 684 104 1335
5589 4 2 1 1 905 876 834 1456
5590 4 2 1 1 805 806 804 1434
5591 4 2 1 1 106 469 689 690
5592 4 2 1 1 672 823 671 1442
5593 4 2 1 1 704 142 703 1408
5594 4 2 1 1 450 514 515 1330
5595 4 2 1 1 543 542 517 1446
5596 4 2 1 1 889 761 152 767
5597 4 2 1 1 837 843 830 1387
5598 4 2 1 1 533 852 122 534
5599 4 2 1 1 564 556 504 1357
5600 4 2 1 1 534 462 457 1293
5601 4 2 1 1 742 747 745 1372
5602 4 2 1 1 85 846 436 874
5603 4 2 1 1 576 497 500 1355
5604 4 2 1 1 777 118 519 786
5605 4 2 1 1 771 772 823 1442
5606 4 2 1 1 465 609 91 1426
5607 4 2 1 1 145 671 823 774
5608 4 2 1 1 397 817 79 818
5609 4 2 1 1 129 525 130 849
5610 4 2 1 1 91 609 610 1426
5611 4 2 1 1 499 749 114 754
5612 4 2 1 1 398 57 585 386
5613 4 2 1 1 500 561 502 1432
5614 4 2 1 1 695 61 727 393
5615 4 2 1 1 760 814 785 1452
5616 4 2 1 1 738 120 534 820
5617 4 2 1 1 153 767 739 888
5618 4 2 1 1 713 683 681 1435
5619 4 2 1 1 86 834 826 1456
5620 4 2 1 1 405 406 380 1398
5621 4 2 1 1 870 862 903 1338
5622 4 2 1 1 839 840 854 1449
5623 4 2 1 1 626 655 645 1345
5624 4 2 1 1 61 695 399 393
5625 4 2 1 1 63 700 334 688
5626 4 2 1 1 687 702 700 1416
5627 4 2 1 1 607 529 100 520
5628 4 2 1 1 312 314 335 1378
5629 4 2 1 1 869 541 125 573
5630 4 2 1 1 335 334 312 1378
5631 4 2 1 1 511 538 506 1362
5632 4 2 1 1 449 448 450 1440
5633 4 2 1 1 439 425 363 1448
5634 4 2 1 1 397 818 898 1359
5635 4 2 1 1 457 533 534 1293
5636 4 2 1 1 151 882 763 761
5637 4 2 1 1 469 689 532 707
5638 4 2 1 1 380 387 404 1449
5639 4 2 1 1 459 533 457 1444
5640 4 2 1 1 874 436 84 404
5641 4 2 1 1 777 822 769 1454
5642 4 2 1 1 516 124 864 524
5643 4 2 1 1 686 685 684 1335
5644 4 2 1 1 629 630 631 1439
5645 4 2 1 1 737 527 109 821
5646 4 2 1 1 624 641 659 1407
5647 4 2 1 1 120 462 534 820
5648 4 2 1 1 59 392 662 383
5649 4 2 1 1 392 391 398 1334
5650 4 2 1 1 91 526 464 610
5651 4 2 1 1 520 703 6 623
5652 4 2 1 1 327 388 389 1345
5653 4 2 1 1 630 629 603 1439
5654 4 2 1 1 886 131 645 132
5655 4 2 1 1 697 536 103 470
5656 4 2 1 1 369 370 368 1306
5657 4 2 1 1 807 70 368 400
5658 4 2 1 1 815 144 812 724
5659 4 2 1 1 507 506 505 1347
5660 4 2 1 1 64 700 378 334
5661 4 2 1 1 388 88 900 899
5662 4 2 1 1 535 529 98 608
5663 4 2 1 1 863 893 868 1459
5664 4 2 1 1 402 409 435 1456
5665 4 2 1 1 589 642 666 1382
5666 4 2 1 1 331 330 434 1403
5667 4 2 1 1 802 764 788 1352
5668 4 2 1 1 717 714 718 1395
5669 4 2 1 1 577 499 114 754
5670 4 2 1 1 890 880 856 1424
5671 4 2 1 1 555 504 556 1357
5672 4 2 1 1 492 466 473 1421
5673 4 2 1 1 661 894 133 134
5674 4 2 1 1 419 427 367 1412
5675 4 2 1 1 688 334 63 333
5676 4 2 1 1 707 540 7 737
5677 4 2 1 1 900 389 388 1345
5678 4 2 1 1 115 116 745 477
5679 4 2 1 1 317 353 315 1406
5680 4 2 1 1 729 815 143 403
5681 4 2 1 1 854 877 387 1449
5682 4 2 1 1 363 360 439 1448
5683 4 2 1 1 670 722 723 1409
5684 4 2 1 1 474 542 476 1419
5685 4 2 1 1 497 561 500 1355
5686 4 2 1 1 398 616 57 392
5687 4 2 1 1 437 423 410 1401
5688 4 2 1 1 900 89 88 388
5689 4 2 1 1 704 640 141 142
5690 4 2 1 1 361 429 362 1351
5691 4 2 1 1 826 828 827 1303
5692 4 2 1 1 329 330 331 1403
5693 4 2 1 1 591 54 53 365
5694 4 2 1 1 367 1412 445 1413
5695 4 2 1 1 453 454 455 1427
5696 4 2 1 1 608 619 617 1384
5697 4 2 1 1 92 93 620 508
5698 4 2 1 1 765 764 802 1352
5699 4 2 1 1 348 434 412 1390
5700 4 2 1 1 733 679 718 1420
5701 4 2 1 1 900 655 389 1345
5702 4 2 1 1 783 756 810 1457
5703 4 2 1 1 380 406 321 1398
5704 4 2 1 1 113 112 481 802
5705 4 2 1 1 636 663 606 1455
5706 4 2 1 1 466 467 473 1421
5707 4 2 1 1 844 873 830 1423
5708 4 2 1 1 91 526 610 90
5709 4 2 1 1 463 478 460 1399
5710 4 2 1 1 566 499 577 1431
5711 4 2 1 1 818 817 819 1359
5712 4 2 1 1 650 595 606 1455
5713 4 2 1 1 494 498 493 1443
5714 4 2 1 1 633 605 629 1445
5715 4 2 1 1 854 379 82 853
5716 4 2 1 1 132 644 887 133
5717 4 2 1 1 471 470 472 1335
5718 4 2 1 1 608 529 99 607
5719 4 2 1 1 471 105 104 684
5720 4 2 1 1 796 799 800 1383
5721 4 2 1 1 729 143 3 403
5722 4 2 1 1 797 362 73 801
5723 4 2 1 1 823 147 771 672
5724 4 2 1 1 835 840 838 1353
5725 4 2 1 1 739 154 902 738
5726 4 2 1 1 879 526 5 664
5727 4 2 1 1 713 681 727 1435
5728 4 2 1 1 854 387 379 1449
5729 4 2 1 1 511 450 538 1433
5730 4 2 1 1 899 886 900 1345
5731 4 2 1 1 358 413 443 1391
5732 4 2 1 1 812 145 725 144
5733 4 2 1 1 502 561 551 1432
5734 4 2 1 1 625 94 95 502
5735 4 2 1 1 381 82 379 853
5736 4 2 1 1 138 712 137 648
5737 4 2 1 1 512 129 128 850
5738 4 2 1 1 655 900 1 131
5739 4 2 1 1 4 397 898 80
5740 4 2 1 1 2 383 665 728
5741 4 2 1 1 650 651 595 1309
5742 4 2 1 1 542 543 584 1446
5743 4 2 1 1 83 877 387 854
5744 4 2 1 1 642 589 669 1382
5745 4 2 1 1 61 727 393 728
5746 4 2 1 1 459 518 533 1444
5747 4 2 1 1 408 394 415 1422
5748 4 2 1 1 326 75 76 809
5749 4 2 1 1 427 445 367 1412
5750 4 2 1 1 76 77 324 810
5751 4 2 1 1 777 768 776 1454
5752 4 2 1 1 689 710 690 1381
5753 4 2 1 1 854 840 877 1449
5754 4 2 1 1 783 810 809 1457
5755 4 2 1 1 50 389 49 655
5756 4 2 1 1 97 96 522 602
5757 4 2 1 1 534 902 121 738
5758 4 2 1 1 366 367 345 1413
5759 4 2 1 1 99 98 529 608
5760 4 2 1 1 801 362 73 440
5761 4 2 1 1 815 3 143 403
5762 4 2 1 1 898 79 4 818
5763 4 2 1 1 87 86 826 402
5764 4 2 1 1 102 703 530 696
5765 4 2 1 1 340 74 75 798
5766 4 2 1 1 808 72 71 344
5767 4 2 1 1 902 8 121 738
5768 4 2 1 1 607 623 640 1408
5769 4 2 1 1 819 818 883 150
5770 4 2 1 1 737 7 707 148
5771 4 2 1 1 397 320 325 1359
5772 4 2 1 1 703 6 101 520
5773 4 2 1 1 703 142 6 623
5774 4 2 1 1 838 891 841 1430
5775 4 2 1 1 121 122 852 534
5776 4 2 1 1 706 736 148 147
5777 4 2 1 1 902 121 852 534
5778 4 2 1 1 55 56 385 669
5779 4 2 1 1 393 60 61 728
5780 4 2 1 1 127 128 862 539
5781 4 2 1 1 739 154 888 902
5782 4 2 1 1 462 119 519 822
5783 4 2 1 1 8 534 738 120
5784 4 2 1 1 153 889 152 767
5785 4 2 1 1 898 397 79 818
5786 4 2 1 1 815 68 3 403
5787 4 2 1 1 4 397 79 898
5788 4 2 1 1 95 625 502 578
5789 4 2 1 1 66 698 729 332
5790 4 2 1 1 805 804 808 1434
5791 4 2 1 1 818 149 883 150
5792 4 2 1 1 469 108 707 532
5793 4 2 1 1 397 396 320 1359
5794 4 2 1 1 58 57 616 392
5795 4 2 1 1 111 110 505 791
5796 4 2 1 1 465 464 455 1426
5797 4 2 1 1 57 56 585 386
5798 4 2 1 1 655 1 900 389
5799 4 2 1 1 709 105 106 515
5800 4 2 1 1 50 389 655 327
5801 4 2 1 1 664 526 90 610
5802 4 2 1 1 3 67 729 403
5803 4 2 1 1 492 494 493 1443
5804 4 2 1 1 367 445 345 1413
5805 4 2 1 1 891 838 901 1430
5806 4 2 1 1 123 124 864 516
5807 4 2 1 1 671 823 146 145
5808 4 2 1 1 136 896 656 135
5809 4 2 1 1 67 332 729 395
5810 4 2 1 1 130 526 5 879
5811 4 2 1 1 51 52 371 597
5812 4 2 1 1 469 107 106 689
5813 4 2 1 1 724 815 143 729
5814 4 2 1 1 89 900 389 388
5815 4 2 1 1 763 150 882 151
5816 4 2 1 1 572 127 126 870
5817 4 2 1 1 8 534 121 738
5818 4 2 1 1 465 92 91 609
5819 4 2 1 1 703 101 102 530
5820 4 2 1 1 650 606 663 1455
5821 4 2 1 1 383 60 393 728
5822 4 2 1 1 823 146 672 671
5823 4 2 1 1 135 895 657 134
5824 4 2 1 1 629 638 633 1445
5825 4 2 1 1 462 120 119 820
5826 4 2 1 1 79 78 817 325
5827 4 2 1 1 101 703 520 530
5828 4 2 1 1 122 123 851 518
5829 4 2 1 1 397 80 81 898
5830 4 2 1 1 71 70 807 400
5831 4 2 1 1 379 83 387 854
5832 4 2 1 1 804 803 808 1434
5833 4 2 1 1 87 88 375 867
5834 4 2 1 1 383 2 60 728
5835 4 2 1 1 772 774 823 1442
5836 4 2 1 1 98 97 523 618
5837 4 2 1 1 66 65 698 332
5838 4 2 1 1 665 137 2 728
5839 4 2 1 1 392 58 59 662
5840 4 2 1 1 700 64 63 334
5841 4 2 1 1 450 511 514 1433
5842 4 2 1 1 55 54 592 441
5843 4 2 1 1 815 143 144 724
5844 4 2 1 1 529 100 99 607
5845 4 2 1 1 823 146 147 672
5846 4 2 1 1 362 73 74 797
5847 4 2 1 1 499 566 498 1431
5848 4 2 1 1 749 114 115 499
5849 4 2 1 1 383 59 2 665
5850 4 2 1 1 436 84 85 874
5851 4 2 1 1 689 469 107 707
5852 4 2 1 1 103 102 536 697
5853 4 2 1 1 77 78 382 757
5854 4 2 1 1 625 96 611 578
5855 4 2 1 1 685 103 104 470
5856 4 2 1 1 520 6 100 623
5857 4 2 1 1 695 62 61 399
5858 4 2 1 1 900 1 89 389
5859 4 2 1 1 108 469 707 107
5860 4 2 1 1 125 126 869 573
5861 4 2 1 1 537 112 111 790
5862 4 2 1 1 816 69 68 390
5863 4 2 1 1 119 462 820 822
5864 4 2 1 1 379 82 83 854
5865 4 2 1 1 387 380 379 1449
5866 4 2 1 1 777 769 768 1454
5867 4 2 1 1 403 67 729 395
5868 4 2 1 1 5 879 664 136
5869 4 2 1 1 392 616 58 662
5870 4 2 1 1 110 109 527 821
5871 4 2 1 1 153 739 154 888
5872 4 2 1 1 49 1 655 389
5873 4 2 1 1 116 117 744 463
5874 4 2 1 1 332 67 729 66
5875 4 2 1 1 109 7 540 737
5876 4 2 1 1 540 7 108 707
5877 4 2 1 1 125 124 524 904
5878 4 2 1 1 69 70 368 758
5879 4 2 1 1 637 93 94 501
5880 4 2 1 1 149 883 898 818
5881 4 2 1 1 117 118 786 461
5882 4 2 1 1 688 63 62 333
5883 4 2 1 1 877 84 83 387
5884 4 2 1 1 51 50 596 328
5885 4 2 1 1 519 119 118 822
5886 4 2 1 1 625 95 96 578
5887 4 2 1 1 90 5 526 664
5888 4 2 1 1 761 151 881 152
5889 4 2 1 1 141 673 140 639
5890 4 2 1 1 149 898 4 818
5891 4 2 1 1 381 81 82 853
5892 4 2 1 1 114 113 577 754
5893 4 2 1 1 701 65 64 378
5894 4 2 1 1 108 532 540 707
5895 4 2 1 1 902 154 8 738
5896 4 2 1 1 651 53 52 364
5897 4 2 1 1 86 85 905 435
5898 4 2 1 1 801 73 72 440
5899 4 2 1 1 1194 340 793 1173
5900 4 2 1 1 1194 793 340 326
5901 4 2 1 1 1328 1431 1291 751
5902 4 2 1 1 1291 1431 1328 1167
5903 4 2 1 1 1414 1172 1331 1158
5904 4 2 1 1 1414 1331 1172 1242
5905 4 2 1 1 1328 1431 1372 1167
5906 4 2 1 1 1372 1431 1328 747
5907 4 2 1 1 1294 1237 1141 1194
5908 4 2 1 1 1141 1237 1294 1249
5909 4 2 1 1 1141 1266 1294 1194
5910 4 2 1 1 1294 1266 1141 1249
5911 4 2 1 1 1371 1138 1169 1256
5912 4 2 1 1 1371 1169 1138 1243
5913 4 2 1 1 1290 1268 1315 1150
5914 4 2 1 1 1290 1315 1268 1165
5915 4 2 1 1 1441 1151 1174 1317
5916 4 2 1 1 1441 1174 1151 1234
5917 4 2 1 1 1303 885 1345 1166
5918 4 2 1 1 1303 1345 885 827
5919 4 2 1 1 1345 867 388 899
5920 4 2 1 1 1345 388 867 375
5921 4 2 1 1 1265 667 1312 1225
5922 4 2 1 1 1265 1312 667 604
5923 4 2 1 1 614 1312 667 1225
5924 4 2 1 1 614 667 1312 604
5925 4 2 1 1 1236 416 1296 426
5926 4 2 1 1 1236 1296 416 1213
5927 4 2 1 1 1297 359 349 1245
5928 4 2 1 1 1297 349 359 422
5929 4 2 1 1 1272 490 1338 452
5930 4 2 1 1 1272 1338 490 1175
5931 4 2 1 1 1442 825 770 772
5932 4 2 1 1 1442 770 825 1170
5933 4 2 1 1 1338 490 579 546
5934 4 2 1 1 1338 579 490 1175
5935 4 2 1 1 1234 554 1394 547
5936 4 2 1 1 1234 1394 554 1232
5937 4 2 1 1 1338 859 871 1284
5938 4 2 1 1 1338 871 859 903
5939 4 2 1 1 440 1434 808 803
5940 4 2 1 1 808 1434 440 344
5941 4 2 1 1 1233 1415 1237 1140
5942 4 2 1 1 1237 1415 1233 1185
5943 4 2 1 1 1438 1335 1340 732
5944 4 2 1 1 1438 1340 1335 1163
5945 4 2 1 1 1427 490 1272 452
5946 4 2 1 1 1427 1272 490 1292
5947 4 2 1 1 789 1352 790 788
5948 4 2 1 1 790 1352 789 1347
5949 4 2 1 1 1339 1414 1222 1158
5950 4 2 1 1 1222 1414 1339 1246
5951 4 2 1 1 1414 1304 1222 1158
5952 4 2 1 1 1414 1222 1304 1190
5953 4 2 1 1 360 1245 358 359
5954 4 2 1 1 358 1245 360 1224
5955 4 2 1 1 620 501 1198 508
5956 4 2 1 1 1198 501 620 637
5957 4 2 1 1 554 1421 468 466
5958 4 2 1 1 468 1421 554 1232
5959 4 2 1 1 1323 1352 789 787
5960 4 2 1 1 789 1352 1323 1171
5961 4 2 1 1 1266 1300 1231 1162
5962 4 2 1 1 1231 1300 1266 1178
5963 4 2 1 1 1287 1327 1288 1178
5964 4 2 1 1 1288 1327 1287 1177
5965 4 2 1 1 1406 442 409 1176
5966 4 2 1 1 1406 409 442 353
5967 4 2 1 1 1457 782 1194 783
5968 4 2 1 1 1457 1194 782 1266
5969 4 2 1 1 784 1194 782 783
5970 4 2 1 1 784 782 1194 1266
5971 4 2 1 1 1425 427 1236 426
5972 4 2 1 1 1425 1236 427 1412
5973 4 2 1 1 313 1451 312 1204
5974 4 2 1 1 313 312 1451 1332
5975 4 2 1 1 1378 312 1451 1204
5976 4 2 1 1 1378 1451 312 1332
5977 4 2 1 1 1325 896 872 895
5978 4 2 1 1 1325 872 896 1239
5979 4 2 1 1 1389 1450 1153 1200
5980 4 2 1 1 1153 1450 1389 1242
5981 4 2 1 1 1266 756 781 782
5982 4 2 1 1 1266 781 756 1244
5983 4 2 1 1 1382 635 590 642
5984 4 2 1 1 1382 590 635 1179
5985 4 2 1 1 1442 722 1260 735
5986 4 2 1 1 1442 1260 722 1409
5987 4 2 1 1 1279 722 1260 1409
5988 4 2 1 1 1301 1306 1156 1202
5989 4 2 1 1 1301 1156 1306 1452
5990 4 2 1 1 1272 1385 1283 1175
5991 4 2 1 1 1283 1385 1272 1152
5992 4 2 1 1 1390 1344 1453 1195
5993 4 2 1 1 1390 1453 1344 1160
5994 4 2 1 1 1382 590 592 642
5995 4 2 1 1 1382 592 590 1305
5996 4 2 1 1 1409 1191 1381 1349
5997 4 2 1 1 1409 1381 1191 1229
5998 4 2 1 1 473 1324 1421 549
5999 4 2 1 1 1421 1324 473 1216
6000 4 2 1 1 1446 549 543 584
6001 4 2 1 1 1446 543 549 1324
6002 4 2 1 1 521 1225 544 523
6003 4 2 1 1 544 1225 521 1361
6004 4 2 1 1 1409 1206 1447 1279
6005 4 2 1 1 1409 1447 1206 1229
6006 4 2 1 1 1338 850 861 1272
6007 4 2 1 1 1338 861 850 862
6008 4 2 1 1 1353 1193 836 1318
6009 4 2 1 1 1387 836 1193 1318
6010 4 2 1 1 1416 714 699 1204
6011 4 2 1 1 1416 699 714 702
6012 4 2 1 1 1450 1153 1214 1242
6013 4 2 1 1 1450 1214 1153 1374
6014 4 2 1 1 1260 1447 1301 1156
6015 4 2 1 1 1301 1447 1260 1170
6016 4 2 1 1 519 777 1454 822
6017 4 2 1 1 519 1454 777 1267
6018 4 2 1 1 1276 436 337 1263
6019 4 2 1 1 1276 337 436 404
6020 4 2 1 1 1421 547 554 1234
6021 4 2 1 1 1421 554 547 466
6022 4 2 1 1 347 1333 348 339
6023 4 2 1 1 348 1333 347 1241
6024 4 2 1 1 1371 1363 1357 1169
6025 4 2 1 1 1371 1357 1363 1199
6026 4 2 1 1 1318 857 833 847
6027 4 2 1 1 1318 833 857 1223
6028 4 2 1 1 1427 512 452 1272
6029 4 2 1 1 1427 452 512 453
6030 4 2 1 1 328 626 50 596
6031 4 2 1 1 50 626 328 327
6032 4 2 1 1 1387 1353 836 835
6033 4 2 1 1 1387 836 1353 1193
6034 4 2 1 1 1364 503 482 479
6035 4 2 1 1 1364 482 503 1220
6036 4 2 1 1 1422 399 1435 394
6037 4 2 1 1 1422 1435 399 1238
6038 4 2 1 1 1405 1361 1199 1145
6039 4 2 1 1 1405 1199 1361 1217
6040 4 2 1 1 1360 1364 1362 1171
6041 4 2 1 1 1362 1364 1360 1220
6042 4 2 1 1 1355 559 576 497
6043 4 2 1 1 1355 576 559 1274
6044 4 2 1 1 328 597 1282 596
6045 4 2 1 1 1282 597 328 371
6046 4 2 1 1 1424 889 855 1288
6047 4 2 1 1 1424 855 889 880
6048 4 2 1 1 1410 1392 1208 1146
6049 4 2 1 1 1410 1208 1392 1207
6050 4 2 1 1 1430 1449 1162 1353
6051 4 2 1 1 1162 1449 1430 1320
6052 4 2 1 1 1366 133 661 894
6053 4 2 1 1 1366 661 133 644
6054 4 2 1 1 1408 696 530 703
6055 4 2 1 1 1408 530 696 1348
6056 4 2 1 1 828 1456 826 834
6057 4 2 1 1 826 1456 828 1303
6058 4 2 1 1 1338 127 539 572
6059 4 2 1 1 1338 539 127 862
6060 4 2 1 1 516 851 123 518
6061 4 2 1 1 516 123 851 864
6062 4 2 1 1 897 397 81 898
6063 4 2 1 1 897 81 397 396
6064 4 2 1 1 722 1260 730 1279
6065 4 2 1 1 722 730 1260 735
$EndElements
